behaviorSpaceRun,componentID,members,terr,mem,numPred,meanDist
1,1,,None,Individual,1,1.577777533307014
1,2,,None,Individual,1,21.607971060743424
1,3,,None,Individual,1,0.705614530187666
2,1,,None,Individual,1,26.570884809311266
2,2,,None,Individual,1,6.635490480989217
2,3,,None,Individual,1,1.625595157500201
3,1,,None,Individual,1,1.3848122123929658
3,2,,None,Individual,1,1.455468913231578
3,3,,None,Individual,1,NA
3,4,,None,Individual,1,NA
3,5,,None,Individual,1,0.5850971336909182
3,6,,None,Individual,1,NA
4,1,,None,Individual,1,24.142207711298024
4,2,,None,Individual,1,1.392593374401382
4,3,,None,Individual,1,1.4762576659900877
5,1,,None,Individual,1,4.997629091312864
5,2,,None,Individual,1,2.7796515707895004
5,3,,None,Individual,1,4.606163701227723
5,4,,None,Individual,1,NA
6,1,,None,Individual,1,1.527243155638394
6,2,,None,Individual,1,1.2321797911043115
6,3,,None,Individual,1,19.818337823843855
6,4,,None,Individual,1,2.724395394926635
7,1,,None,Individual,1,23.705397503064336
7,2,,None,Individual,1,1.4519750459002863
8,1,,None,Individual,1,1.7638267667311076
8,2,,None,Individual,1,9.46437991682498
8,3,,None,Individual,1,2.6808918992090973
8,4,,None,Individual,1,NA
8,5,,None,Individual,1,NA
8,6,,None,Individual,1,NA
9,1,,None,Individual,1,1.3316028253608507
9,2,,None,Individual,1,NA
9,3,,None,Individual,1,NA
9,4,,None,Individual,1,0.2699156349676656
9,5,,None,Individual,1,NA
9,6,,None,Individual,1,0.4912741679300759
9,7,,None,Individual,1,NA
9,8,,None,Individual,1,NA
9,9,,None,Individual,1,NA
9,10,,None,Individual,1,NA
10,1,,None,Individual,1,0.7330343889862657
10,2,,None,Individual,1,2.4467489709669303
10,3,,None,Individual,1,0.7141344017076825
10,4,,None,Individual,1,NA
10,5,,None,Individual,1,NA
10,6,,None,Individual,1,NA
10,7,,None,Individual,1,0.4438079764943388
11,1,,None,Individual,1,1.3351559484399442
11,2,,None,Individual,1,1.6546020568480093
11,3,,None,Individual,1,NA
12,1,,None,Individual,1,2.4350698405668227
12,2,,None,Individual,1,6.361237784175996
13,1,,None,Individual,1,NA
13,2,,None,Individual,1,1.8529899687388744
13,3,,None,Individual,1,NA
13,4,,None,Individual,1,0.6935132503865121
13,5,,None,Individual,1,1.2191287834980509
13,6,,None,Individual,1,NA
14,1,,None,Individual,1,1.4633426697677094
14,2,,None,Individual,1,NA
14,3,,None,Individual,1,3.0392517901490788
14,4,,None,Individual,1,3.181259486464479
14,5,,None,Individual,1,NA
14,6,,None,Individual,1,NA
15,1,,None,Individual,1,16.205556904890596
15,2,,None,Individual,1,1.956227480383557
15,3,,None,Individual,1,2.5041527451056522
16,1,,None,Individual,1,1.9118457797532682
16,2,,None,Individual,1,21.043882263563123
16,3,,None,Individual,1,0.4988528440331859
16,4,,None,Individual,1,0.603590622856253
17,1,,None,Individual,1,0.5638505606252766
17,2,,None,Individual,1,3.1981104550592163
17,3,,None,Individual,1,1.0744466475773624
18,1,,None,Individual,1,3.6888215459597564
18,2,,None,Individual,1,0.5678148025544907
18,3,,None,Individual,1,1.6306550631044683
19,1,,None,Individual,1,0.7510990557302074
19,2,,None,Individual,1,3.253322418621066
19,3,,None,Individual,1,0.5203888546077811
19,4,,None,Individual,1,3.3874650414630745
20,1,,None,Individual,1,1.9991257970207224
20,2,,None,Individual,1,1.6204681397781924
20,3,,None,Individual,1,1.3411023196496847
21,1,,None,Individual,1,14.651867402791577
21,2,,None,Individual,1,1.2004670312885521
21,3,,None,Individual,1,0.06078725195302165
22,1,,None,Individual,1,2.114838765679373
22,2,,None,Individual,1,0.7856768287305839
22,3,,None,Individual,1,2.7133139587244837
23,1,,None,Individual,1,2.04867243968126
23,2,,None,Individual,1,2.952210297277724
23,3,,None,Individual,1,2.572134148912145
24,1,,None,Individual,1,1.3078862798971718
24,2,,None,Individual,1,1.556207964278587
24,3,,None,Individual,1,1.9923330240397794
25,1,,None,Individual,1,1.757806410334743
25,2,,None,Individual,1,0.6696912061800613
25,3,,None,Individual,1,1.8743322679434447
25,4,,None,Individual,1,0.14323910080700608
26,1,,None,Individual,1,1.2680439631153892
26,2,,None,Individual,1,2.702538047953818
26,3,,None,Individual,1,58.18461314066482
26,4,,None,Individual,1,0.7590350176866852
27,1,,None,Individual,1,1.1687884186133242
27,2,,None,Individual,1,0.6932962117017554
27,3,,None,Individual,1,25.545130853674642
27,4,,None,Individual,1,NA
27,5,,None,Individual,1,NA
28,1,,None,Individual,1,1.402297544239749
28,2,,None,Individual,1,4.1472190441306545
28,3,,None,Individual,1,4.612412392280235
28,4,,None,Individual,1,NA
29,1,,None,Individual,1,0.3199081092009091
29,2,,None,Individual,1,3.2357493130869566
29,3,,None,Individual,1,NA
29,4,,None,Individual,1,NA
29,5,,None,Individual,1,NA
29,6,,None,Individual,1,NA
29,7,,None,Individual,1,NA
30,1,,None,Individual,1,1.1664276068739796
30,2,,None,Individual,1,16.79168577681718
31,1,,None,Individual,1,1.4401174752978945
31,2,,None,Individual,1,16.725229788652655
32,1,,None,Individual,1,1.78557102440984
32,2,,None,Individual,1,17.616588655181314
33,1,,None,Individual,1,0.7609235465038408
33,2,,None,Individual,1,0.5037941065947198
33,3,,None,Individual,1,1.1842933309151038
33,4,,None,Individual,1,NA
33,5,,None,Individual,1,NA
33,6,,None,Individual,1,NA
33,7,,None,Individual,1,NA
33,8,,None,Individual,1,3.0531767750983585
34,1,,None,Individual,1,1.501401793732151
34,2,,None,Individual,1,0.7394999730813251
34,3,,None,Individual,1,0.7352253056036627
34,4,,None,Individual,1,0.14598510197962203
34,5,,None,Individual,1,NA
34,6,,None,Individual,1,NA
34,7,,None,Individual,1,NA
35,1,,None,Individual,1,2.3300402703914123
35,2,,None,Individual,1,1.2254540075705695
35,3,,None,Individual,1,2.271819037897238
35,4,,None,Individual,1,30.213916388975456
36,1,,None,Individual,1,0.23904483898466278
36,2,,None,Individual,1,2.543068030885781
36,3,,None,Individual,1,NA
36,4,,None,Individual,1,1.1322892174574415
36,5,,None,Individual,1,NA
36,6,,None,Individual,1,NA
37,1,,None,Individual,1,3.3200077469357154
37,2,,None,Individual,1,2.701627114394639
37,3,,None,Individual,1,0.3210181614800015
38,1,,None,Individual,1,2.067422933447409
38,2,,None,Individual,1,1.554756145408554
39,1,,None,Individual,1,2.9083370889743465
39,2,,None,Individual,1,0.5061735957541166
39,3,,None,Individual,1,NA
39,4,,None,Individual,1,0.6253801403946239
39,5,,None,Individual,1,NA
40,1,,None,Individual,1,20.128347221335048
40,2,,None,Individual,1,1.319554091814059
41,1,,None,Individual,1,2.2833464259522143
41,2,,None,Individual,1,1.5465809619731017
41,3,,None,Individual,1,0.17744094792352927
41,4,,None,Individual,1,NA
41,5,,None,Individual,1,NA
41,6,,None,Individual,1,NA
42,1,,None,Individual,1,2.972903327009797
42,2,,None,Individual,1,5.073251621925764
43,1,,None,Individual,1,0.809573154577795
43,2,,None,Individual,1,0.8513911998118138
43,3,,None,Individual,1,2.8605051373393855
44,1,,None,Individual,1,0.6553310102575016
44,2,,None,Individual,1,32.04609403841324
44,3,,None,Individual,1,1.394846478776291
44,4,,None,Individual,1,1.4616029608693035
45,1,,None,Individual,1,0.5473949957560255
45,2,,None,Individual,1,0.7306177728679006
45,3,,None,Individual,1,3.1515319641082984
45,4,,None,Individual,1,7.5365020444837265
46,1,,None,Individual,1,1.7872588289118416
46,2,,None,Individual,1,1.2689141257409573
47,1,,None,Individual,1,1.0069263072975971
47,2,,None,Individual,1,2.5299972480637414
47,3,,None,Individual,1,0.8956262766309073
48,1,,None,Individual,1,0.18241811861764673
48,2,,None,Individual,1,3.3959744094027977
48,3,,None,Individual,1,3.0341021157776233
49,1,,None,Individual,1,5.902263600852011
49,2,,None,Individual,1,1.3688459198137224
49,3,,None,Individual,1,3.8539202346258556
49,4,,None,Individual,1,0.6445230321601176
50,1,,None,Individual,1,1.0748050218961513
50,2,,None,Individual,1,NA
50,3,,None,Individual,1,NA
50,4,,None,Individual,1,NA
50,5,,None,Individual,1,NA
50,6,,None,Individual,1,1.5564471897934589
50,7,,None,Individual,1,NA
51,1,,None,Individual,2,2.574554701877073
51,2,,None,Individual,2,1.0334804642981912
51,3,,None,Individual,2,NA
51,4,,None,Individual,2,NA
51,5,,None,Individual,2,0.819696888934006
52,1,,None,Individual,2,3.66107421363438
52,2,,None,Individual,2,4.1079212855852205
52,3,,None,Individual,2,1.128919883040389
52,4,,None,Individual,2,2.5209524013753213
52,5,,None,Individual,2,2.9752065407295665
52,6,,None,Individual,2,NA
53,1,,None,Individual,2,1.8421280765428443
53,2,,None,Individual,2,1.1718724277295918
53,3,,None,Individual,2,NA
53,4,,None,Individual,2,NA
53,5,,None,Individual,2,NA
54,1,,None,Individual,2,5.138256374845012
54,2,,None,Individual,2,1.464617248669618
54,3,,None,Individual,2,1.265242654046633
54,4,,None,Individual,2,0.2944899744937674
55,1,,None,Individual,2,3.3170643456406443
55,2,,None,Individual,2,1.2005112839651513
55,3,,None,Individual,2,1.2786313325675456
55,4,,None,Individual,2,1.5836952527954427
55,5,,None,Individual,2,3.8799460091497897
55,6,,None,Individual,2,NA
55,7,,None,Individual,2,94.64272402356136
55,8,,None,Individual,2,NA
56,1,,None,Individual,2,0.9593940506333977
56,2,,None,Individual,2,0.9248691531984644
56,3,,None,Individual,2,0.4994517494213028
56,4,,None,Individual,2,15.219469203712714
57,1,,None,Individual,2,2.149903769905182
57,2,,None,Individual,2,22.799801678523433
57,3,,None,Individual,2,1.103935877282858
57,4,,None,Individual,2,0.9666048306327528
58,1,,None,Individual,2,5.94781448984198
58,2,,None,Individual,2,0.02757716446627212
59,1,,None,Individual,2,14.443191473826289
59,2,,None,Individual,2,1.2168239679966641
59,3,,None,Individual,2,0.5115906461149294
60,1,,None,Individual,2,1.4640386136220669
60,2,,None,Individual,2,66.37917014342811
60,3,,None,Individual,2,1.25340659276202
60,4,,None,Individual,2,0.9679541554419916
61,1,,None,Individual,2,1.7450632709532385
61,2,,None,Individual,2,NA
61,3,,None,Individual,2,0.06931413997158205
61,4,,None,Individual,2,NA
61,5,,None,Individual,2,NA
61,6,,None,Individual,2,0.9512785343946324
61,7,,None,Individual,2,NA
61,8,,None,Individual,2,NA
62,1,,None,Individual,2,0.7907007193251918
62,2,,None,Individual,2,0.9816085486320528
62,3,,None,Individual,2,41.99146418124036
62,4,,None,Individual,2,0.8423919602883657
63,1,,None,Individual,2,0.6981820463880154
63,2,,None,Individual,2,0.8813042720876821
63,3,,None,Individual,2,NA
63,4,,None,Individual,2,1.964156489308959
63,5,,None,Individual,2,0.7842004148732112
64,1,,None,Individual,2,2.312364766438273
64,2,,None,Individual,2,23.099745642238652
64,3,,None,Individual,2,1.4314060372279283
65,1,,None,Individual,2,0.4387518774888606
65,2,,None,Individual,2,1.166730956968612
65,3,,None,Individual,2,60.48891227398621
65,4,,None,Individual,2,2.1342913908988175
66,1,,None,Individual,2,2.252505122790972
66,2,,None,Individual,2,3.386414476136358
67,1,,None,Individual,2,1.2329413145881736
67,2,,None,Individual,2,NA
67,3,,None,Individual,2,0.9352603999408702
67,4,,None,Individual,2,0.6299066169472924
67,5,,None,Individual,2,0.7797487779207262
67,6,,None,Individual,2,NA
67,7,,None,Individual,2,NA
68,1,,None,Individual,2,NA
68,2,,None,Individual,2,4.614654902839212
68,3,,None,Individual,2,2.5866246673995876
68,4,,None,Individual,2,NA
68,5,,None,Individual,2,NA
68,6,,None,Individual,2,NA
68,7,,None,Individual,2,0.9131231568391304
68,8,,None,Individual,2,NA
69,1,,None,Individual,2,1.1815385275951316
69,2,,None,Individual,2,1.8091106310136784
69,3,,None,Individual,2,13.277366374741456
70,1,,None,Individual,2,19.152977631745504
70,2,,None,Individual,2,0.5931743685172417
70,3,,None,Individual,2,0.8094479603608662
70,4,,None,Individual,2,0.568908544466369
71,1,,None,Individual,2,3.055834657647016
71,2,,None,Individual,2,9.128860843847784
71,3,,None,Individual,2,2.0359393334035603
72,1,,None,Individual,2,0.9586837189531833
72,2,,None,Individual,2,0.4451748566520446
72,3,,None,Individual,2,3.76316780711354
72,4,,None,Individual,2,80.46574530649671
72,5,,None,Individual,2,NA
72,6,,None,Individual,2,NA
72,7,,None,Individual,2,NA
73,1,,None,Individual,2,17.66450543047971
73,2,,None,Individual,2,1.1778633144086506
73,3,,None,Individual,2,0.0971442226794775
74,1,,None,Individual,2,1.739536314016357
74,2,,None,Individual,2,1.7195307432731104
74,3,,None,Individual,2,NA
74,4,,None,Individual,2,NA
74,5,,None,Individual,2,NA
74,6,,None,Individual,2,NA
75,1,,None,Individual,2,1.5573859366909002
75,2,,None,Individual,2,0.45974987220185354
75,3,,None,Individual,2,17.55599706292567
75,4,,None,Individual,2,0.4925418256351421
76,1,,None,Individual,2,0.1295038609463084
76,2,,None,Individual,2,18.428469051892847
77,1,,None,Individual,2,1.0207792783215963
77,2,,None,Individual,2,67.81272040502431
77,3,,None,Individual,2,1.185197149754861
77,4,,None,Individual,2,0.3868481090672157
77,5,,None,Individual,2,NA
77,6,,None,Individual,2,NA
78,1,,None,Individual,2,8.211540679763617
78,2,,None,Individual,2,16.35693472999528
79,1,,None,Individual,2,2.9288528104721654
79,2,,None,Individual,2,0.580602777979287
79,3,,None,Individual,2,NA
80,1,,None,Individual,2,2.4435113451132255
80,2,,None,Individual,2,43.906399682856645
80,3,,None,Individual,2,0.7629771812105025
80,4,,None,Individual,2,1.7425823292941605
80,5,,None,Individual,2,1.7194042652138595
81,1,,None,Individual,2,1.6363358587394532
81,2,,None,Individual,2,1.3750438334255817
81,3,,None,Individual,2,1.1400459331862072
81,4,,None,Individual,2,0.6232175106641545
82,1,,None,Individual,2,4.267504437816831
82,2,,None,Individual,2,2.1500180735723537
83,1,,None,Individual,2,3.7391509054395295
83,2,,None,Individual,2,0.8285687705591718
83,3,,None,Individual,2,0.9141764873371008
84,1,,None,Individual,2,4.8892143685533265
84,2,,None,Individual,2,1.9233508061270004
84,3,,None,Individual,2,1.6445064426751264
85,1,,None,Individual,2,3.641919199328352
85,2,,None,Individual,2,1.2301933397924982
85,3,,None,Individual,2,1.2181610757586137
86,1,,None,Individual,2,0.9869207315357165
86,2,,None,Individual,2,19.671707678661228
86,3,,None,Individual,2,2.0350254036727016
86,4,,None,Individual,2,0.6199751581921336
86,5,,None,Individual,2,0.41136403783210646
87,1,,None,Individual,2,9.218802819609426
87,2,,None,Individual,2,0.612710856410552
87,3,,None,Individual,2,1.5905148579092545
88,1,,None,Individual,2,1.2509056342652765
88,2,,None,Individual,2,22.998072349723618
88,3,,None,Individual,2,1.1114720964128053
89,1,,None,Individual,2,3.127782448777081
89,2,,None,Individual,2,1.4070692233462516
89,3,,None,Individual,2,17.888465068305887
89,4,,None,Individual,2,NA
89,5,,None,Individual,2,NA
89,6,,None,Individual,2,NA
90,1,,None,Individual,2,1.4935860111551946
90,2,,None,Individual,2,1.6450048588126405
90,3,,None,Individual,2,0.5363576961318608
91,1,,None,Individual,2,2.54804928686485
91,2,,None,Individual,2,NA
91,3,,None,Individual,2,NA
91,4,,None,Individual,2,NA
91,5,,None,Individual,2,NA
91,6,,None,Individual,2,NA
91,7,,None,Individual,2,NA
92,1,,None,Individual,2,1.4547274485501225
92,2,,None,Individual,2,2.009175940429813
93,1,,None,Individual,2,1.7399452515339393
93,2,,None,Individual,2,1.4703576824162186
93,3,,None,Individual,2,0.4505610946364513
94,1,,None,Individual,2,20.67034609278054
94,2,,None,Individual,2,2.2156770828738974
94,3,,None,Individual,2,1.9468753588303935
95,1,,None,Individual,2,5.141008663037402
95,2,,None,Individual,2,0.3175572588979884
96,1,,None,Individual,2,2.20234042733009
96,2,,None,Individual,2,NA
96,3,,None,Individual,2,0.3683733567998586
96,4,,None,Individual,2,1.5757145172904852
96,5,,None,Individual,2,NA
96,6,,None,Individual,2,NA
96,7,,None,Individual,2,NA
96,8,,None,Individual,2,NA
97,1,,None,Individual,2,2.460861961927998
97,2,,None,Individual,2,3.1955732438295903
98,1,,None,Individual,2,1.5309459797764455
98,2,,None,Individual,2,9.3625517907983
99,1,,None,Individual,2,3.612138171849148
99,2,,None,Individual,2,1.5097225499589826
99,3,,None,Individual,2,NA
99,4,,None,Individual,2,NA
100,1,,None,Individual,2,1.8155156343166117
100,2,,None,Individual,2,NA
100,3,,None,Individual,2,1.4089486106294293
100,4,,None,Individual,2,NA
100,5,,None,Individual,2,0.6505226622217413
101,1,,None,Individual,3,1.3614078517303532
101,2,,None,Individual,3,4.406700140085271
101,3,,None,Individual,3,1.1754046372840785
101,4,,None,Individual,3,59.24556605806041
102,1,,None,Individual,3,6.2996444301926156
102,2,,None,Individual,3,1.4081380158296843
102,3,,None,Individual,3,2.459779784258779
103,1,,None,Individual,3,1.6599327737349698
103,2,,None,Individual,3,1.6083291549681848
103,3,,None,Individual,3,24.40305146527991
103,4,,None,Individual,3,NA
103,5,,None,Individual,3,NA
104,1,,None,Individual,3,1.117955939848365
104,2,,None,Individual,3,2.5635775680835584
104,3,,None,Individual,3,4.085826283821751
105,1,,None,Individual,3,2.0398875639802467
105,2,,None,Individual,3,0.9540975833820285
105,3,,None,Individual,3,0.426000932228102
105,4,,None,Individual,3,NA
105,5,,None,Individual,3,70.07634668573984
106,1,,None,Individual,3,0.48134655875373467
106,2,,None,Individual,3,NA
106,3,,None,Individual,3,1.5704181292137356
106,4,,None,Individual,3,1.2415045950259125
106,5,,None,Individual,3,NA
106,6,,None,Individual,3,NA
107,1,,None,Individual,3,1.181770951460267
107,2,,None,Individual,3,10.470478922475527
108,1,,None,Individual,3,1.6658174240880836
108,2,,None,Individual,3,7.947346801961222
109,1,,None,Individual,3,1.987290632908198
109,2,,None,Individual,3,1.7396131447532757
109,3,,None,Individual,3,1.7908456652484208
110,1,,None,Individual,3,0.04271873125456781
110,2,,None,Individual,3,2.723994618705963
110,3,,None,Individual,3,NA
110,4,,None,Individual,3,NA
111,1,,None,Individual,3,NA
111,2,,None,Individual,3,2.226532851263875
111,3,,None,Individual,3,1.1884900753956882
111,4,,None,Individual,3,0.661541746178953
111,5,,None,Individual,3,1.3733127830177645
111,6,,None,Individual,3,NA
112,1,,None,Individual,3,5.022428196330293
112,2,,None,Individual,3,NA
112,3,,None,Individual,3,NA
112,4,,None,Individual,3,0.7825503865533912
112,5,,None,Individual,3,NA
112,6,,None,Individual,3,NA
112,7,,None,Individual,3,NA
113,1,,None,Individual,3,21.854036921513384
113,2,,None,Individual,3,1.9427655475040195
113,3,,None,Individual,3,0.0295149114855538
114,1,,None,Individual,3,1.128789292403865
114,2,,None,Individual,3,2.7873061936983734
114,3,,None,Individual,3,0.9518880842488701
115,1,,None,Individual,3,0.2816249890900013
115,2,,None,Individual,3,0.6230493486449078
115,3,,None,Individual,3,0.8597575185927923
115,4,,None,Individual,3,34.99494182714817
115,5,,None,Individual,3,0.5524187616436679
115,6,,None,Individual,3,0.9387128566219466
116,1,,None,Individual,3,1.4197338711107763
116,2,,None,Individual,3,0.93036587960424455
116,3,,None,Individual,3,0.3700556985103724
117,1,,None,Individual,3,0.732117435934973
117,2,,None,Individual,3,NA
117,3,,None,Individual,3,NA
117,4,,None,Individual,3,NA
117,5,,None,Individual,3,0.4940927309118951
117,6,,None,Individual,3,NA
117,7,,None,Individual,3,1.666592785884781
117,8,,None,Individual,3,0.8935453237939145
117,9,,None,Individual,3,45.97939148772558
118,1,,None,Individual,3,1.9970928572650257
118,2,,None,Individual,3,5.257541460021012
118,3,,None,Individual,3,6.070684547405466
119,1,,None,Individual,3,2.6677893357830125
119,2,,None,Individual,3,10.087051935057344
120,1,,None,Individual,3,2.8386184148477818
120,2,,None,Individual,3,4.938444185166011
120,3,,None,Individual,3,3.4994700249681667
121,1,,None,Individual,3,2.222950986155835
121,2,,None,Individual,3,0.6375146828566747
121,3,,None,Individual,3,1.1706335764973472
121,4,,None,Individual,3,84.98756996749583
122,1,,None,Individual,3,5.901164506809988
122,2,,None,Individual,3,1.3195909393890484
122,3,,None,Individual,3,7.183424434632336
123,1,,None,Individual,3,0.8236050678292443
123,2,,None,Individual,3,NA
123,3,,None,Individual,3,0.48761376200060536
123,4,,None,Individual,3,4.94229228614156
123,5,,None,Individual,3,3.909463243889098
123,6,,None,Individual,3,NA
124,1,,None,Individual,3,0.4526524010460825
124,2,,None,Individual,3,1.1496951227973051
124,3,,None,Individual,3,51.66721164785578
124,4,,None,Individual,3,3.418234748856941
125,1,,None,Individual,3,1.7507056805822852
125,2,,None,Individual,3,8.937762533172688
125,3,,None,Individual,3,0.8926724483258144
126,1,,None,Individual,3,9.976018088075794
126,2,,None,Individual,3,0.13458562330352897
127,1,,None,Individual,3,NA
127,2,,None,Individual,3,NA
127,3,,None,Individual,3,NA
127,4,,None,Individual,3,1.7264167862447342
127,5,,None,Individual,3,NA
127,6,,None,Individual,3,NA
127,7,,None,Individual,3,2.236162966057665
128,1,,None,Individual,3,3.8230599760843615
128,2,,None,Individual,3,7.055434953323494
128,3,,None,Individual,3,0.4403546298155593
129,1,,None,Individual,3,9.035631791813405
129,2,,None,Individual,3,14.053287596542884
130,1,,None,Individual,3,16.7510471573116
130,2,,None,Individual,3,2.458139414406189
131,1,,None,Individual,3,1.9448192866609617
131,2,,None,Individual,3,1.1048716829674863
131,3,,None,Individual,3,59.34494561468567
132,1,,None,Individual,3,2.501169321227508
132,2,,None,Individual,3,13.878364665130196
132,3,,None,Individual,3,0.6744016248851291
133,1,,None,Individual,3,2.5441986717918272
133,2,,None,Individual,3,20.736108442491513
134,1,,None,Individual,3,1.0118110681597154
134,2,,None,Individual,3,59.280281602361065
134,3,,None,Individual,3,1.3872277147302832
134,4,,None,Individual,3,4.4170307928627475
134,5,,None,Individual,3,8.377322341297365
135,1,,None,Individual,3,25.163547757766416
135,2,,None,Individual,3,4.501957559933202
136,1,,None,Individual,3,1.1150165608644784
136,2,,None,Individual,3,1.2580287343809984
136,3,,None,Individual,3,1.3885143968383589
136,4,,None,Individual,3,77.52584052430518
137,1,,None,Individual,3,2.814021189267164
137,2,,None,Individual,3,51.70826057719802
137,3,,None,Individual,3,1.5346542022496195
138,1,,None,Individual,3,6.975468373738339
138,2,,None,Individual,3,8.687420297660353
139,1,,None,Individual,3,54.47023116014579
139,2,,None,Individual,3,2.3687806659575705
139,3,,None,Individual,3,1.0303399526155221
139,4,,None,Individual,3,0.5771720504658581
139,5,,None,Individual,3,0.1928708635330871
140,1,,None,Individual,3,2.081308845046807
140,2,,None,Individual,3,1.584720548672336
140,3,,None,Individual,3,0.7454442304736228
140,4,,None,Individual,3,NA
140,5,,None,Individual,3,NA
140,6,,None,Individual,3,NA
141,1,,None,Individual,3,2.260551188999923
141,2,,None,Individual,3,1.4287241903807912
142,1,,None,Individual,3,4.338509860219675
142,2,,None,Individual,3,1.5339950780765461
143,1,,None,Individual,3,10.21348260063344
143,2,,None,Individual,3,0.05749478237196952
144,1,,None,Individual,3,NA
144,2,,None,Individual,3,5.047155460618585
144,3,,None,Individual,3,0.16712525243062554
144,4,,None,Individual,3,0.3818424417241136
144,5,,None,Individual,3,NA
144,6,,None,Individual,3,1.3610893960067165
144,7,,None,Individual,3,NA
145,1,,None,Individual,3,26.57917522146659
145,2,,None,Individual,3,2.6194343576078345
146,1,,None,Individual,3,0.46807603307341167
146,2,,None,Individual,3,0.618146638027813
146,3,,None,Individual,3,1.8264650212503364
146,4,,None,Individual,3,0.43377262477016615
146,5,,None,Individual,3,0.7294147203178788
146,6,,None,Individual,3,NA
146,7,,None,Individual,3,NA
146,8,,None,Individual,3,NA
147,1,,None,Individual,3,1.8481208549838932
147,2,,None,Individual,3,0.6404353820087254
147,3,,None,Individual,3,50.53685010376092
147,4,,None,Individual,3,1.726235808833895
148,1,,None,Individual,3,2.231916666698438
148,2,,None,Individual,3,2.4907787417617957
148,3,,None,Individual,3,1.3395151662893536
149,1,,None,Individual,3,2.600455201561399
149,2,,None,Individual,3,0.7820572560881103
149,3,,None,Individual,3,31.77575755145258
149,4,,None,Individual,3,NA
150,1,,None,Individual,3,0.7881932551715444
150,2,,None,Individual,3,3.9405598420372474
150,3,,None,Individual,3,35.39328454707928
150,4,,None,Individual,3,3.170338459177117
151,1,,None,Individual,4,10.879095713975873
151,2,,None,Individual,4,4.0526472876049695
152,1,,None,Individual,4,14.842635787294954
152,2,,None,Individual,4,1.3416152124471505
152,3,,None,Individual,4,0.8005920679968812
153,1,,None,Individual,4,7.531241854346862
153,2,,None,Individual,4,1.7759763127372061
153,3,,None,Individual,4,2.091335365263068
153,4,,None,Individual,4,NA
154,1,,None,Individual,4,20.00758320304749
154,2,,None,Individual,4,3.0033204489751437
154,3,,None,Individual,4,0.6450342081378987
155,1,,None,Individual,4,10.236994488058551
155,2,,None,Individual,4,1.7242938212363685
155,3,,None,Individual,4,1.3965446148299612
156,1,,None,Individual,4,13.297494479321651
156,2,,None,Individual,4,0.9985099581428787
157,1,,None,Individual,4,1.7133978873196778
157,2,,None,Individual,4,0.8226947107399286
157,3,,None,Individual,4,NA
157,4,,None,Individual,4,NA
157,5,,None,Individual,4,NA
157,6,,None,Individual,4,4.3811200508905594
157,7,,None,Individual,4,NA
158,1,,None,Individual,4,27.137985259013963
158,2,,None,Individual,4,1.9311603466181149
159,1,,None,Individual,4,1.4474441462014345
159,2,,None,Individual,4,15.538812955814388
159,3,,None,Individual,4,0.5998979465649905
159,4,,None,Individual,4,NA
160,1,,None,Individual,4,1.2011450041005551
160,2,,None,Individual,4,1.4163316838243571
160,3,,None,Individual,4,1.6885480113211664
160,4,,None,Individual,4,73.681107851131
161,1,,None,Individual,4,2.195670092155282
161,2,,None,Individual,4,24.742138236997203
161,3,,None,Individual,4,3.8680216465816213
161,4,,None,Individual,4,NA
161,5,,None,Individual,4,NA
162,1,,None,Individual,4,0.839742250905547
162,2,,None,Individual,4,1.6746540612937972
162,3,,None,Individual,4,15.548244027798656
162,4,,None,Individual,4,0.07326022112988932
163,1,,None,Individual,4,1.152210348639681
163,2,,None,Individual,4,1.5114182818241633
163,3,,None,Individual,4,NA
163,4,,None,Individual,4,1.7781998303115158
163,5,,None,Individual,4,NA
163,6,,None,Individual,4,NA
164,1,,None,Individual,4,1.4391472917965573
164,2,,None,Individual,4,0.6533534936818389
164,3,,None,Individual,4,1.9770943797787215
164,4,,None,Individual,4,NA
165,1,,None,Individual,4,2.36567229432387
165,2,,None,Individual,4,NA
165,3,,None,Individual,4,0.02573907535246704
165,4,,None,Individual,4,NA
166,1,,None,Individual,4,21.43959015044293
166,2,,None,Individual,4,0.6604418343910748
166,3,,None,Individual,4,26.671284986274102
166,4,,None,Individual,4,0.17744463925404763
167,1,,None,Individual,4,24.163365109154192
167,2,,None,Individual,4,0.10904677895289176
167,3,,None,Individual,4,3.8919178089062543
168,1,,None,Individual,4,0.7706289010497842
168,2,,None,Individual,4,20.687324858412
168,3,,None,Individual,4,0.7077207411872016
169,1,,None,Individual,4,1.1819295197760253
169,2,,None,Individual,4,8.155682212686163
169,3,,None,Individual,4,2.2662934203579983
170,1,,None,Individual,4,32.19795675655258
170,2,,None,Individual,4,2.0903942283478756
170,3,,None,Individual,4,2.047009684870037
170,4,,None,Individual,4,0.08297674372979215
171,1,,None,Individual,4,64.5802635619623
171,2,,None,Individual,4,1.7719208145474907
171,3,,None,Individual,4,1.89149646042646
172,1,,None,Individual,4,2.139149637386704
172,2,,None,Individual,4,1.3383341779342344
172,3,,None,Individual,4,1.4686158465631043
173,1,,None,Individual,4,0.6006717606241635
173,2,,None,Individual,4,2.4911963123278325
173,3,,None,Individual,4,1.5853697317402786
173,4,,None,Individual,4,NA
174,1,,None,Individual,4,1.1936805809241406
174,2,,None,Individual,4,0.46835453955958556
174,3,,None,Individual,4,0.05396452538473687
174,4,,None,Individual,4,11.275250308455817
175,1,,None,Individual,4,4.3203328352606
175,2,,None,Individual,4,0.6119949918127834
175,3,,None,Individual,4,3.157000674611602
176,1,,None,Individual,4,19.69127568695366
176,2,,None,Individual,4,3.4195303058434203
177,1,,None,Individual,4,18.53797415981608
177,2,,None,Individual,4,0.14711933931336155
177,3,,None,Individual,4,3.200424521901621
178,1,,None,Individual,4,52.942964001495625
178,2,,None,Individual,4,1.8103477265041548
178,3,,None,Individual,4,1.0536423393212173
179,1,,None,Individual,4,1.1078807138572109
179,2,,None,Individual,4,NA
179,3,,None,Individual,4,0.1945880006577985
179,4,,None,Individual,4,NA
179,5,,None,Individual,4,2.60361108772464
179,6,,None,Individual,4,NA
179,7,,None,Individual,4,NA
180,1,,None,Individual,4,6.4514483030130405
180,2,,None,Individual,4,2.949857015700476
180,3,,None,Individual,4,NA
180,4,,None,Individual,4,NA
181,1,,None,Individual,4,1.692246355240178
181,2,,None,Individual,4,14.287057139979792
182,1,,None,Individual,4,20.415694653195295
182,2,,None,Individual,4,1.6376110649357498
182,3,,None,Individual,4,0.05287664891045438
183,1,,None,Individual,4,1.1396273546863078
183,2,,None,Individual,4,11.38202107376839
183,3,,None,Individual,4,3.890457337824696
184,1,,None,Individual,4,NA
184,2,,None,Individual,4,1.628019066437625
184,3,,None,Individual,4,NA
184,4,,None,Individual,4,NA
184,5,,None,Individual,4,1.5950112171446025
185,1,,None,Individual,4,28.915545166174752
185,2,,None,Individual,4,5.33741376183251
186,1,,None,Individual,4,17.444019390560243
186,2,,None,Individual,4,1.882156278277481
186,3,,None,Individual,4,0.7938591214619195
187,1,,None,Individual,4,1.282122113255188
187,2,,None,Individual,4,1.8271086415467117
187,3,,None,Individual,4,1.3561586291601428
187,4,,None,Individual,4,48.236350136425216
188,1,,None,Individual,4,29.75632923268954
188,2,,None,Individual,4,2.156290720993516
188,3,,None,Individual,4,1.6401287275658654
189,1,,None,Individual,4,10.010291312350788
189,2,,None,Individual,4,0.03580195525386855
190,1,,None,Individual,4,1.1080760127355898
190,2,,None,Individual,4,1.9764402375796382
190,3,,None,Individual,4,1.0395223842249184
190,4,,None,Individual,4,0.8637712468489966
191,1,,None,Individual,4,45.599157669478124
191,2,,None,Individual,4,3.221062340404605
191,3,,None,Individual,4,0.5153621379471284
192,1,,None,Individual,4,6.729736520845374
192,2,,None,Individual,4,3.92470763661346
192,3,,None,Individual,4,2.595952389677876
192,4,,None,Individual,4,1.3893635568952831
193,1,,None,Individual,4,0.7099705346978558
193,2,,None,Individual,4,1.998373708267454
193,3,,None,Individual,4,2.7534019973061383
193,4,,None,Individual,4,58.78625594175904
193,5,,None,Individual,4,4.864007938987845
194,1,,None,Individual,4,1.2421751356997977
194,2,,None,Individual,4,0.88488038587797
194,3,,None,Individual,4,0.8358059164662558
194,4,,None,Individual,4,9.29754024797647
195,1,,None,Individual,4,3.8379251817827686
195,2,,None,Individual,4,1.9574470307411
196,1,,None,Individual,4,14.292282752302542
196,2,,None,Individual,4,12.641511793601849
196,3,,None,Individual,4,2.240185873073521
197,1,,None,Individual,4,1.5558038887171795
197,2,,None,Individual,4,2.8391493547079176
197,3,,None,Individual,4,8.335866482243427
197,4,,None,Individual,4,26.56553156827769
198,1,,None,Individual,4,44.944373226557545
198,2,,None,Individual,4,0.5778298227787226
198,3,,None,Individual,4,2.6756741876987586
198,4,,None,Individual,4,1.0341330862403286
199,1,,None,Individual,4,1.309969407274123
199,2,,None,Individual,4,1.4896881645826072
199,3,,None,Individual,4,23.205071695859935
199,4,,None,Individual,4,NA
199,5,,None,Individual,4,NA
200,1,,None,Individual,4,10.517271070792628
200,2,,None,Individual,4,0.09746240300751882
1,1,,None,None,1,4.862005180946529
1,2,,None,None,1,1.9826723863917455
2,1,,None,None,1,4.149392884144388
2,2,,None,None,1,0.7153047049305495
2,3,,None,None,1,0.8181537430459401
3,1,,None,None,1,1.5378619865751595
3,2,,None,None,1,1.112777362011759
3,3,,None,None,1,1.0976193597861232
4,1,,None,None,1,0.9569133385930947
4,2,,None,None,1,1.4440357672925435
4,3,,None,None,1,3.5860996492250776
4,4,,None,None,1,NA
4,5,,None,None,1,NA
5,1,,None,None,1,3.150540337791312
5,2,,None,None,1,5.838556144180226
5,3,,None,None,1,1.1915820820496827
6,1,,None,None,1,1.0797043549785346
6,2,,None,None,1,1.6629259273942427
6,3,,None,None,1,0.7854577802090984
6,4,,None,None,1,0.5789745514162644
6,5,,None,None,1,65.78604385262881
6,6,,None,None,1,NA
7,1,,None,None,1,1.7271520381798875
7,2,,None,None,1,1.8295644873100751
7,3,,None,None,1,0.9528251700321996
8,1,,None,None,1,2.335872621614599
8,2,,None,None,1,0.8314696865063946
8,3,,None,None,1,1.0976935893669686
8,4,,None,None,1,0.43986993842596794
9,1,,None,None,1,1.1211678932565499
9,2,,None,None,1,1.5124241781836323
9,3,,None,None,1,0.24485058709343527
10,1,,None,None,1,1.3319831652079652
10,2,,None,None,1,1.0321192625070619
10,3,,None,None,1,2.7831753662715495
10,4,,None,None,1,NA
11,1,,None,None,1,1.4488037270638283
11,2,,None,None,1,0.9849933017939125
11,3,,None,None,1,10.104265409580597
12,1,,None,None,1,0.7556517280716495
12,2,,None,None,1,0.8955614999516587
12,3,,None,None,1,0.8900384265504443
12,4,,None,None,1,46.08687035137619
13,1,,None,None,1,2.5902894338477336
13,2,,None,None,1,2.508674261707455
14,1,,None,None,1,2.747950553106479
14,2,,None,None,1,1.4389729048957525
14,3,,None,None,1,NA
15,1,,None,None,1,1.0430654870003704
15,2,,None,None,1,NA
15,3,,None,None,1,1.356342714513236
15,4,,None,None,1,NA
15,5,,None,None,1,NA
15,6,,None,None,1,NA
15,7,,None,None,1,NA
15,8,,None,None,1,NA
16,1,,None,None,1,1.9674906069211995
16,2,,None,None,1,1.263648063861193
16,3,,None,None,1,NA
16,4,,None,None,1,NA
17,1,,None,None,1,1.806499244950527
17,2,,None,None,1,1.1569945574747245
17,3,,None,None,1,0.7003690042213679
17,4,,None,None,1,NA
18,1,,None,None,1,1.1192718900659808
18,2,,None,None,1,2.2178674014839483
18,3,,None,None,1,0.6419463956655066
18,4,,None,None,1,67.90327310292193
18,5,,None,None,1,0.3188966544008319
19,1,,None,None,1,27.516382972827316
19,2,,None,None,1,2.00974227459305
20,1,,None,None,1,2.0064595872721096
20,2,,None,None,1,3.037669147553761
20,3,,None,None,1,1.5859252439982905
21,1,,None,None,1,1.465949390561151
21,2,,None,None,1,11.803338649479208
21,3,,None,None,1,2.0085919822155414
22,1,,None,None,1,1.5944911714980046
22,2,,None,None,1,1.186900788034948
22,3,,None,None,1,NA
22,4,,None,None,1,1.5850192172348436
22,5,,None,None,1,NA
22,6,,None,None,1,NA
23,1,,None,None,1,1.5080439696434582
23,2,,None,None,1,0.935134078891757
23,3,,None,None,1,1.1054349299336184
23,4,,None,None,1,1.0841743429193764
24,1,,None,None,1,2.3369583319945515
24,2,,None,None,1,1.196053426947356
24,3,,None,None,1,NA
24,4,,None,None,1,NA
24,5,,None,None,1,NA
24,6,,None,None,1,NA
25,1,,None,None,1,1.1563207031321256
25,2,,None,None,1,2.6727963496969696
25,3,,None,None,1,NA
25,4,,None,None,1,NA
25,5,,None,None,1,NA
25,6,,None,None,1,0.14263355145266368
26,1,,None,None,1,7.425320427609683
26,2,,None,None,1,NA
26,3,,None,None,1,1.0228636481044655
26,4,,None,None,1,1.2531770598685987
26,5,,None,None,1,NA
26,6,,None,None,1,NA
27,1,,None,None,1,2.0560511441887233
27,2,,None,None,1,2.1101566477166798
27,3,,None,None,1,1.5524760811497673
28,1,,None,None,1,18.080817537730017
28,2,,None,None,1,1.8332945492521806
29,1,,None,None,1,1.6670290083715638
29,2,,None,None,1,1.0808028978460693
29,3,,None,None,1,1.5203569553849734
29,4,,None,None,1,1.067474896545391
29,5,,None,None,1,0.1539128649593667
30,1,,None,None,1,1.9006569312211397
30,2,,None,None,1,4.545116411750192
31,1,,None,None,1,9.272204126617343
31,2,,None,None,1,0.03218400223713769
32,1,,None,None,1,1.4725242986607943
32,2,,None,None,1,1.1949544429895975
32,3,,None,None,1,0.7718112117548173
32,4,,None,None,1,NA
33,1,,None,None,1,1.4004742397274617
33,2,,None,None,1,0.8090433441682814
33,3,,None,None,1,0.5171851839415649
33,4,,None,None,1,46.38416042463488
33,5,,None,None,1,0.5062730488580246
34,1,,None,None,1,0.7824135396681251
34,2,,None,None,1,1.0157380452158444
34,3,,None,None,1,56.744704902307845
34,4,,None,None,1,0.7279628030685955
34,5,,None,None,1,1.2688331411182474
35,1,,None,None,1,0.5789346249793665
35,2,,None,None,1,0.6555095052983404
35,3,,None,None,1,0.835618866807506
35,4,,None,None,1,32.77480369171951
35,5,,None,None,1,0.7917809678468887
35,6,,None,None,1,NA
35,7,,None,None,1,NA
35,8,,None,None,1,NA
36,1,,None,None,1,1.2393895114195885
36,2,,None,None,1,0.7852015644663198
36,3,,None,None,1,7.622505547900195
36,4,,None,None,1,0.7986313311253058
37,1,,None,None,1,0.8821084619045092
37,2,,None,None,1,2.680827868238009
37,3,,None,None,1,1.1108067892953033
37,4,,None,None,1,NA
37,5,,None,None,1,NA
37,6,,None,None,1,NA
38,1,,None,None,1,0.47838114541763344
38,2,,None,None,1,3.6283259648722868
39,1,,None,None,1,2.718314739969639
39,2,,None,None,1,2.0736804594064813
39,3,,None,None,1,0.09748117767035969
40,1,,None,None,1,7.548915561364527
40,2,,None,None,1,5.241615367830289
40,3,,None,None,1,1.1650230413881852
40,4,,None,None,1,NA
40,5,,None,None,1,NA
41,1,,None,None,1,1.2345125328395887
41,2,,None,None,1,2.8942712155467514
41,3,,None,None,1,1.7632032634936343
41,4,,None,None,1,NA
41,5,,None,None,1,NA
42,1,,None,None,1,13.550449082270992
42,2,,None,None,1,1.7356116448647712
42,3,,None,None,1,0.05076031914793109
43,1,,None,None,1,2.587712086868096
43,2,,None,None,1,1.6249879926262225
44,1,,None,None,1,NA
44,2,,None,None,1,0.668733426923914
44,3,,None,None,1,1.4397566181724155
44,4,,None,None,1,NA
44,5,,None,None,1,NA
44,6,,None,None,1,NA
44,7,,None,None,1,NA
44,8,,None,None,1,0.5258685359917843
44,9,,None,None,1,NA
45,1,,None,None,1,16.688149811689993
45,2,,None,None,1,2.3835869931121243
46,1,,None,None,1,6.1387535926237
46,2,,None,None,1,10.634660827689803
46,3,,None,None,1,0.8193326468482531
46,4,,None,None,1,0.16133951778779976
47,1,,None,None,1,2.1400544778216983
47,2,,None,None,1,1.6927454612453203
47,3,,None,None,1,0.6461821589415753
48,1,,None,None,1,1.9281617640551012
48,2,,None,None,1,1.2067691227275148
48,3,,None,None,1,2.7221473155969007
49,1,,None,None,1,2.110330366477397
49,2,,None,None,1,1.2241249718102578
49,3,,None,None,1,NA
50,1,,None,None,1,1.3232340718140336
50,2,,None,None,1,1.3196825337617684
50,3,,None,None,1,0.25921128714751074
50,4,,None,None,1,NA
50,5,,None,None,1,3.415149723022916
51,1,,None,None,2,2.2941208980285865
51,2,,None,None,2,0.42349085708461065
51,3,,None,None,2,60.30118095804116
51,4,,None,None,2,2.9468981361374613
52,1,,None,None,2,2.0097480517905124
52,2,,None,None,2,3.262374149050473
53,1,,None,None,2,24.975244787840392
53,2,,None,None,2,2.1407933391272973
53,3,,None,None,2,0.15276151347770736
54,1,,None,None,2,2.2780538773462133
54,2,,None,None,2,2.5178525142783275
55,1,,None,None,2,1.6494250745136672
55,2,,None,None,2,NA
55,3,,None,None,2,0.6924279712224858
55,4,,None,None,2,NA
55,5,,None,None,2,1.2293059322078574
56,1,,None,None,2,2.422059806736622
56,2,,None,None,2,0.7429881903820966
56,3,,None,None,2,11.660069853135523
56,4,,None,None,2,1.1741095546455096
57,1,,None,None,2,3.4333352630533955
57,2,,None,None,2,1.3014977740477527
57,3,,None,None,2,2.516583029668192
57,4,,None,None,2,NA
57,5,,None,None,2,5.005190247390904
57,6,,None,None,2,NA
57,7,,None,None,2,NA
58,1,,None,None,2,1.6230264607789713
58,2,,None,None,2,1.3496258626854754
58,3,,None,None,2,2.3836256351335354
59,1,,None,None,2,1.6599442667168112
59,2,,None,None,2,2.0683020542306187
59,3,,None,None,2,1.4422615551558382
60,1,,None,None,2,1.5394733565791061
60,2,,None,None,2,0.8402693670039475
60,3,,None,None,2,1.1728068949641692
61,1,,None,None,2,0.8819304267314843
61,2,,None,None,2,1.9844264185398865
61,3,,None,None,2,0.96401706394574
61,4,,None,None,2,NA
61,5,,None,None,2,NA
61,6,,None,None,2,NA
61,7,,None,None,2,1.9392892125724832
61,8,,None,None,2,NA
62,1,,None,None,2,0.6667332042223115
62,2,,None,None,2,NA
62,3,,None,None,2,1.1117892482837335
62,4,,None,None,2,NA
62,5,,None,None,2,58.92402035591701
62,6,,None,None,2,1.735172013492576
62,7,,None,None,2,NA
63,1,,None,None,2,3.4878554821933845
63,2,,None,None,2,1.8201016489015196
63,3,,None,None,2,0.6755619506997477
63,4,,None,None,2,62.84500705863593
64,1,,None,None,2,0.6127805698191076
64,2,,None,None,2,2.505576363285191
64,3,,None,None,2,2.154108407205403
64,4,,None,None,2,1.220724556506378
64,5,,None,None,2,NA
65,1,,None,None,2,1.374967398238499
65,2,,None,None,2,8.356621092211736
66,1,,None,None,2,13.73525558256654
66,2,,None,None,2,1.5608989144686947
66,3,,None,None,2,0.09734269361384984
67,1,,None,None,2,1.2786188673064676
67,2,,None,None,2,0.9500032398530062
67,3,,None,None,2,0.2968157003933608
67,4,,None,None,2,36.7708886961781
68,1,,None,None,2,0.7972920013914357
68,2,,None,None,2,8.465074269694611
68,3,,None,None,2,1.0002593677310945
69,1,,None,None,2,1.2391665163105128
69,2,,None,None,2,1.1055052705475685
69,3,,None,None,2,0.7274389069637215
69,4,,None,None,2,NA
69,5,,None,None,2,NA
69,6,,None,None,2,NA
69,7,,None,None,2,NA
69,8,,None,None,2,NA
70,1,,None,None,2,40.855423592705755
70,2,,None,None,2,1.4511708509326882
70,3,,None,None,2,0.5563448481669889
71,1,,None,None,2,1.331056178415837
71,2,,None,None,2,0.7317201650904528
71,3,,None,None,2,6.793182475389559
72,1,,None,None,2,0.8178190423169966
72,2,,None,None,2,1.1108177414442484
72,3,,None,None,2,NA
72,4,,None,None,2,0.522101664085103
72,5,,None,None,2,1.1990991160033426
72,6,,None,None,2,59.44842668414363
72,7,,None,None,2,0.4914728841498367
73,1,,None,None,2,2.154953880925858
73,2,,None,None,2,0.24436409310698656
73,3,,None,None,2,1.4158917498651338
74,1,,None,None,2,4.542042549313699
74,2,,None,None,2,17.630122863618418
75,1,,None,None,2,1.639873734839176
75,2,,None,None,2,0.9899873878956643
75,3,,None,None,2,3.590132261498428
76,1,,None,None,2,1.3167504831527588
76,2,,None,None,2,0.7892851869145279
76,3,,None,None,2,1.0734636944754397
76,4,,None,None,2,NA
77,1,,None,None,2,NA
77,2,,None,None,2,2.526073024371548
77,3,,None,None,2,2.269456756063815
77,4,,None,None,2,0.7975353232003362
77,5,,None,None,2,NA
77,6,,None,None,2,NA
78,1,,None,None,2,1.5152139308799768
78,2,,None,None,2,0.4180156097563819
78,3,,None,None,2,14.838749753073882
79,1,,None,None,2,1.8554554538429568
79,2,,None,None,2,4.477855280318345
79,3,,None,None,2,2.9338862741977247
79,4,,None,None,2,NA
79,5,,None,None,2,NA
79,6,,None,None,2,NA
80,1,,None,None,2,1.7925484509538767
80,2,,None,None,2,10.804106876014114
81,1,,None,None,2,6.374602132779195
81,2,,None,None,2,0.927214528150828
81,3,,None,None,2,1.2212759295632267
82,1,,None,None,2,1.705199935993398
82,2,,None,None,2,1.1298121482695374
82,3,,None,None,2,0.9077056280902399
82,4,,None,None,2,NA
82,5,,None,None,2,NA
83,1,,None,None,2,1.3502945869608822
83,2,,None,None,2,1.7252191334483662
83,3,,None,None,2,28.723828917188357
84,1,,None,None,2,NA
84,2,,None,None,2,1.5715290999802571
84,3,,None,None,2,1.9936173448639098
84,4,,None,None,2,2.030994244206517
84,5,,None,None,2,NA
84,6,,None,None,2,NA
85,1,,None,None,2,0.2881777576427421
85,2,,None,None,2,5.607645412849932
85,3,,None,None,2,0.8177219295611164
85,4,,None,None,2,1.3041411063365609
86,1,,None,None,2,23.85354973817576
86,2,,None,None,2,1.5682265983019072
86,3,,None,None,2,0.44246947145153176
87,1,,None,None,2,1.1053465294190292
87,2,,None,None,2,1.629965278369423
87,3,,None,None,2,NA
87,4,,None,None,2,11.545548093096317
87,5,,None,None,2,0.2091343348185595
88,1,,None,None,2,3.419715690988606
88,2,,None,None,2,1.335490110630218
89,1,,None,None,2,2.195332262842553
89,2,,None,None,2,0.5422177606829197
89,3,,None,None,2,0.8276977831187232
90,1,,None,None,2,1.4483278473351842
90,2,,None,None,2,1.2361838744842009
90,3,,None,None,2,0.4450151121029473
91,1,,None,None,2,1.3145964695449714
91,2,,None,None,2,2.2793183317049808
91,3,,None,None,2,1.750651293485063
91,4,,None,None,2,NA
92,1,,None,None,2,1.5646327223441703
92,2,,None,None,2,2.1258446387214844
92,3,,None,None,2,0.7057573048825484
93,1,,None,None,2,1.682215083125729
93,2,,None,None,2,38.77848508826386
94,1,,None,None,2,1.456794890673445
94,2,,None,None,2,23.194443297129336
94,3,,None,None,2,0.4091169510398982
94,4,,None,None,2,NA
94,5,,None,None,2,NA
95,1,,None,None,2,1.4568479845200089
95,2,,None,None,2,0.5564971819738794
95,3,,None,None,2,2.5775354591040447
95,4,,None,None,2,0.848636110294868
95,5,,None,None,2,NA
95,6,,None,None,2,NA
95,7,,None,None,2,NA
96,1,,None,None,2,1.3644323330445312
96,2,,None,None,2,1.2854842241906197
96,3,,None,None,2,0.8359802020360703
96,4,,None,None,2,NA
96,5,,None,None,2,1.6182188587047543
97,1,,None,None,2,1.3066893656220828
97,2,,None,None,2,0.5932613281007175
97,3,,None,None,2,14.737467287087853
98,1,,None,None,2,3.443592186745986
98,2,,None,None,2,21.262215899092954
99,1,,None,None,2,1.5096702710452778
99,2,,None,None,2,0.6964764088367416
99,3,,None,None,2,1.6272495629128316
99,4,,None,None,2,0.884258923586072
99,5,,None,None,2,NA
100,1,,None,None,2,1.5596702182286557
100,2,,None,None,2,1.41838439816398
100,3,,None,None,2,NA
100,4,,None,None,2,NA
100,5,,None,None,2,NA
101,1,,None,None,3,1.9674997307470639
101,2,,None,None,3,64.21954256540813
101,3,,None,None,3,1.8035763109898506
102,1,,None,None,3,1.830075897444904
102,2,,None,None,3,1.016773090737994
102,3,,None,None,3,1.6406364962690476
102,4,,None,None,3,75.57578910292634
103,1,,None,None,3,29.016484960301874
103,2,,None,None,3,1.444018378254489
103,3,,None,None,3,4.324842056503391
103,4,,None,None,3,2.048109364755701
104,1,,None,None,3,34.98742370352331
104,2,,None,None,3,2.6247680361367145
104,3,,None,None,3,0.7508415121386146
104,4,,None,None,3,0.6909581402142757
105,1,,None,None,3,6.928177727077184
105,2,,None,None,3,1.8692608914132982
105,3,,None,None,3,0.3302584593920344
106,1,,None,None,3,0.01012719112093749
106,2,,None,None,3,2.4500770660852993
106,3,,None,None,3,1.2928111293269762
107,1,,None,None,3,0.683726036922506
107,2,,None,None,3,1.853225335781804
107,3,,None,None,3,0.98879840210227
107,4,,None,None,3,NA
107,5,,None,None,3,NA
108,1,,None,None,3,2.01653670795653
108,2,,None,None,3,0.43938700431075456
108,3,,None,None,3,2.265451301617407
109,1,,None,None,3,1.8889387276488712
109,2,,None,None,3,2.379195777106785
110,1,,None,None,3,3.6923817430309436
110,2,,None,None,3,2.0549178658638856
111,1,,None,None,3,NA
111,2,,None,None,3,2.490639623499219
111,3,,None,None,3,1.9308139365445893
111,4,,None,None,3,1.601802995092476
111,5,,None,None,3,NA
111,6,,None,None,3,NA
111,7,,None,None,3,NA
112,1,,None,None,3,1.794200300303492
112,2,,None,None,3,0.4007114555108634
112,3,,None,None,3,1.3860299662023325
113,1,,None,None,3,0.9840384353830267
113,2,,None,None,3,3.575729671203592
113,3,,None,None,3,0.679434103389091
113,4,,None,None,3,1.6573126124357733
113,5,,None,None,3,NA
114,1,,None,None,3,0.8311876260211735
114,2,,None,None,3,10.455506752637545
114,3,,None,None,3,1.9987811873789048
115,1,,None,None,3,3.078063246656398
115,2,,None,None,3,1.6600287624137637
115,3,,None,None,3,NA
115,4,,None,None,3,NA
115,5,,None,None,3,25.62687679390526
115,6,,None,None,3,NA
116,1,,None,None,3,2.1707901112626216
116,2,,None,None,3,69.69527048093005
116,3,,None,None,3,2.4212846226590288
116,4,,None,None,3,3.6248659049849663
117,1,,None,None,3,4.1654411162667415
117,2,,None,None,3,1.7523936602614274
118,1,,None,None,3,8.73889486964399
118,2,,None,None,3,0.7407263234000634
118,3,,None,None,3,0.31627899076606836
119,1,,None,None,3,2.5218622861394797
119,2,,None,None,3,1.8392539247988693
119,3,,None,None,3,0.244999296446995
120,1,,None,None,3,2.1261443144393857
120,2,,None,None,3,0.5816838488388727
120,3,,None,None,3,0.7711076837900133
120,4,,None,None,3,37.6448794600531
121,1,,None,None,3,1.1394949948944317
121,2,,None,None,3,2.2065129201672096
121,3,,None,None,3,NA
121,4,,None,None,3,NA
121,5,,None,None,3,NA
121,6,,None,None,3,NA
122,1,,None,None,3,2.2515454160919743
122,2,,None,None,3,NA
122,3,,None,None,3,41.25913832315536
122,4,,None,None,3,0.3962051499807143
122,5,,None,None,3,NA
122,6,,None,None,3,NA
122,7,,None,None,3,NA
123,1,,None,None,3,13.67988179428568
123,2,,None,None,3,1.3037359141356568
123,3,,None,None,3,0.00399249295553733
124,1,,None,None,3,2.076546142831109
124,2,,None,None,3,0.26808032378374763
124,3,,None,None,3,20.8803880939101
124,4,,None,None,3,1.140637891258795
125,1,,None,None,3,0.8061336861539805
125,2,,None,None,3,1.8050783001965356
125,3,,None,None,3,1.666134825289984
125,4,,None,None,3,NA
125,5,,None,None,3,NA
125,6,,None,None,3,NA
125,7,,None,None,3,NA
126,1,,None,None,3,29.65473535471733
126,2,,None,None,3,3.751995871812663
126,3,,None,None,3,1.0907896939768658
126,4,,None,None,3,1.1872017716870447
127,1,,None,None,3,16.137866911544208
127,2,,None,None,3,1.8902654512392592
127,3,,None,None,3,0.968559970016455
128,1,,None,None,3,1.5371234896260233
128,2,,None,None,3,1.5515883808627173
128,3,,None,None,3,2.081638457992501
128,4,,None,None,3,NA
128,5,,None,None,3,NA
129,1,,None,None,3,0.3672786408164777
129,2,,None,None,3,0.7262478910642397
129,3,,None,None,3,1.6982689150246173
129,4,,None,None,3,0.6068728942382984
130,1,,None,None,3,1.4556082083740516
130,2,,None,None,3,2.7741802699175864
130,3,,None,None,3,1.4640827234135803
130,4,,None,None,3,72.28977437452686
130,5,,None,None,3,0.9890302775951828
131,1,,None,None,3,7.311933278558929
131,2,,None,None,3,3.9873584785108176
131,3,,None,None,3,0.6970258244857217
132,1,,None,None,3,1.7485617755598695
132,2,,None,None,3,6.935769448667303
132,3,,None,None,3,4.560290491843691
132,4,,None,None,3,1.640816421862341
133,1,,None,None,3,5.460039257045552
133,2,,None,None,3,1.7710234078346527
134,1,,None,None,3,1.7305386121199973
134,2,,None,None,3,0.4194679966660721
134,3,,None,None,3,43.44563985503095
134,4,,None,None,3,0.08129809345858145
135,1,,None,None,3,1.3187847161902155
135,2,,None,None,3,7.109302315464347
136,1,,None,None,3,0.46933516632057837
136,2,,None,None,3,1.8131666070080763
136,3,,None,None,3,1.127601180041649
136,4,,None,None,3,NA
137,1,,None,None,3,2.6128007724691162
137,2,,None,None,3,0.35189803378537965
137,3,,None,None,3,1.192213574674991
137,4,,None,None,3,1.3340799963687084
138,1,,None,None,3,4.838091069833226
138,2,,None,None,3,2.6177572592044283
138,3,,None,None,3,3.5085285138858455
139,1,,None,None,3,1.770136731406762
139,2,,None,None,3,37.51037750030679
139,3,,None,None,3,1.276059915251988
140,1,,None,None,3,1.1425059917418312
140,2,,None,None,3,NA
140,3,,None,None,3,1.480141251762241
140,4,,None,None,3,1.930180893703853
140,5,,None,None,3,1.96344813275014
140,6,,None,None,3,NA
141,1,,None,None,3,1.8483212572144285
141,2,,None,None,3,23.554586698533722
141,3,,None,None,3,2.529574916052729
142,1,,None,None,3,1.511184643564664
142,2,,None,None,3,1.8307391911540567
142,3,,None,None,3,51.519129848338856
142,4,,None,None,3,27.10510084098563
143,1,,None,None,3,0.7396500524074161
143,2,,None,None,3,6.750442476765697
143,3,,None,None,3,55.84753772529486
144,1,,None,None,3,1.2835040859451834
144,2,,None,None,3,NA
144,3,,None,None,3,2.041454881388759
144,4,,None,None,3,NA
144,5,,None,None,3,NA
144,6,,None,None,3,0.7012512273292705
145,1,,None,None,3,3.242540878195375
145,2,,None,None,3,24.619668487271873
145,3,,None,None,3,1.7580431158078582
146,1,,None,None,3,10.185259290720454
146,2,,None,None,3,0.0025942243542192
147,1,,None,None,3,1.6701630032165198
147,2,,None,None,3,1.2877885934422282
147,3,,None,None,3,NA
147,4,,None,None,3,NA
147,5,,None,None,3,NA
147,6,,None,None,3,8.502955656123342
147,7,,None,None,3,NA
148,1,,None,None,3,12.843320080169027
148,2,,None,None,3,0.4211634005941192
148,3,,None,None,3,0.08724093076073883
149,1,,None,None,3,8.047617933191232
149,2,,None,None,3,0.38626542670068165
150,1,,None,None,3,2.49025009996528
150,2,,None,None,3,2.340289380072131
150,3,,None,None,3,13.772886598797001
151,1,,None,None,4,30.010534494285707
151,2,,None,None,4,0.8995858634986925
151,3,,None,None,4,0.7120099871057062
151,4,,None,None,4,0.5273369026821404
151,5,,None,None,4,1.0553660073578233
152,1,,None,None,4,3.2831138968467046
152,2,,None,None,4,8.572273528009747
153,1,,None,None,4,66.22476968142935
153,2,,None,None,4,4.960575231372688
153,3,,None,None,4,NA
153,4,,None,None,4,0.7935597534494724
153,5,,None,None,4,0.8118879934097811
153,6,,None,None,4,NA
153,7,,None,None,4,NA
153,8,,None,None,4,NA
154,1,,None,None,4,3.6919727486175278
154,2,,None,None,4,19.74717548400227
155,1,,None,None,4,0.9317229771345305
155,2,,None,None,4,2.08876443692679
155,3,,None,None,4,NA
155,4,,None,None,4,NA
155,5,,None,None,4,73.97560786586453
156,1,,None,None,4,14.81017855956303
156,2,,None,None,4,1.412201342915482
156,3,,None,None,4,0.05795601780660837
157,1,,None,None,4,1.6895061695979046
157,2,,None,None,4,6.805390495017203
158,1,,None,None,4,1.9733559359166832
158,2,,None,None,4,2.6304731123732012
158,3,,None,None,4,45.725126179553364
159,1,,None,None,4,0.5172895900750379
159,2,,None,None,4,4.765851149388322
159,3,,None,None,4,1.702417727658434
160,1,,None,None,4,1.679619178953064
160,2,,None,None,4,60.201820522057304
160,3,,None,None,4,2.268435114970435
160,4,,None,None,4,2.321368445551029
160,5,,None,None,4,NA
161,1,,None,None,4,0.7308972750709756
161,2,,None,None,4,1.9707304766435372
161,3,,None,None,4,1.3069754433982284
161,4,,None,None,4,2.1316973823692686
161,5,,None,None,4,2.5048059920369306
162,1,,None,None,4,0.835847380031893
162,2,,None,None,4,4.910642066938473
162,3,,None,None,4,NA
162,4,,None,None,4,NA
162,5,,None,None,4,NA
163,1,,None,None,4,4.844299307731046
163,2,,None,None,4,3.0454525426651973
164,1,,None,None,4,35.115065922478344
164,2,,None,None,4,1.6161948128649848
164,3,,None,None,4,7.735943797346974
165,1,,None,None,4,31.526790488127272
165,2,,None,None,4,0.5469806540931139
165,3,,None,None,4,0.46890484924027315
165,4,,None,None,4,0.4409981065718986
166,1,,None,None,4,1.409496807374887
166,2,,None,None,4,17.787628712296197
166,3,,None,None,4,3.5834958492149758
167,1,,None,None,4,0.5153006807627887
167,2,,None,None,4,0.6678622874605856
167,3,,None,None,4,2.4635778748992387
167,4,,None,None,4,37.29696696459254
167,5,,None,None,4,1.4494742157945155
167,6,,None,None,4,1.3685755957986256
168,1,,None,None,4,34.925646047557166
168,2,,None,None,4,1.4894713716486525
168,3,,None,None,4,1.9077030338408378
169,1,,None,None,4,1.5867460412349415
169,2,,None,None,4,0.9170255714868968
169,3,,None,None,4,1.0232307795367808
169,4,,None,None,4,25.748490749249605
170,1,,None,None,4,4.9838311079076965
170,2,,None,None,4,13.454980762031953
171,1,,None,None,4,10.210423691992416
171,2,,None,None,4,0.9788151795922833
171,3,,None,None,4,1.9112307003351607
171,4,,None,None,4,17.950464935482866
171,5,,None,None,4,1.0139209394204078
171,6,,None,None,4,0.9336412400231235
172,1,,None,None,4,18.153009804296133
172,2,,None,None,4,2.3390622182141803
172,3,,None,None,4,1.1005007360569201
173,1,,None,None,4,3.3081013047587993
173,2,,None,None,4,3.4711290695591677
173,3,,None,None,4,62.00426267362592
174,1,,None,None,4,2.0029534904596273
174,2,,None,None,4,0.8992827062722585
174,3,,None,None,4,NA
174,4,,None,None,4,NA
174,5,,None,None,4,1.0309955730396525
174,6,,None,None,4,10.029509164959173
174,7,,None,None,4,NA
175,1,,None,None,4,17.04820057447359
175,2,,None,None,4,0.12679337522126166
176,1,,None,None,4,11.33218892710429
176,2,,None,None,4,0.14428780267229746
177,1,,None,None,4,1.0137029340152497
177,2,,None,None,4,0.597753971663459
177,3,,None,None,4,0.635293195103508
177,4,,None,None,4,NA
177,5,,None,None,4,20.197551099195184
177,6,,None,None,4,NA
177,7,,None,None,4,NA
178,1,,None,None,4,13.919322171262735
178,2,,None,None,4,0.9386989559359239
178,3,,None,None,4,2.2815997170927633
179,1,,None,None,4,3.0138767890941893
179,2,,None,None,4,15.954753719937202
179,3,,None,None,4,0.5591139139324626
179,4,,None,None,4,1.327305462394409
180,1,,None,None,4,5.1941207271853465
180,2,,None,None,4,27.97332403583665
181,1,,None,None,4,1.7108254948241277
181,2,,None,None,4,0.9878662135672416
181,3,,None,None,4,4.910829131405902
181,4,,None,None,4,0.5582136075402698
182,1,,None,None,4,16.098856591470735
182,2,,None,None,4,2.0479967552017055
183,1,,None,None,4,0.5608340681075145
183,2,,None,None,4,1.239985037761635
183,3,,None,None,4,2.9334726870598504
183,4,,None,None,4,NA
184,1,,None,None,4,4.740045735011425
184,2,,None,None,4,2.026846788079188
184,3,,None,None,4,0.5722254800338795
184,4,,None,None,4,NA
184,5,,None,None,4,0.1604842982973703
184,6,,None,None,4,NA
184,7,,None,None,4,NA
185,1,,None,None,4,1.1016465528186696
185,2,,None,None,4,0.25279169236324317
185,3,,None,None,4,8.759203002071384
185,4,,None,None,4,NA
185,5,,None,None,4,NA
186,1,,None,None,4,3.8953231572044102
186,2,,None,None,4,15.574815323374162
186,3,,None,None,4,0.8482090367356375
186,4,,None,None,4,1.0057879079961438
187,1,,None,None,4,2.7755524713739694
187,2,,None,None,4,3.2980675463064726
187,3,,None,None,4,1.219679315148955
188,1,,None,None,4,1.8619778477704687
188,2,,None,None,4,13.432828988094148
189,1,,None,None,4,2.0795694564686826
189,2,,None,None,4,1.8452022336789233
189,3,,None,None,4,1.5784853497145774
189,4,,None,None,4,33.53297675946356
190,1,,None,None,4,2.713214075099599
190,2,,None,None,4,74.12908863515086
190,3,,None,None,4,2.9225611468754975
190,4,,None,None,4,0.6439733683350627
190,5,,None,None,4,0.9246545949704686
191,1,,None,None,4,0.5209902947868833
191,2,,None,None,4,1.350447683206229
191,3,,None,None,4,16.584695594449624
191,4,,None,None,4,0.7026813289109085
192,1,,None,None,4,NA
192,2,,None,None,4,0.49166529347266036
192,3,,None,None,4,2.39509364888117
192,4,,None,None,4,NA
192,5,,None,None,4,1.944601965046822
192,6,,None,None,4,1.4257739014567499
193,1,,None,None,4,7.372361288701587
193,2,,None,None,4,3.2303953742095413
193,3,,None,None,4,1.7107900514089978
194,1,,None,None,4,4.224428586870386
194,2,,None,None,4,1.3409515578425448
194,3,,None,None,4,NA
194,4,,None,None,4,1.5760290751086405
194,5,,None,None,4,NA
195,1,,None,None,4,2.559342685890524
195,2,,None,None,4,NA
195,3,,None,None,4,0.20494176751193086
195,4,,None,None,4,NA
195,5,,None,None,4,1.1426504365024819
195,6,,None,None,4,0.901679476494311
195,7,,None,None,4,NA
195,8,,None,None,4,NA
195,9,,None,None,4,NA
195,10,,None,None,4,NA
195,11,,None,None,4,NA
196,1,,None,None,4,7.5205027814271475
196,2,,None,None,4,0.6796390978420045
197,1,,None,None,4,3.492616992346077
197,2,,None,None,4,0.5434628893973745
197,3,,None,None,4,0.08447253991682784
198,1,,None,None,4,0.9152436108910333
198,2,,None,None,4,1.0974850192870944
198,3,,None,None,4,NA
198,4,,None,None,4,NA
198,5,,None,None,4,2.6827690202070533
198,6,,None,None,4,NA
198,7,,None,None,4,NA
198,8,,None,None,4,NA
198,9,,None,None,4,NA
199,1,,None,None,4,1.6674767113927786
199,2,,None,None,4,6.691315599088729
199,3,,None,None,4,60.883286097714176
200,1,,None,None,4,3.145614297040403
200,2,,None,None,4,1.7841504446357683
1,1,,None,Shared,1,3.7960777138844715
1,2,,None,Shared,1,1.451139173201524
1,3,,None,Shared,1,NA
1,4,,None,Shared,1,0.09652238082434585
1,5,,None,Shared,1,NA
1,6,,None,Shared,1,0.6389078794533433
2,1,,None,Shared,1,1.5659815754485418
2,2,,None,Shared,1,0.8281434991706597
2,3,,None,Shared,1,2.122033094693873
3,1,,None,Shared,1,5.380035719589887
3,2,,None,Shared,1,31.924132334802778
3,3,,None,Shared,1,NA
3,4,,None,Shared,1,NA
3,5,,None,Shared,1,0.09857266355334073
3,6,,None,Shared,1,NA
4,1,,None,Shared,1,20.205015048540357
4,2,,None,Shared,1,0.01893620870184827
4,3,,None,Shared,1,1.0642352472177725
4,4,,None,Shared,1,NA
4,5,,None,Shared,1,NA
5,1,,None,Shared,1,1.496695159567185
5,2,,None,Shared,1,5.394207981209759
5,3,,None,Shared,1,4.665570552603431
6,1,,None,Shared,1,1.8060251985549924
6,2,,None,Shared,1,1.2975735451382995
6,3,,None,Shared,1,NA
7,1,,None,Shared,1,18.803045015827493
7,2,,None,Shared,1,1.221119923078714
7,3,,None,Shared,1,0.6057451043071841
8,1,,None,Shared,1,1.9005227226826469
8,2,,None,Shared,1,1.7692684874950007
9,1,,None,Shared,1,NA
9,2,,None,Shared,1,1.6914842360571671
9,3,,None,Shared,1,0.5727027918296793
9,4,,None,Shared,1,NA
9,5,,None,Shared,1,1.2125495841246168
9,6,,None,Shared,1,NA
10,1,,None,Shared,1,0.9162499513769377
10,2,,None,Shared,1,1.5408702061565502
10,3,,None,Shared,1,1.5957033751913319
10,4,,None,Shared,1,0.9328009577695321
10,5,,None,Shared,1,NA
11,1,,None,Shared,1,16.085905500444362
11,2,,None,Shared,1,2.1393360879668344
12,1,,None,Shared,1,0.42427013169497485
12,2,,None,Shared,1,1.0930721180577727
12,3,,None,Shared,1,1.0649795193054707
12,4,,None,Shared,1,NA
12,5,,None,Shared,1,NA
12,6,,None,Shared,1,NA
12,7,,None,Shared,1,NA
13,1,,None,Shared,1,5.696658962848252
13,2,,None,Shared,1,91.54908556839878
13,3,,None,Shared,1,0.2363384226062303
13,4,,None,Shared,1,2.450376762116712
13,5,,None,Shared,1,2.7321077650780925
13,6,,None,Shared,1,NA
13,7,,None,Shared,1,NA
14,1,,None,Shared,1,0.8146783064377351
14,2,,None,Shared,1,3.023286748526933
14,3,,None,Shared,1,NA
14,4,,None,Shared,1,NA
14,5,,None,Shared,1,NA
14,6,,None,Shared,1,13.585823282009816
14,7,,None,Shared,1,NA
15,1,,None,Shared,1,1.8740820662637367
15,2,,None,Shared,1,2.6366321074245205
15,3,,None,Shared,1,1.2045697651597367
16,1,,None,Shared,1,12.900622653125092
16,2,,None,Shared,1,1.4756119924310307
16,3,,None,Shared,1,0.6769881309886155
17,1,,None,Shared,1,3.0705410005026104
17,2,,None,Shared,1,1.0569584428900922
18,1,,None,Shared,1,1.982870154850446
18,2,,None,Shared,1,2.4767438851875534
19,1,,None,Shared,1,0.8110712119982929
19,2,,None,Shared,1,1.1161629546197198
19,3,,None,Shared,1,1.5058844266949991
19,4,,None,Shared,1,NA
19,5,,None,Shared,1,NA
19,6,,None,Shared,1,1.7760180911240726
19,7,,None,Shared,1,NA
20,1,,None,Shared,1,6.728282219696989
20,2,,None,Shared,1,0.02499939999279956
21,1,,None,Shared,1,2.857072907280002
21,2,,None,Shared,1,0.7605039909787134
22,1,,None,Shared,1,1.3798518732233538
22,2,,None,Shared,1,1.1415750039047994
22,3,,None,Shared,1,NA
22,4,,None,Shared,1,5.421913558752753
22,5,,None,Shared,1,NA
22,6,,None,Shared,1,NA
23,1,,None,Shared,1,0.8839247976259578
23,2,,None,Shared,1,1.3316401093532186
23,3,,None,Shared,1,2.0071439204736237
24,1,,None,Shared,1,1.6526843305065297
24,2,,None,Shared,1,NA
24,3,,None,Shared,1,1.9030143715149936
24,4,,None,Shared,1,0.4305990710626322
24,5,,None,Shared,1,NA
24,6,,None,Shared,1,NA
25,1,,None,Shared,1,2.0022729784249464
25,2,,None,Shared,1,0.9094513453845209
25,3,,None,Shared,1,3.3599606837768126
25,4,,None,Shared,1,NA
25,5,,None,Shared,1,NA
26,1,,None,Shared,1,2.4618320809762797
26,2,,None,Shared,1,2.0012473470068715
27,1,,None,Shared,1,7.577379784370109
27,2,,None,Shared,1,1.6390369075746394
28,1,,None,Shared,1,11.129937253029954
28,2,,None,Shared,1,NA
28,3,,None,Shared,1,0.02705734650700142
28,4,,None,Shared,1,NA
28,5,,None,Shared,1,NA
29,1,,None,Shared,1,2.4211742735236492
29,2,,None,Shared,1,NA
29,3,,None,Shared,1,0.6490065407990893
29,4,,None,Shared,1,NA
29,5,,None,Shared,1,0.10371113729971251
30,1,,None,Shared,1,3.620957721023718
30,2,,None,Shared,1,0.7892232340001234
30,3,,None,Shared,1,1.10858141470106
31,1,,None,Shared,1,2.4694513928844772
31,2,,None,Shared,1,1.2730684659901617
31,3,,None,Shared,1,0.06280127387242607
32,1,,None,Shared,1,28.880700387630572
32,2,,None,Shared,1,1.2712627207495928
32,3,,None,Shared,1,0.6473496891170938
33,1,,None,Shared,1,1.7587249120363742
33,2,,None,Shared,1,NA
33,3,,None,Shared,1,0.7502952164558291
33,4,,None,Shared,1,NA
33,5,,None,Shared,1,NA
33,6,,None,Shared,1,NA
33,7,,None,Shared,1,NA
33,8,,None,Shared,1,NA
33,9,,None,Shared,1,NA
33,10,,None,Shared,1,NA
34,1,,None,Shared,1,2.13261246629195
34,2,,None,Shared,1,1.4770815952477712
34,3,,None,Shared,1,0.3821208447598745
34,4,,None,Shared,1,NA
35,1,,None,Shared,1,2.057891087207544
35,2,,None,Shared,1,0.5502765875728747
35,3,,None,Shared,1,0.8060797239039004
35,4,,None,Shared,1,NA
35,5,,None,Shared,1,0.5872410067425489
35,6,,None,Shared,1,0.27636347443177445
36,1,,None,Shared,1,1.1839627669479809
36,2,,None,Shared,1,0.811392932721301
36,3,,None,Shared,1,0.84676816744589
36,4,,None,Shared,1,0.7185943488301778
37,1,,None,Shared,1,36.340619529860355
37,2,,None,Shared,1,1.7575704060340835
37,3,,None,Shared,1,0.8322893933204236
38,1,,None,Shared,1,0.8695382616446797
38,2,,None,Shared,1,1.7958394414278585
38,3,,None,Shared,1,1.3847449697593142
39,1,,None,Shared,1,0.9633857367768747
39,2,,None,Shared,1,1.870387513953335
39,3,,None,Shared,1,0.8705453872128288
40,1,,None,Shared,1,2.0698292845936694
40,2,,None,Shared,1,0.8215855502569478
40,3,,None,Shared,1,6.500945446625436
40,4,,None,Shared,1,0.6703580222629665
41,1,,None,Shared,1,2.462535219278407
41,2,,None,Shared,1,0.6640286774790798
41,3,,None,Shared,1,NA
41,4,,None,Shared,1,1.1044042566249717
42,1,,None,Shared,1,1.4497774413222726
42,2,,None,Shared,1,44.419663937430336
42,3,,None,Shared,1,2.129864111429882
43,1,,None,Shared,1,1.137129939306112
43,2,,None,Shared,1,2.3064768269675247
43,3,,None,Shared,1,0.1792993874358174
43,4,,None,Shared,1,NA
44,1,,None,Shared,1,3.4124524476255362
44,2,,None,Shared,1,4.153008385853574
44,3,,None,Shared,1,0.18104949599488052
45,1,,None,Shared,1,1.9239300264718593
45,2,,None,Shared,1,23.369855051314175
46,1,,None,Shared,1,19.961379278736395
46,2,,None,Shared,1,1.5208066647699792
46,3,,None,Shared,1,0.650487311930687
47,1,,None,Shared,1,1.2601574189901783
47,2,,None,Shared,1,1.5123872787820847
47,3,,None,Shared,1,NA
48,1,,None,Shared,1,0.32878619192417496
48,2,,None,Shared,1,3.0800006799682147
48,3,,None,Shared,1,0.8928435744320568
48,4,,None,Shared,1,5.559957763328783
48,5,,None,Shared,1,0.9708728644254631
49,1,,None,Shared,1,1.3919281469105445
49,2,,None,Shared,1,1.6616332720859845
49,3,,None,Shared,1,NA
49,4,,None,Shared,1,NA
50,1,,None,Shared,1,1.0943667319939134
50,2,,None,Shared,1,2.7827261784619273
50,3,,None,Shared,1,0.9910922265069667
51,1,,None,Shared,2,0.9674243706137128
51,2,,None,Shared,2,2.597926030450986
51,3,,None,Shared,2,2.689147320562155
51,4,,None,Shared,2,1.0309114413954263
52,1,,None,Shared,2,1.450601336186948
52,2,,None,Shared,2,NA
52,3,,None,Shared,2,5.666137747094087
52,4,,None,Shared,2,NA
52,5,,None,Shared,2,NA
52,6,,None,Shared,2,NA
52,7,,None,Shared,2,NA
52,8,,None,Shared,2,0.6304612993673767
52,9,,None,Shared,2,NA
53,1,,None,Shared,2,23.581252311321506
53,2,,None,Shared,2,0.3517209405196118
54,1,,None,Shared,2,3.550743129727757
54,2,,None,Shared,2,1.5450406509301278
54,3,,None,Shared,2,0.6204663069558181
55,1,,None,Shared,2,23.246234010293445
55,2,,None,Shared,2,3.5272806553247427
55,3,,None,Shared,2,2.855127074378428
56,1,,None,Shared,2,3.6905009808967666
56,2,,None,Shared,2,9.756371781822127
56,3,,None,Shared,2,0.6146770058611105
57,1,,None,Shared,2,5.857932148993839
57,2,,None,Shared,2,0.916440303957654
57,3,,None,Shared,2,NA
57,4,,None,Shared,2,NA
57,5,,None,Shared,2,NA
57,6,,None,Shared,2,3.0043348192311248
57,7,,None,Shared,2,NA
57,8,,None,Shared,2,NA
58,1,,None,Shared,2,NA
58,2,,None,Shared,2,1.4180508790387865
58,3,,None,Shared,2,NA
58,4,,None,Shared,2,4.467965423804054
58,5,,None,Shared,2,NA
58,6,,None,Shared,2,NA
58,7,,None,Shared,2,NA
59,1,,None,Shared,2,1.2459141514996472
59,2,,None,Shared,2,5.510734976452811
60,1,,None,Shared,2,3.5833806988025145
60,2,,None,Shared,2,2.206141917683223
60,3,,None,Shared,2,6.300171436321676
60,4,,None,Shared,2,1.6434728456695837
61,1,,None,Shared,2,2.188747216631282
61,2,,None,Shared,2,0.20164165978991178
61,3,,None,Shared,2,2.3710107236967617
61,4,,None,Shared,2,NA
61,5,,None,Shared,2,NA
61,6,,None,Shared,2,NA
61,7,,None,Shared,2,NA
61,8,,None,Shared,2,NA
61,9,,None,Shared,2,NA
61,10,,None,Shared,2,NA
62,1,,None,Shared,2,14.619621557537277
62,2,,None,Shared,2,4.662094307355689
62,3,,None,Shared,2,2.823006092251838
63,1,,None,Shared,2,18.83945601934242
63,2,,None,Shared,2,5.342744202321408
63,3,,None,Shared,2,2.029207786393184
64,1,,None,Shared,2,18.775914210831125
64,2,,None,Shared,2,2.5462028094002687
64,3,,None,Shared,2,2.0663608579439705
64,4,,None,Shared,2,4.958758217537936
65,1,,None,Shared,2,3.441852973467254
65,2,,None,Shared,2,0.6362573994509573
65,3,,None,Shared,2,1.8801780311996825
66,1,,None,Shared,2,0.7832769001803634
66,2,,None,Shared,2,3.229620450395371
66,3,,None,Shared,2,19.760021551093992
67,1,,None,Shared,2,4.454013581840491
67,2,,None,Shared,2,23.475862840556225
67,3,,None,Shared,2,1.4591096712269067
68,1,,None,Shared,2,12.624492203882376
68,2,,None,Shared,2,3.855164660676449
68,3,,None,Shared,2,0.9140658663742325
69,1,,None,Shared,2,1.2954015508848187
69,2,,None,Shared,2,1.6784133471468914
69,3,,None,Shared,2,58.47264741642858
70,1,,None,Shared,2,0.9838662495184123
70,2,,None,Shared,2,1.5391438821220247
70,3,,None,Shared,2,5.5930393137279015
71,1,,None,Shared,2,21.51350378975832
71,2,,None,Shared,2,2.2001171917335762
72,1,,None,Shared,2,0.6742803348756361
72,2,,None,Shared,2,1.1672782465124145
72,3,,None,Shared,2,1.5912896434162753
73,1,,None,Shared,2,1.2943680255758017
73,2,,None,Shared,2,19.252278721033303
73,3,,None,Shared,2,1.9219073856999198
74,1,,None,Shared,2,2.056854844173504
74,2,,None,Shared,2,NA
74,3,,None,Shared,2,8.947761745263454
74,4,,None,Shared,2,0.8719335811367754
74,5,,None,Shared,2,NA
74,6,,None,Shared,2,NA
74,7,,None,Shared,2,1.544827704349267
74,8,,None,Shared,2,NA
75,1,,None,Shared,2,19.694646611958387
75,2,,None,Shared,2,2.320262462402621
75,3,,None,Shared,2,0.7675089673591964
75,4,,None,Shared,2,0.12826885826263676
76,1,,None,Shared,2,0.799310658887668
76,2,,None,Shared,2,0.9116949569412582
76,3,,None,Shared,2,1.9912516178844057
76,4,,None,Shared,2,9.202937586946803
77,1,,None,Shared,2,50.65031875026843
77,2,,None,Shared,2,1.8516615908150913
77,3,,None,Shared,2,0.9624385529567883
78,1,,None,Shared,2,1.6014659476131465
78,2,,None,Shared,2,30.672157162635042
78,3,,None,Shared,2,0.7847998789500426
78,4,,None,Shared,2,2.368330436527693
79,1,,None,Shared,2,2.04686520708671
79,2,,None,Shared,2,0.7578200247538349
79,3,,None,Shared,2,1.684638104145354
79,4,,None,Shared,2,60.0541911043684
80,1,,None,Shared,2,34.92147195680296
80,2,,None,Shared,2,5.782315577489473
80,3,,None,Shared,2,0.15493756807179118
81,1,,None,Shared,2,1.8119295082209308
81,2,,None,Shared,2,4.7038104342292595
81,3,,None,Shared,2,2.268400761173464
81,4,,None,Shared,2,NA
81,5,,None,Shared,2,NA
81,6,,None,Shared,2,NA
82,1,,None,Shared,2,1.4582977098130392
82,2,,None,Shared,2,1.7541560306297233
82,3,,None,Shared,2,1.2007112847350243
82,4,,None,Shared,2,NA
83,1,,None,Shared,2,3.324578339382962
83,2,,None,Shared,2,0.7914832743425454
83,3,,None,Shared,2,0.6609729570867429
83,4,,None,Shared,2,1.9785934193607124
83,5,,None,Shared,2,1.658593849923982
84,1,,None,Shared,2,23.53227694882053
84,2,,None,Shared,2,1.690286288677202
84,3,,None,Shared,2,3.9827861158066153
85,1,,None,Shared,2,18.636999660913325
85,2,,None,Shared,2,2.7893753467381335
86,1,,None,Shared,2,4.18714076742092
86,2,,None,Shared,2,46.981385814908194
86,3,,None,Shared,2,0.736360049161934
86,4,,None,Shared,2,0.902056185291751
87,1,,None,Shared,2,25.494491399420497
87,2,,None,Shared,2,1.1569751005478714
87,3,,None,Shared,2,0.6903266255911066
88,1,,None,Shared,2,1.2383280229696452
88,2,,None,Shared,2,0.46105206579672114
88,3,,None,Shared,2,1.1033227900989706
88,4,,None,Shared,2,1.2938090476555906
89,1,,None,Shared,2,1.9249027369884704
89,2,,None,Shared,2,1.9331589783046246
89,3,,None,Shared,2,14.71019901509558
90,1,,None,Shared,2,2.8171176602800005
90,2,,None,Shared,2,21.93432677266389
90,3,,None,Shared,2,1.0662594128139193
90,4,,None,Shared,2,0.31985654597022184
90,5,,None,Shared,2,NA
91,1,,None,Shared,2,37.54027134005326
91,2,,None,Shared,2,2.938641276020582
91,3,,None,Shared,2,0.39672348052517065
91,4,,None,Shared,2,3.9451293677270587
91,5,,None,Shared,2,2.023126962224448
92,1,,None,Shared,2,2.4252766449122545
92,2,,None,Shared,2,0.6090805650329278
92,3,,None,Shared,2,0.14390083391002328
92,4,,None,Shared,2,1.4818495304061226
93,1,,None,Shared,2,2.8931360098542656
93,2,,None,Shared,2,NA
93,3,,None,Shared,2,0.7205564043580402
93,4,,None,Shared,2,1.0427629805749021
93,5,,None,Shared,2,NA
93,6,,None,Shared,2,NA
94,1,,None,Shared,2,1.0785716853741116
94,2,,None,Shared,2,1.9734899696652282
94,3,,None,Shared,2,1.109775825316563
95,1,,None,Shared,2,19.32698535515341
95,2,,None,Shared,2,0.7241741662246363
95,3,,None,Shared,2,1.6237199421116333
96,1,,None,Shared,2,1.2247851352645032
96,2,,None,Shared,2,0.8482106146938131
96,3,,None,Shared,2,0.9056480105401246
96,4,,None,Shared,2,45.83292893258851
97,1,,None,Shared,2,3.073193814867034
97,2,,None,Shared,2,3.293876542275194
97,3,,None,Shared,2,2.5300079866087164
97,4,,None,Shared,2,5.665302265338387
98,1,,None,Shared,2,0.8816885465968416
98,2,,None,Shared,2,1.1199187791495442
98,3,,None,Shared,2,23.8472790183139
98,4,,None,Shared,2,1.3328465610464462
99,1,,None,Shared,2,1.6408437966235054
99,2,,None,Shared,2,3.0223312786688914
100,1,,None,Shared,2,2.6281771539961736
100,2,,None,Shared,2,1.5484716444893205
100,3,,None,Shared,2,123.38095009704698
100,4,,None,Shared,2,0.505079993664367
101,1,,None,Shared,3,0.523377732155419
101,2,,None,Shared,3,3.567380644251418
101,3,,None,Shared,3,2.4175750160218565
101,4,,None,Shared,3,20.842685900937344
102,1,,None,Shared,3,8.280486777596646
102,2,,None,Shared,3,0.3362089978019803
102,3,,None,Shared,3,4.40970982143888
103,1,,None,Shared,3,4.188060255030501
103,2,,None,Shared,3,0.8811223843903223
103,3,,None,Shared,3,4.905470460221385
104,1,,None,Shared,3,17.583425153130154
104,2,,None,Shared,3,3.194929514222075
105,1,,None,Shared,3,34.261756735885236
105,2,,None,Shared,3,0.5366943450419431
106,1,,None,Shared,3,6.630229303695682
106,2,,None,Shared,3,0.993300360142335
106,3,,None,Shared,3,NA
106,4,,None,Shared,3,2.0730265350895256
106,5,,None,Shared,3,0.6182464961485846
106,6,,None,Shared,3,47.32131021358136
106,7,,None,Shared,3,NA
107,1,,None,Shared,3,0.778968818374649
107,2,,None,Shared,3,3.8271747064008212
107,3,,None,Shared,3,3.0194740405205254
107,4,,None,Shared,3,0.7259135279081134
108,1,,None,Shared,3,0.8200846017348272
108,2,,None,Shared,3,5.1094654043843075
108,3,,None,Shared,3,17.25671220938395
108,4,,None,Shared,3,1.413562431003639
109,1,,None,Shared,3,27.191040300647696
109,2,,None,Shared,3,0.46634455150285564
109,3,,None,Shared,3,0.421080704853591
109,4,,None,Shared,3,3.887521331978017
110,1,,None,Shared,3,1.2366873918324714
110,2,,None,Shared,3,2.534962081204459
110,3,,None,Shared,3,NA
110,4,,None,Shared,3,1.4950419644879909
111,1,,None,Shared,3,19.608381625865796
111,2,,None,Shared,3,4.467423395993276
112,1,,None,Shared,3,1.6845003268002903
112,2,,None,Shared,3,0.587605950265629
112,3,,None,Shared,3,3.941213667931956
112,4,,None,Shared,3,4.172844122040467
113,1,,None,Shared,3,1.6659693664464787
113,2,,None,Shared,3,7.420639301578731
114,1,,None,Shared,3,NA
114,2,,None,Shared,3,6.572293789131947
114,3,,None,Shared,3,NA
114,4,,None,Shared,3,3.0731939586589943
114,5,,None,Shared,3,36.3302313668658
114,6,,None,Shared,3,NA
114,7,,None,Shared,3,NA
114,8,,None,Shared,3,NA
114,9,,None,Shared,3,NA
115,1,,None,Shared,3,0.28165639609873594
115,2,,None,Shared,3,3.272966224582508
115,3,,None,Shared,3,58.951895245992205
115,4,,None,Shared,3,4.301335960249733
116,1,,None,Shared,3,5.862174935030067
116,2,,None,Shared,3,55.30028073454962
116,3,,None,Shared,3,4.128329170938368
116,4,,None,Shared,3,0.09595504155592624
117,1,,None,Shared,3,0.8733213379064083
117,2,,None,Shared,3,13.956941515902312
118,1,,None,Shared,3,17.370407139883646
118,2,,None,Shared,3,1.8311501481285573
118,3,,None,Shared,3,0.8602829920458509
119,1,,None,Shared,3,4.325673462336097
119,2,,None,Shared,3,1.2913554641276666
119,3,,None,Shared,3,2.4442725298654597
119,4,,None,Shared,3,NA
119,5,,None,Shared,3,NA
120,1,,None,Shared,3,8.732450692599532
120,2,,None,Shared,3,6.654521079423106
120,3,,None,Shared,3,0.07317485907058235
121,1,,None,Shared,3,5.648109445630834
121,2,,None,Shared,3,NA
121,3,,None,Shared,3,6.044353700229278
121,4,,None,Shared,3,NA
121,5,,None,Shared,3,NA
122,1,,None,Shared,3,68.07526616545744
122,2,,None,Shared,3,2.2490797129219327
122,3,,None,Shared,3,2.4945479805876007
123,1,,None,Shared,3,4.1153689012818395
123,2,,None,Shared,3,3.2260511736542257
123,3,,None,Shared,3,2.1550252696396806
124,1,,None,Shared,3,1.4668281523228592
124,2,,None,Shared,3,3.3232821105733863
124,3,,None,Shared,3,15.493846630681702
125,1,,None,Shared,3,NA
125,2,,None,Shared,3,0.6280067423587126
125,3,,None,Shared,3,6.31443815159405
125,4,,None,Shared,3,52.22546877625896
125,5,,None,Shared,3,1.3922073912739494
125,6,,None,Shared,3,NA
125,7,,None,Shared,3,NA
125,8,,None,Shared,3,NA
126,1,,None,Shared,3,6.068652512934121
126,2,,None,Shared,3,NA
126,3,,None,Shared,3,NA
126,4,,None,Shared,3,0.0679696991313024
126,5,,None,Shared,3,3.056252607270222
127,1,,None,Shared,3,2.051851662850101
127,2,,None,Shared,3,2.1442513248520845
127,3,,None,Shared,3,42.39217906921225
128,1,,None,Shared,3,4.784601220867179
128,2,,None,Shared,3,40.38366043864158
128,3,,None,Shared,3,2.5654950475098013
129,1,,None,Shared,3,2.6379187289905985
129,2,,None,Shared,3,1.5783345969723916
129,3,,None,Shared,3,1.0124398273898438
130,1,,None,Shared,3,12.382950177274006
130,2,,None,Shared,3,1.7807676901389047
130,3,,None,Shared,3,1.4821887236277258
131,1,,None,Shared,3,1.6031711259348755
131,2,,None,Shared,3,3.652259138228379
131,3,,None,Shared,3,28.015083718622183
131,4,,None,Shared,3,2.3875476894261136
132,1,,None,Shared,3,0.9661703877286546
132,2,,None,Shared,3,0.837857614167677
132,3,,None,Shared,3,NA
132,4,,None,Shared,3,1.1415640449614912
132,5,,None,Shared,3,1.8092393526475599
132,6,,None,Shared,3,NA
133,1,,None,Shared,3,15.10724259541
133,2,,None,Shared,3,3.3466730394176105
134,1,,None,Shared,3,1.993525144295166
134,2,,None,Shared,3,2.5095903476334276
134,3,,None,Shared,3,48.12220722161443
134,4,,None,Shared,3,3.5958429846143196
134,5,,None,Shared,3,NA
135,1,,None,Shared,3,10.51565800531603
135,2,,None,Shared,3,1.7969700748760389
135,3,,None,Shared,3,1.2898571431365813
136,1,,None,Shared,3,0.10881530223272748
136,2,,None,Shared,3,2.9820592851561396
137,1,,None,Shared,3,41.11247783838779
137,2,,None,Shared,3,2.0578251262765663
137,3,,None,Shared,3,1.1326730635803428
138,1,,None,Shared,3,3.711786735164248
138,2,,None,Shared,3,14.103326570393794
138,3,,None,Shared,3,51.20627952181254
138,4,,None,Shared,3,1.108891656922622
139,1,,None,Shared,3,3.2443467140084516
139,2,,None,Shared,3,45.27004575328835
139,3,,None,Shared,3,1.7623205217868025
139,4,,None,Shared,3,0.05260769905631689
140,1,,None,Shared,3,7.395768503571807
140,2,,None,Shared,3,2.5730285624755087
140,3,,None,Shared,3,29.01394461099172
140,4,,None,Shared,3,1.388624211224909
141,1,,None,Shared,3,6.459451739659404
141,2,,None,Shared,3,7.511589856917744
141,3,,None,Shared,3,3.4074919910418853
142,1,,None,Shared,3,9.335236054862984
142,2,,None,Shared,3,2.912720170779417
142,3,,None,Shared,3,1.2936329038796126
143,1,,None,Shared,3,0.5967619219887816
143,2,,None,Shared,3,6.47649386012466
143,3,,None,Shared,3,1.0990795235128465
143,4,,None,Shared,3,NA
144,1,,None,Shared,3,25.508270998055934
144,2,,None,Shared,3,1.4526370600064193
144,3,,None,Shared,3,NA
144,4,,None,Shared,3,1.3966632119790077
144,5,,None,Shared,3,NA
145,1,,None,Shared,3,1.7935498780228583
145,2,,None,Shared,3,0.5239194271789832
145,3,,None,Shared,3,1.3815549453359346
145,4,,None,Shared,3,7.039746842250244
145,5,,None,Shared,3,4.54803596511725
146,1,,None,Shared,3,10.254699421613719
146,2,,None,Shared,3,1.7583945941465622
146,3,,None,Shared,3,0.4347877981440787
147,1,,None,Shared,3,0.8139782393093812
147,2,,None,Shared,3,3.85000353117682
147,3,,None,Shared,3,3.8456063595487118
147,4,,None,Shared,3,1.9307307110385774
148,1,,None,Shared,3,32.45941886055119
148,2,,None,Shared,3,NA
148,3,,None,Shared,3,2.106355191145788
148,4,,None,Shared,3,9.7026612796973
148,5,,None,Shared,3,NA
148,6,,None,Shared,3,NA
148,7,,None,Shared,3,NA
149,1,,None,Shared,3,1.2604242874812612
149,2,,None,Shared,3,27.915832441286792
149,3,,None,Shared,3,2.409112496325297
149,4,,None,Shared,3,0.4416336891654901
149,5,,None,Shared,3,NA
149,6,,None,Shared,3,NA
150,1,,None,Shared,3,3.50925283833888
150,2,,None,Shared,3,2.821670831056039
151,1,,None,Shared,4,3.5477456515547483
151,2,,None,Shared,4,36.76112040346256
151,3,,None,Shared,4,1.642318777191629
152,1,,None,Shared,4,11.52125682825353
152,2,,None,Shared,4,1.8164916450648696
152,3,,None,Shared,4,0.07490961220030452
152,4,,None,Shared,4,1.646141659218026
153,1,,None,Shared,4,2.3591630234208827
153,2,,None,Shared,4,3.4024666762810836
153,3,,None,Shared,4,9.216945483376364
154,1,,None,Shared,4,2.389601247726036
154,2,,None,Shared,4,3.799959793646362
154,3,,None,Shared,4,4.66781377579964
155,1,,None,Shared,4,20.199665941744417
155,2,,None,Shared,4,4.306918617662418
155,3,,None,Shared,4,NA
155,4,,None,Shared,4,NA
156,1,,None,Shared,4,0.03863780532069628
156,2,,None,Shared,4,39.983852241696304
156,3,,None,Shared,4,2.1688239490024697
157,1,,None,Shared,4,50.1251728865181
157,2,,None,Shared,4,1.3197962614849188
157,3,,None,Shared,4,2.361901500132725
158,1,,None,Shared,4,2.025627799941454
158,2,,None,Shared,4,39.18106864820193
158,3,,None,Shared,4,NA
158,4,,None,Shared,4,NA
158,5,,None,Shared,4,0.48743850656902077
159,1,,None,Shared,4,44.190282813978506
159,2,,None,Shared,4,2.179478253543446
159,3,,None,Shared,4,1.2402352498629603
159,4,,None,Shared,4,1.1971872320998076
160,1,,None,Shared,4,7.869965057377403
160,2,,None,Shared,4,5.5406010512217065
160,3,,None,Shared,4,0.5416269011044424
160,4,,None,Shared,4,NA
160,5,,None,Shared,4,NA
160,6,,None,Shared,4,NA
161,1,,None,Shared,4,0.4557640837099801
161,2,,None,Shared,4,46.080387612522784
161,3,,None,Shared,4,0.6246597153650931
162,1,,None,Shared,4,2.68482616762183
162,2,,None,Shared,4,52.72460498441339
162,3,,None,Shared,4,0.7835320669889675
163,1,,None,Shared,4,5.479280647116391
163,2,,None,Shared,4,1.138533780781999
163,3,,None,Shared,4,4.9232720221477715
163,4,,None,Shared,4,80.22484789666477
164,1,,None,Shared,4,46.69570638638401
164,2,,None,Shared,4,3.687079215592302
164,3,,None,Shared,4,1.4266532424040008
165,1,,None,Shared,4,1.8381372143915387
165,2,,None,Shared,4,11.022148428112365
166,1,,None,Shared,4,36.03936670232731
166,2,,None,Shared,4,6.047736055568249
166,3,,None,Shared,4,0.4394688271083633
167,1,,None,Shared,4,8.726583320544018
167,2,,None,Shared,4,1.7009075053632876
167,3,,None,Shared,4,1.0783916515356564
167,4,,None,Shared,4,14.230695527425873
168,1,,None,Shared,4,7.960293403212472
168,2,,None,Shared,4,5.646673262741818
168,3,,None,Shared,4,1.8412354796026613
168,4,,None,Shared,4,0.9912800008070336
169,1,,None,Shared,4,3.542083366299643
169,2,,None,Shared,4,33.56778266842773
169,3,,None,Shared,4,0.18190794375177763
170,1,,None,Shared,4,1.8886695864634975
170,2,,None,Shared,4,1.3900791080605255
170,3,,None,Shared,4,1.6943724172384211
170,4,,None,Shared,4,44.86136228059204
171,1,,None,Shared,4,1.7018069602502617
171,2,,None,Shared,4,4.520435690926508
171,3,,None,Shared,4,61.853202979744935
171,4,,None,Shared,4,1.5010546211600309
172,1,,None,Shared,4,3.284966680377006
172,2,,None,Shared,4,NA
172,3,,None,Shared,4,0.8588463639407659
172,4,,None,Shared,4,27.085383019204222
172,5,,None,Shared,4,36.86342635512874
172,6,,None,Shared,4,1.1940864524360708
173,1,,None,Shared,4,3.4332865300450144
173,2,,None,Shared,4,35.05121817909127
173,3,,None,Shared,4,0.6861002490219001
174,1,,None,Shared,4,NA
174,2,,None,Shared,4,37.93484386378834
174,3,,None,Shared,4,1.4948127963857167
174,4,,None,Shared,4,2.323565728133208
174,5,,None,Shared,4,1.30367988785591
174,6,,None,Shared,4,NA
174,7,,None,Shared,4,27.985578009038875
174,8,,None,Shared,4,NA
174,9,,None,Shared,4,NA
175,1,,None,Shared,4,NA
175,2,,None,Shared,4,21.539710245163704
175,3,,None,Shared,4,1.1207575472999203
175,4,,None,Shared,4,4.761630517095698
175,5,,None,Shared,4,5.277567620888185
175,6,,None,Shared,4,NA
175,7,,None,Shared,4,NA
176,1,,None,Shared,4,14.398624131740585
176,2,,None,Shared,4,5.1614814036282235
176,3,,None,Shared,4,3.180123821259115
177,1,,None,Shared,4,1.1726742766690128
177,2,,None,Shared,4,1.3467109709723428
177,3,,None,Shared,4,5.26945602980042
177,4,,None,Shared,4,NA
177,5,,None,Shared,4,NA
177,6,,None,Shared,4,NA
177,7,,None,Shared,4,NA
178,1,,None,Shared,4,9.831047548811352
178,2,,None,Shared,4,26.705589516799737
178,3,,None,Shared,4,2.270293561337673
179,1,,None,Shared,4,0.3124221022911144
179,2,,None,Shared,4,2.0711610548035613
179,3,,None,Shared,4,4.0781130378149175
179,4,,None,Shared,4,1.9592524776650706
179,5,,None,Shared,4,NA
180,1,,None,Shared,4,4.6139408271125815
180,2,,None,Shared,4,6.897371907938277
180,3,,None,Shared,4,4.405478609001644
181,1,,None,Shared,4,16.28898187702078
181,2,,None,Shared,4,0.4354105523115141
181,3,,None,Shared,4,0.3760747607588879
182,1,,None,Shared,4,NA
182,2,,None,Shared,4,1.311356633854146
182,3,,None,Shared,4,NA
182,4,,None,Shared,4,12.041244789472556
182,5,,None,Shared,4,4.63554301565631
182,6,,None,Shared,4,1.136092878786744
182,7,,None,Shared,4,75.3831358088747
182,8,,None,Shared,4,9.630074592130631
183,1,,None,Shared,4,2.0855536912749963
183,2,,None,Shared,4,4.020296154599929
183,3,,None,Shared,4,70.61975128927727
183,4,,None,Shared,4,2.7923632422967177
183,5,,None,Shared,4,3.8130167770916716
184,1,,None,Shared,4,2.5675225941147244
184,2,,None,Shared,4,4.3280844033714425
184,3,,None,Shared,4,32.96747613774921
185,1,,None,Shared,4,NA
185,2,,None,Shared,4,0.15787235350117337
185,3,,None,Shared,4,NA
185,4,,None,Shared,4,1.191217784891891
185,5,,None,Shared,4,4.687634831365606
185,6,,None,Shared,4,50.84506372549847
185,7,,None,Shared,4,NA
185,8,,None,Shared,4,NA
186,1,,None,Shared,4,NA
186,2,,None,Shared,4,0.44268064330396656
186,3,,None,Shared,4,5.3625997529933676
186,4,,None,Shared,4,0.7986893016324011
186,5,,None,Shared,4,68.79425359320103
186,6,,None,Shared,4,NA
187,1,,None,Shared,4,4.221788331222242
187,2,,None,Shared,4,0.21746484773406424
187,3,,None,Shared,4,4.35076878567274
187,4,,None,Shared,4,9.15950583608575
188,1,,None,Shared,4,17.14324323819255
188,2,,None,Shared,4,4.173985727555923
188,3,,None,Shared,4,NA
188,4,,None,Shared,4,0.7616732238959153
188,5,,None,Shared,4,NA
189,1,,None,Shared,4,8.99505875096401
189,2,,None,Shared,4,3.3794923405742487
189,3,,None,Shared,4,0.4125307809771198
190,1,,None,Shared,4,43.88993797102375
190,2,,None,Shared,4,2.6862616560376495
190,3,,None,Shared,4,10.034111280366426
191,1,,None,Shared,4,5.9653300441572785
191,2,,None,Shared,4,5.548353768349177
191,3,,None,Shared,4,59.893215625708464
192,1,,None,Shared,4,18.896686388295553
192,2,,None,Shared,4,12.07235717217115
192,3,,None,Shared,4,1.526626106635146
193,1,,None,Shared,4,0.15388503136963003
193,2,,None,Shared,4,4.420485736399319
193,3,,None,Shared,4,62.12277189562482
193,4,,None,Shared,4,0.9694109139059652
193,5,,None,Shared,4,NA
193,6,,None,Shared,4,NA
194,1,,None,Shared,4,9.222158763915782
194,2,,None,Shared,4,3.7869385296441367
194,3,,None,Shared,4,52.73898134833626
195,1,,None,Shared,4,1.9145590676021191
195,2,,None,Shared,4,1.2237599093537173
195,3,,None,Shared,4,58.973299642155084
195,4,,None,Shared,4,2.440008747035962
196,1,,None,Shared,4,10.032083228499706
196,2,,None,Shared,4,14.912633793883733
196,3,,None,Shared,4,0.7280376121281376
196,4,,None,Shared,4,0.8948099965914519
197,1,,None,Shared,4,10.513809551438833
197,2,,None,Shared,4,1.2167390351127152
197,3,,None,Shared,4,NA
197,4,,None,Shared,4,NA
197,5,,None,Shared,4,NA
198,1,,None,Shared,4,73.35036227131047
198,2,,None,Shared,4,4.914078516984434
198,3,,None,Shared,4,5.20924382807855
199,1,,None,Shared,4,11.330662043971024
199,2,,None,Shared,4,2.848280116447148
199,3,,None,Shared,4,0.5486314336601583
200,1,,None,Shared,4,14.50251837067757
200,2,,None,Shared,4,12.20185129066941
200,3,,None,Shared,4,0.25306133643842293
1,1,,Pred,Individual,1,14.876253677648638
1,2,,Pred,Individual,1,1.3178059946188396
2,1,,Pred,Individual,1,1.5140917292012035
2,2,,Pred,Individual,1,1.465462250947947
2,3,,Pred,Individual,1,0.5038074726465981
2,4,,Pred,Individual,1,2.1847329562214233
2,5,,Pred,Individual,1,0.19576075384975708
3,1,,Pred,Individual,1,0.9631504316075359
3,2,,Pred,Individual,1,21.862600284513263
3,3,,Pred,Individual,1,0.7199976985467694
3,4,,Pred,Individual,1,0.5976629448662963
4,1,,Pred,Individual,1,3.3113080116393268
4,2,,Pred,Individual,1,1.5889312311106554
4,3,,Pred,Individual,1,1.3028886368373915
4,4,,Pred,Individual,1,0.3931281441457353
5,1,,Pred,Individual,1,17.054739481240354
5,2,,Pred,Individual,1,0.6364896385645271
5,3,,Pred,Individual,1,1.817720190215138
5,4,,Pred,Individual,1,0.543406606511183
6,1,,Pred,Individual,1,3.3355775321658796
6,2,,Pred,Individual,1,1.7343277946746676
6,3,,Pred,Individual,1,0.993106076822674
7,1,,Pred,Individual,1,1.8638275774218092
7,2,,Pred,Individual,1,1.041946833118573
7,3,,Pred,Individual,1,1.528839214465935
8,1,,Pred,Individual,1,11.508265047210031
8,2,,Pred,Individual,1,1.1206657134428977
8,3,,Pred,Individual,1,0.15549690521142312
9,1,,Pred,Individual,1,9.193232918033761
9,2,,Pred,Individual,1,0.08414000237698971
10,1,,Pred,Individual,1,1.4194054871458732
10,2,,Pred,Individual,1,3.8003874150172914
10,3,,Pred,Individual,1,NA
11,1,,Pred,Individual,1,2.31789435689824
11,2,,Pred,Individual,1,4.410953884588604
11,3,,Pred,Individual,1,0.29991620496398647
12,1,,Pred,Individual,1,1.7470158064716204
12,2,,Pred,Individual,1,31.861913050015296
13,1,,Pred,Individual,1,1.7159720706657196
13,2,,Pred,Individual,1,5.670998602747947
13,3,,Pred,Individual,1,0.7339118306784537
14,1,,Pred,Individual,1,1.321494486824547
14,2,,Pred,Individual,1,0.791618175738795
14,3,,Pred,Individual,1,3.634238196814022
15,1,,Pred,Individual,1,1.7254554732353318
15,2,,Pred,Individual,1,NA
15,3,,Pred,Individual,1,1.0645061907939564
15,4,,Pred,Individual,1,0.5150035048424437
15,5,,Pred,Individual,1,0.1759843631309921
15,6,,Pred,Individual,1,NA
15,7,,Pred,Individual,1,NA
15,8,,Pred,Individual,1,NA
16,1,,Pred,Individual,1,5.195522361234925
16,2,,Pred,Individual,1,NA
16,3,,Pred,Individual,1,0.331694573365318
16,4,,Pred,Individual,1,0.5541262916283383
17,1,,Pred,Individual,1,1.9314257100194474
17,2,,Pred,Individual,1,0.88191087708209015
17,3,,Pred,Individual,1,NA
17,4,,Pred,Individual,1,NA
18,1,,Pred,Individual,1,2.185717909883955
18,2,,Pred,Individual,1,2.70271264285334
18,3,,Pred,Individual,1,44.290168440343415
19,1,,Pred,Individual,1,0.9888133218935439
19,2,,Pred,Individual,1,7.402169981435357
19,3,,Pred,Individual,1,5.004444815517168
20,1,,Pred,Individual,1,11.749027114444177
20,2,,Pred,Individual,1,0.9849558371812581
20,3,,Pred,Individual,1,1.1561402944050667
20,4,,Pred,Individual,1,0.194697185676807
21,1,,Pred,Individual,1,2.542264095441734
21,2,,Pred,Individual,1,2.255231068725486
22,1,,Pred,Individual,1,1.4930056582317563
22,2,,Pred,Individual,1,0.8180219699274639
22,3,,Pred,Individual,1,0.9738136299037992
22,4,,Pred,Individual,1,NA
23,1,,Pred,Individual,1,11.476612101240482
23,2,,Pred,Individual,1,1.5511246019706024
24,1,,Pred,Individual,1,2.153106833608699
24,2,,Pred,Individual,1,1.6695806639825623
25,1,,Pred,Individual,1,30.959224467151596
25,2,,Pred,Individual,1,1.1863590791544156
25,3,,Pred,Individual,1,1.6908729357197578
25,4,,Pred,Individual,1,0.6511423132206526
26,1,,Pred,Individual,1,14.959839343496132
26,2,,Pred,Individual,1,1.032634620283019
26,3,,Pred,Individual,1,0.7680630738997198
26,4,,Pred,Individual,1,3.0377562176877264
27,1,,Pred,Individual,1,2.185861050602086
27,2,,Pred,Individual,1,1.3890389630940596
27,3,,Pred,Individual,1,0.19439282349094128
27,4,,Pred,Individual,1,0.4982771782572632
27,5,,Pred,Individual,1,NA
28,1,,Pred,Individual,1,1.7405895727425487
28,2,,Pred,Individual,1,11.708156549881576
28,3,,Pred,Individual,1,0.6543341464026821
29,1,,Pred,Individual,1,0.5400217704513108
29,2,,Pred,Individual,1,0.9931405089581709
29,3,,Pred,Individual,1,1.3911017408949484
29,4,,Pred,Individual,1,NA
30,1,,Pred,Individual,1,1.6556324727247844
30,2,,Pred,Individual,1,0.874774366013053
30,3,,Pred,Individual,1,1.4754077247720263
30,4,,Pred,Individual,1,28.425415117126175
31,1,,Pred,Individual,1,2.1148825200290577
31,2,,Pred,Individual,1,4.977724382751949
32,1,,Pred,Individual,1,0.6150558726826825
32,2,,Pred,Individual,1,2.1627139529487165
32,3,,Pred,Individual,1,0.47794199800143256
32,4,,Pred,Individual,1,NA
32,5,,Pred,Individual,1,NA
32,6,,Pred,Individual,1,NA
32,7,,Pred,Individual,1,NA
33,1,,Pred,Individual,1,1.6900317617979717
33,2,,Pred,Individual,1,2.0292554329193986
34,1,,Pred,Individual,1,10.143662821294736
34,2,,Pred,Individual,1,1.643954374195396
35,1,,Pred,Individual,1,1.0368744986646203
35,2,,Pred,Individual,1,1.9293760597719272
35,3,,Pred,Individual,1,4.13057495215865
35,4,,Pred,Individual,1,11.358306967791766
36,1,,Pred,Individual,1,1.5490705075135522
36,2,,Pred,Individual,1,15.780368597390828
36,3,,Pred,Individual,1,2.640996633985012
37,1,,Pred,Individual,1,2.7407730516890982
37,2,,Pred,Individual,1,0.5385682192667325
37,3,,Pred,Individual,1,NA
38,1,,Pred,Individual,1,1.8150564987786848
38,2,,Pred,Individual,1,2.695930172086625
39,1,,Pred,Individual,1,2.0098058419399347
39,2,,Pred,Individual,1,1.6338986211507014
39,3,,Pred,Individual,1,2.800858639450778
40,1,,Pred,Individual,1,1.998028532194076
40,2,,Pred,Individual,1,2.015830681228532
40,3,,Pred,Individual,1,NA
40,4,,Pred,Individual,1,NA
40,5,,Pred,Individual,1,NA
41,1,,Pred,Individual,1,2.9205498382940207
41,2,,Pred,Individual,1,2.799315710950801
41,3,,Pred,Individual,1,NA
41,4,,Pred,Individual,1,NA
41,5,,Pred,Individual,1,NA
42,1,,Pred,Individual,1,1.2601079477862411
42,2,,Pred,Individual,1,0.8389093651410745
42,3,,Pred,Individual,1,2.939592997041407
43,1,,Pred,Individual,1,1.218978910377645
43,2,,Pred,Individual,1,0.5792400900136722
43,3,,Pred,Individual,1,3.166265677037876
43,4,,Pred,Individual,1,NA
43,5,,Pred,Individual,1,NA
43,6,,Pred,Individual,1,NA
44,1,,Pred,Individual,1,1.3181171078377398
44,2,,Pred,Individual,1,4.390778432485646
45,1,,Pred,Individual,1,0.9948541096713955
45,2,,Pred,Individual,1,1.777130980585899
45,3,,Pred,Individual,1,0.7440555929050864
46,1,,Pred,Individual,1,0.8634922976955446
46,2,,Pred,Individual,1,1.7065206024149013
46,3,,Pred,Individual,1,NA
46,4,,Pred,Individual,1,NA
46,5,,Pred,Individual,1,NA
46,6,,Pred,Individual,1,NA
47,1,,Pred,Individual,1,0.11248976984430026
47,2,,Pred,Individual,1,2.775912437254521
47,3,,Pred,Individual,1,0.9238722138782599
48,1,,Pred,Individual,1,1.3423918128388048
48,2,,Pred,Individual,1,1.9624165808062926
48,3,,Pred,Individual,1,0.5257622251118228
48,4,,Pred,Individual,1,0.29210015405678974
48,5,,Pred,Individual,1,NA
49,1,,Pred,Individual,1,1.067394052763089
49,2,,Pred,Individual,1,0.6150538994147735
49,3,,Pred,Individual,1,2.4846034252942624
49,4,,Pred,Individual,1,4.131455311691536
50,1,,Pred,Individual,1,1.021169744986889
50,2,,Pred,Individual,1,1.841805968413354
50,3,,Pred,Individual,1,3.5578734449105984
50,4,,Pred,Individual,1,0.7470781050221933
51,1,,Pred,Individual,2,26.4518221800361
51,2,,Pred,Individual,2,1.514674985707875
51,3,,Pred,Individual,2,1.0226680558201193
51,4,,Pred,Individual,2,NA
51,5,,Pred,Individual,2,NA
52,1,,Pred,Individual,2,0.6425294204804758
52,2,,Pred,Individual,2,1.3627078692066514
52,3,,Pred,Individual,2,0.9948031987886738
52,4,,Pred,Individual,2,43.96793362261454
52,5,,Pred,Individual,2,NA
52,6,,Pred,Individual,2,NA
52,7,,Pred,Individual,2,NA
52,8,,Pred,Individual,2,NA
53,1,,Pred,Individual,2,1.3744380165445378
53,2,,Pred,Individual,2,1.427193055034532
53,3,,Pred,Individual,2,1.0380057580140032
54,1,,Pred,Individual,2,6.678829350686733
54,2,,Pred,Individual,2,2.1150757469671078
54,3,,Pred,Individual,2,0.5372480351758858
55,1,,Pred,Individual,2,13.603059716757773
55,2,,Pred,Individual,2,0.11601745558320108
56,1,,Pred,Individual,2,0.5460986083117233
56,2,,Pred,Individual,2,0.7718754428850318
56,3,,Pred,Individual,2,1.6727391748748737
56,4,,Pred,Individual,2,1.3641770284068657
57,1,,Pred,Individual,2,19.68059840899247
57,2,,Pred,Individual,2,2.104887913784696
57,3,,Pred,Individual,2,1.563217262571009
58,1,,Pred,Individual,2,0.7011132226843826
58,2,,Pred,Individual,2,1.0259857229623757
58,3,,Pred,Individual,2,0.7861672320976469
58,4,,Pred,Individual,2,46.24415526348734
58,5,,Pred,Individual,2,0.18365500898250187
58,6,,Pred,Individual,2,6.5130961216613414
59,1,,Pred,Individual,2,3.836307279126132
59,2,,Pred,Individual,2,1.662952475954363
59,3,,Pred,Individual,2,4.066063068392053
60,1,,Pred,Individual,2,1.0980237234159498
60,2,,Pred,Individual,2,2.013783161579608
60,3,,Pred,Individual,2,NA
60,4,,Pred,Individual,2,NA
61,1,,Pred,Individual,2,2.9983659237713325
61,2,,Pred,Individual,2,7.086752404572652
61,3,,Pred,Individual,2,1.1329386654344187
62,1,,Pred,Individual,2,12.597274797392213
62,2,,Pred,Individual,2,2.264088938182418
62,3,,Pred,Individual,2,0.5396292927103091
63,1,,Pred,Individual,2,1.404957070681927
63,2,,Pred,Individual,2,71.7093202788135
63,3,,Pred,Individual,2,1.6754063204406946
64,1,,Pred,Individual,2,53.29525736916104
64,2,,Pred,Individual,2,3.6133308306860785
64,3,,Pred,Individual,2,2.062533185187574
64,4,,Pred,Individual,2,1.492486635010195
65,1,,Pred,Individual,2,NA
65,2,,Pred,Individual,2,1.7286242859619707
65,3,,Pred,Individual,2,1.311335888510071
65,4,,Pred,Individual,2,NA
65,5,,Pred,Individual,2,NA
66,1,,Pred,Individual,2,12.764920777079604
66,2,,Pred,Individual,2,1.2844762874740951
66,3,,Pred,Individual,2,0.4854837278426569
67,1,,Pred,Individual,2,1.3562517318215024
67,2,,Pred,Individual,2,0.5966831125181342
67,3,,Pred,Individual,2,0.8103635928842742
67,4,,Pred,Individual,2,1.3709866430795428
67,5,,Pred,Individual,2,NA
68,1,,Pred,Individual,2,0.6086650003980134
68,2,,Pred,Individual,2,1.6454437667052402
68,3,,Pred,Individual,2,53.09910584445094
69,1,,Pred,Individual,2,0.30975062550380694
69,2,,Pred,Individual,2,0.35532127149706594
69,3,,Pred,Individual,2,0.8115440396094734
69,4,,Pred,Individual,2,0.524806269017438
69,5,,Pred,Individual,2,0.5374361615385566
69,6,,Pred,Individual,2,38.46085394497276
70,1,,Pred,Individual,2,11.010453556323096
70,2,,Pred,Individual,2,2.9267144852947844
70,3,,Pred,Individual,2,0.9617403493809831
71,1,,Pred,Individual,2,3.169886766525043
71,2,,Pred,Individual,2,6.942792551554127
71,3,,Pred,Individual,2,1.3073567607963783
72,1,,Pred,Individual,2,1.3129592290869878
72,2,,Pred,Individual,2,18.577975205572695
73,1,,Pred,Individual,2,2.7668126487022726
73,2,,Pred,Individual,2,0.1702446768624484
73,3,,Pred,Individual,2,1.219362986932735
74,1,,Pred,Individual,2,1.0560834284285896
74,2,,Pred,Individual,2,56.89540911532318
74,3,,Pred,Individual,2,0.593360616187826
74,4,,Pred,Individual,2,2.278210932499089
75,1,,Pred,Individual,2,0.5508526707249739
75,2,,Pred,Individual,2,22.158526353111874
75,3,,Pred,Individual,2,2.145463708228102
75,4,,Pred,Individual,2,1.0239678252350444
76,1,,Pred,Individual,2,2.114930280865321
76,2,,Pred,Individual,2,2.4613246883010462
76,3,,Pred,Individual,2,1.667476395635032
77,1,,Pred,Individual,2,0.21123730731099685
77,2,,Pred,Individual,2,3.6222948333894656
77,3,,Pred,Individual,2,1.5647626504442476
77,4,,Pred,Individual,2,0.919431956207795
77,5,,Pred,Individual,2,NA
77,6,,Pred,Individual,2,NA
77,7,,Pred,Individual,2,NA
77,8,,Pred,Individual,2,NA
78,1,,Pred,Individual,2,8.160843400905751
78,2,,Pred,Individual,2,3.354742527905615
79,1,,Pred,Individual,2,1.9483575618424445
79,2,,Pred,Individual,2,13.431771775424524
79,3,,Pred,Individual,2,0.05042072986381795
80,1,,Pred,Individual,2,1.4690316779174242
80,2,,Pred,Individual,2,1.2188837721456467
80,3,,Pred,Individual,2,45.74315740614078
80,4,,Pred,Individual,2,0.7895534804638737
80,5,,Pred,Individual,2,1.142240337468995
81,1,,Pred,Individual,2,3.261748305914355
81,2,,Pred,Individual,2,1.9133222272782486
81,3,,Pred,Individual,2,NA
82,1,,Pred,Individual,2,0.9264220688083878
82,2,,Pred,Individual,2,0.623356903395831
82,3,,Pred,Individual,2,4.560532233186907
82,4,,Pred,Individual,2,51.13817402590916
82,5,,Pred,Individual,2,0.854425263310075
83,1,,Pred,Individual,2,20.321039159878005
83,2,,Pred,Individual,2,2.2333990579179037
83,3,,Pred,Individual,2,1.948954960665238
83,4,,Pred,Individual,2,0.6646642611123288
84,1,,Pred,Individual,2,2.0586490714465353
84,2,,Pred,Individual,2,0.5549396549688148
84,3,,Pred,Individual,2,16.87904540259978
85,1,,Pred,Individual,2,28.39812822740259
85,2,,Pred,Individual,2,4.144714548545131
85,3,,Pred,Individual,2,0.6279476190412139
85,4,,Pred,Individual,2,NA
85,5,,Pred,Individual,2,NA
86,1,,Pred,Individual,2,1.0921032180067352
86,2,,Pred,Individual,2,2.6988859338695184
86,3,,Pred,Individual,2,54.66103645583849
86,4,,Pred,Individual,2,0.9459569018182195
86,5,,Pred,Individual,2,0.9789258732299435
87,1,,Pred,Individual,2,39.842229641432844
87,2,,Pred,Individual,2,2.221274279315246
87,3,,Pred,Individual,2,0.21716081598668077
88,1,,Pred,Individual,2,10.699131528505312
88,2,,Pred,Individual,2,2.987400504577676
88,3,,Pred,Individual,2,0.5237455357657506
89,1,,Pred,Individual,2,1.5066974969693814
89,2,,Pred,Individual,2,16.189691198650948
89,3,,Pred,Individual,2,2.1229522638118583
90,1,,Pred,Individual,2,1.435201945406565
90,2,,Pred,Individual,2,NA
90,3,,Pred,Individual,2,1.812312276970589
90,4,,Pred,Individual,2,NA
90,5,,Pred,Individual,2,NA
90,6,,Pred,Individual,2,NA
90,7,,Pred,Individual,2,NA
91,1,,Pred,Individual,2,1.9042187856579122
91,2,,Pred,Individual,2,2.7770149292709005
91,3,,Pred,Individual,2,6.728174748771022
92,1,,Pred,Individual,2,9.218639055941255
92,2,,Pred,Individual,2,1.403226250892878
92,3,,Pred,Individual,2,0.9202335880206571
93,1,,Pred,Individual,2,1.3815233462397587
93,2,,Pred,Individual,2,2.044789443612075
93,3,,Pred,Individual,2,76.44231112525314
94,1,,Pred,Individual,2,0.8698845438167584
94,2,,Pred,Individual,2,10.959847511284556
94,3,,Pred,Individual,2,0.04017586340080257
94,4,,Pred,Individual,2,1.1928082578520325
95,1,,Pred,Individual,2,1.7254205295886686
95,2,,Pred,Individual,2,19.816020845195816
95,3,,Pred,Individual,2,NA
95,4,,Pred,Individual,2,NA
95,5,,Pred,Individual,2,0.06761730547722147
96,1,,Pred,Individual,2,1.257049380765954
96,2,,Pred,Individual,2,53.41156887102212
96,3,,Pred,Individual,2,1.965287844202471
96,4,,Pred,Individual,2,6.789560425673586
97,1,,Pred,Individual,2,18.60460385625376
97,2,,Pred,Individual,2,7.490470966260743
98,1,,Pred,Individual,2,0.8662776484575396
98,2,,Pred,Individual,2,0.6691067254183
98,3,,Pred,Individual,2,NA
98,4,,Pred,Individual,2,1.1031816843225999
98,5,,Pred,Individual,2,NA
98,6,,Pred,Individual,2,NA
98,7,,Pred,Individual,2,NA
98,8,,Pred,Individual,2,NA
98,9,,Pred,Individual,2,0.5379939218987516
99,1,,Pred,Individual,2,1.7467657520781001
99,2,,Pred,Individual,2,31.832072573562883
99,3,,Pred,Individual,2,1.2251939601548822
100,1,,Pred,Individual,2,1.1232287751695458
100,2,,Pred,Individual,2,1.0561250071620625
100,3,,Pred,Individual,2,13.83281549070904
100,4,,Pred,Individual,2,NA
100,5,,Pred,Individual,2,1.6710177896634602
101,1,,Pred,Individual,3,0.8925287710184215
101,2,,Pred,Individual,3,30.14925420739175
101,3,,Pred,Individual,3,1.1705865049236146
102,1,,Pred,Individual,3,23.50008973654718
102,2,,Pred,Individual,3,1.8845533210816825
102,3,,Pred,Individual,3,2.0204168364823643
103,1,,Pred,Individual,3,1.6323370367416332
103,2,,Pred,Individual,3,9.849224683513711
104,1,,Pred,Individual,3,0.694984813297884
104,2,,Pred,Individual,3,1.0859848189120207
104,3,,Pred,Individual,3,1.9147895360514553
104,4,,Pred,Individual,3,NA
104,5,,Pred,Individual,3,1.258646062488897
104,6,,Pred,Individual,3,0.26323322358699336
105,1,,Pred,Individual,3,1.19380254283655
105,2,,Pred,Individual,3,1.4494025829682875
105,3,,Pred,Individual,3,3.7391029036588264
106,1,,Pred,Individual,3,0.8678467401891813
106,2,,Pred,Individual,3,3.1052682456142633
106,3,,Pred,Individual,3,0.9908771229992474
106,4,,Pred,Individual,3,67.50013383830635
106,5,,Pred,Individual,3,2.439602348792706
107,1,,Pred,Individual,3,3.9642434052378457
107,2,,Pred,Individual,3,31.635493152722702
107,3,,Pred,Individual,3,5.28382042143851
108,1,,Pred,Individual,3,0.6789883221989741
108,2,,Pred,Individual,3,1.3931071180933587
108,3,,Pred,Individual,3,0.7689065927906328
108,4,,Pred,Individual,3,0.43015216905799636
108,5,,Pred,Individual,3,NA
109,1,,Pred,Individual,3,2.9825913948688494
109,2,,Pred,Individual,3,15.161153904565568
109,3,,Pred,Individual,3,0.5465531392891416
109,4,,Pred,Individual,3,0.2779835426783402
110,1,,Pred,Individual,3,37.31028489121162
110,2,,Pred,Individual,3,1.3049476702205993
110,3,,Pred,Individual,3,0.04604345773288475
110,4,,Pred,Individual,3,0.7113849590763068
111,1,,Pred,Individual,3,1.7216100148309066
111,2,,Pred,Individual,3,61.29601269073525
111,3,,Pred,Individual,3,3.409171265421435
112,1,,Pred,Individual,3,1.1809796902150735
112,2,,Pred,Individual,3,1.237681224667411
112,3,,Pred,Individual,3,NA
112,4,,Pred,Individual,3,NA
112,5,,Pred,Individual,3,NA
112,6,,Pred,Individual,3,NA
112,7,,Pred,Individual,3,NA
112,8,,Pred,Individual,3,NA
113,1,,Pred,Individual,3,1.2189618553553423
113,2,,Pred,Individual,3,NA
113,3,,Pred,Individual,3,NA
113,4,,Pred,Individual,3,1.0627580793742697
113,5,,Pred,Individual,3,NA
113,6,,Pred,Individual,3,0.5568903190714531
113,7,,Pred,Individual,3,NA
113,8,,Pred,Individual,3,NA
114,1,,Pred,Individual,3,20.536811763386208
114,2,,Pred,Individual,3,0.1953070403236909
114,3,,Pred,Individual,3,0.8978995767901872
115,1,,Pred,Individual,3,2.0098850451938852
115,2,,Pred,Individual,3,1.7432048447140716
115,3,,Pred,Individual,3,46.356535946405785
116,1,,Pred,Individual,3,NA
116,2,,Pred,Individual,3,3.0530250506086807
116,3,,Pred,Individual,3,1.0716871207985366
116,4,,Pred,Individual,3,NA
116,5,,Pred,Individual,3,NA
117,1,,Pred,Individual,3,7.366833770107396
117,2,,Pred,Individual,3,3.3129024379904486
117,3,,Pred,Individual,3,1.2598399461836385
118,1,,Pred,Individual,3,60.990992766599454
118,2,,Pred,Individual,3,2.3122495474991296
118,3,,Pred,Individual,3,1.275833604102969
119,1,,Pred,Individual,3,7.740865431958703
119,2,,Pred,Individual,3,0.03822054421380939
120,1,,Pred,Individual,3,2.2787484494849832
120,2,,Pred,Individual,3,5.644358516969087
120,3,,Pred,Individual,3,1.7889415026769335
121,1,,Pred,Individual,3,0.9038206146545911
121,2,,Pred,Individual,3,2.5021964414659554
121,3,,Pred,Individual,3,45.7635694311165
121,4,,Pred,Individual,3,1.0739183519130313
121,5,,Pred,Individual,3,0.7732711745983843
122,1,,Pred,Individual,3,1.5974557668714409
122,2,,Pred,Individual,3,1.2410954951829098
122,3,,Pred,Individual,3,35.569553222538296
122,4,,Pred,Individual,3,1.2590007145613538
123,1,,Pred,Individual,3,59.123687524486925
123,2,,Pred,Individual,3,1.004619276143955
123,3,,Pred,Individual,3,0.76148991399293
124,1,,Pred,Individual,3,16.36687704762292
124,2,,Pred,Individual,3,0.8073244088917348
125,1,,Pred,Individual,3,9.564188005249525
125,2,,Pred,Individual,3,3.5409806151709917
126,1,,Pred,Individual,3,0.26510680866397673
126,2,,Pred,Individual,3,16.260158030159953
127,1,,Pred,Individual,3,45.271473618396215
127,2,,Pred,Individual,3,1.82200176696771
128,1,,Pred,Individual,3,2.449667941813884
128,2,,Pred,Individual,3,0.43927308882260574
128,3,,Pred,Individual,3,NA
128,4,,Pred,Individual,3,NA
128,5,,Pred,Individual,3,NA
128,6,,Pred,Individual,3,NA
128,7,,Pred,Individual,3,NA
128,8,,Pred,Individual,3,NA
129,1,,Pred,Individual,3,37.376951175850806
129,2,,Pred,Individual,3,2.113237110810327
129,3,,Pred,Individual,3,1.503664613125434
130,1,,Pred,Individual,3,0.6096880539037005
130,2,,Pred,Individual,3,1.1922025277544221
130,3,,Pred,Individual,3,0.6069996540361452
130,4,,Pred,Individual,3,7.743278391611656
130,5,,Pred,Individual,3,47.818533335230285
130,6,,Pred,Individual,3,2.814801319085113
131,1,,Pred,Individual,3,0.41881702119382175
131,2,,Pred,Individual,3,77.85672547611034
131,3,,Pred,Individual,3,4.91163483323144
131,4,,Pred,Individual,3,0.920552826588925
131,5,,Pred,Individual,3,NA
131,6,,Pred,Individual,3,NA
131,7,,Pred,Individual,3,NA
131,8,,Pred,Individual,3,NA
132,1,,Pred,Individual,3,1.2670132826211318
132,2,,Pred,Individual,3,3.529582602112787
132,3,,Pred,Individual,3,42.765017226700614
132,4,,Pred,Individual,3,1.321894954639953
133,1,,Pred,Individual,3,1.214961418235219
133,2,,Pred,Individual,3,1.2432182584657112
133,3,,Pred,Individual,3,22.953526388641475
133,4,,Pred,Individual,3,1.065078431142915
133,5,,Pred,Individual,3,1.206855786745047
134,1,,Pred,Individual,3,1.4543201343149177
134,2,,Pred,Individual,3,2.113365303635594
134,3,,Pred,Individual,3,2.097723807134068
134,4,,Pred,Individual,3,55.09377201798766
135,1,,Pred,Individual,3,29.016033467362064
135,2,,Pred,Individual,3,1.4893853211798318
135,3,,Pred,Individual,3,0.6134568362973867
135,4,,Pred,Individual,3,1.523248911571848
136,1,,Pred,Individual,3,1.5285385099790518
136,2,,Pred,Individual,3,2.1946145743203394
136,3,,Pred,Individual,3,1.7101361633844419
137,1,,Pred,Individual,3,14.644527527212885
137,2,,Pred,Individual,3,0.1052152555478536
138,1,,Pred,Individual,3,2.10216814231572
138,2,,Pred,Individual,3,0.6950378141662663
138,3,,Pred,Individual,3,15.49555349791905
139,1,,Pred,Individual,3,1.3806604788136483
139,2,,Pred,Individual,3,22.206419970369584
140,1,,Pred,Individual,3,7.581058896663962
140,2,,Pred,Individual,3,39.81412812802229
140,3,,Pred,Individual,3,1.1891785777822594
141,1,,Pred,Individual,3,1.2467592450266716
141,2,,Pred,Individual,3,1.503242211113464
141,3,,Pred,Individual,3,0.00478852795752768
141,4,,Pred,Individual,3,64.16225343548861
142,1,,Pred,Individual,3,2.003716013795298
142,2,,Pred,Individual,3,1.43251859126893
142,3,,Pred,Individual,3,3.2123402729537127
142,4,,Pred,Individual,3,NA
143,1,,Pred,Individual,3,1.1643734256341782
143,2,,Pred,Individual,3,4.094019226910138
143,3,,Pred,Individual,3,1.2280558873168461
143,4,,Pred,Individual,3,80.13540966645145
144,1,,Pred,Individual,3,1.5973856463036835
144,2,,Pred,Individual,3,5.444519229727241
144,3,,Pred,Individual,3,74.30647076660857
144,4,,Pred,Individual,3,1.1565296448926221
145,1,,Pred,Individual,3,1.3659855087079065
145,2,,Pred,Individual,3,20.59960587064592
145,3,,Pred,Individual,3,0.10726043072820352
146,1,,Pred,Individual,3,NA
146,2,,Pred,Individual,3,1.7941344343532302
146,3,,Pred,Individual,3,1.2267812124214101
146,4,,Pred,Individual,3,NA
146,5,,Pred,Individual,3,0.7987207013685853
146,6,,Pred,Individual,3,NA
146,7,,Pred,Individual,3,20.203208046248495
147,1,,Pred,Individual,3,37.415925897341545
147,2,,Pred,Individual,3,1.06828592646116
148,1,,Pred,Individual,3,2.1407522224922593
148,2,,Pred,Individual,3,1.9121791117199147
148,3,,Pred,Individual,3,2.3694294856651967
148,4,,Pred,Individual,3,0.4459557152902111
149,1,,Pred,Individual,3,1.8373969396016283
149,2,,Pred,Individual,3,5.317585944769026
149,3,,Pred,Individual,3,16.773814678837777
150,1,,Pred,Individual,3,0.4453437448866585
150,2,,Pred,Individual,3,28.62209339399734
150,3,,Pred,Individual,3,1.508796207349014
150,4,,Pred,Individual,3,NA
150,5,,Pred,Individual,3,0.6275847554036991
151,1,,Pred,Individual,4,25.185397021926704
151,2,,Pred,Individual,4,1.9377148588522313
151,3,,Pred,Individual,4,NA
151,4,,Pred,Individual,4,1.6487916093754744
151,5,,Pred,Individual,4,NA
152,1,,Pred,Individual,4,20.701201950701183
152,2,,Pred,Individual,4,5.123625100603366
152,3,,Pred,Individual,4,0.1476500253978995
152,4,,Pred,Individual,4,NA
152,5,,Pred,Individual,4,NA
153,1,,Pred,Individual,4,45.653204049661184
153,2,,Pred,Individual,4,1.8508014358527076
153,3,,Pred,Individual,4,3.260216553564573
153,4,,Pred,Individual,4,9.568310889840806
153,5,,Pred,Individual,4,NA
153,6,,Pred,Individual,4,NA
153,7,,Pred,Individual,4,NA
154,1,,Pred,Individual,4,4.245697650272543
154,2,,Pred,Individual,4,81.39199216458583
154,3,,Pred,Individual,4,1.0622327250786934
155,1,,Pred,Individual,4,3.520816611350162
155,2,,Pred,Individual,4,4.4020000924436555
155,3,,Pred,Individual,4,29.78320302879644
156,1,,Pred,Individual,4,1.1114359517395178
156,2,,Pred,Individual,4,0.23738378209136343
156,3,,Pred,Individual,4,3.9640108847500204
156,4,,Pred,Individual,4,NA
156,5,,Pred,Individual,4,NA
156,6,,Pred,Individual,4,NA
156,7,,Pred,Individual,4,63.48788234749998
157,1,,Pred,Individual,4,16.100986303984605
157,2,,Pred,Individual,4,1.2882382201461662
157,3,,Pred,Individual,4,0.5035112533436387
158,1,,Pred,Individual,4,29.143035833587895
158,2,,Pred,Individual,4,0.6308718570359586
158,3,,Pred,Individual,4,5.705081046084449
158,4,,Pred,Individual,4,1.0354940511659196
159,1,,Pred,Individual,4,2.2337886153641735
159,2,,Pred,Individual,4,1.225352123046983
159,3,,Pred,Individual,4,0.9905893757454902
159,4,,Pred,Individual,4,36.46492045047985
160,1,,Pred,Individual,4,47.42642969112861
160,2,,Pred,Individual,4,1.6070035856549452
160,3,,Pred,Individual,4,1.360914165240235
160,4,,Pred,Individual,4,0.3210374432990645
161,1,,Pred,Individual,4,42.956215624320954
161,2,,Pred,Individual,4,4.5256276076919155
161,3,,Pred,Individual,4,0.6289986665719451
162,1,,Pred,Individual,4,38.2314683530199
162,2,,Pred,Individual,4,1.0124045090772773
162,3,,Pred,Individual,4,0.6147910626397172
162,4,,Pred,Individual,4,0.8354414401979355
163,1,,Pred,Individual,4,1.4916829985447912
163,2,,Pred,Individual,4,1.894425705286287
163,3,,Pred,Individual,4,21.156269238691397
163,4,,Pred,Individual,4,30.182113866990832
164,1,,Pred,Individual,4,6.104148366078296
164,2,,Pred,Individual,4,2.7478263471401854
164,3,,Pred,Individual,4,NA
164,4,,Pred,Individual,4,NA
165,1,,Pred,Individual,4,6.311956620880909
165,2,,Pred,Individual,4,3.874290153467312
165,3,,Pred,Individual,4,0.347372889205275
165,4,,Pred,Individual,4,91.66371941329896
166,1,,Pred,Individual,4,1.129052967394421
166,2,,Pred,Individual,4,3.1174620519367813
166,3,,Pred,Individual,4,41.84231593708281
166,4,,Pred,Individual,4,2.43733263457141
166,5,,Pred,Individual,4,10.376918005211119
167,1,,Pred,Individual,4,3.515134576432226
167,2,,Pred,Individual,4,9.58589060983557
167,3,,Pred,Individual,4,0.00660378679244099
168,1,,Pred,Individual,4,2.101849838518584
168,2,,Pred,Individual,4,40.33855133984278
168,3,,Pred,Individual,4,0.8228471238323012
168,4,,Pred,Individual,4,0.7952155053820298
169,1,,Pred,Individual,4,1.4744515679425685
169,2,,Pred,Individual,4,30.857851484976244
169,3,,Pred,Individual,4,8.48997820449216
169,4,,Pred,Individual,4,0.779988773963253
170,1,,Pred,Individual,4,3.025237135975928
170,2,,Pred,Individual,4,NA
170,3,,Pred,Individual,4,NA
170,4,,Pred,Individual,4,3.0582167755924767
170,5,,Pred,Individual,4,0.6915054102515024
170,6,,Pred,Individual,4,NA
170,7,,Pred,Individual,4,NA
170,8,,Pred,Individual,4,NA
171,1,,Pred,Individual,4,1.2315924728611258
171,2,,Pred,Individual,4,6.564070497721084
171,3,,Pred,Individual,4,20.29054057789325
172,1,,Pred,Individual,4,3.2702797970565043
172,2,,Pred,Individual,4,1.8463908464323433
172,3,,Pred,Individual,4,11.023245690950116
172,4,,Pred,Individual,4,90.47008531050471
173,1,,Pred,Individual,4,2.7193946338027235
173,2,,Pred,Individual,4,64.11278873547774
173,3,,Pred,Individual,4,4.077454638555213
173,4,,Pred,Individual,4,0.5638677212129003
174,1,,Pred,Individual,4,31.88589819958444
174,2,,Pred,Individual,4,2.3089964462272894
174,3,,Pred,Individual,4,0.2038706452631176
175,1,,Pred,Individual,4,1.5199703483949925
175,2,,Pred,Individual,4,2.1334252403817233
175,3,,Pred,Individual,4,2.64857651554788
175,4,,Pred,Individual,4,0.9628983234069245
176,1,,Pred,Individual,4,2.3088430381183604
176,2,,Pred,Individual,4,0.5592693963628561
176,3,,Pred,Individual,4,34.09288030684291
176,4,,Pred,Individual,4,1.0930420878910152
176,5,,Pred,Individual,4,0.9722440200029872
177,1,,Pred,Individual,4,2.4939196695334562
177,2,,Pred,Individual,4,1.61864035211504
177,3,,Pred,Individual,4,51.19903681061467
177,4,,Pred,Individual,4,2.8297664778272744
178,1,,Pred,Individual,4,1.0976641371685278
178,2,,Pred,Individual,4,2.2839833229874724
178,3,,Pred,Individual,4,NA
178,4,,Pred,Individual,4,NA
178,5,,Pred,Individual,4,30.975955271791054
178,6,,Pred,Individual,4,NA
179,1,,Pred,Individual,4,2.2039684609179973
179,2,,Pred,Individual,4,9.831625808194024
179,3,,Pred,Individual,4,10.687426401748446
179,4,,Pred,Individual,4,5.003497432353373
180,1,,Pred,Individual,4,1.5917475280031574
180,2,,Pred,Individual,4,1.627151198994781
180,3,,Pred,Individual,4,0.5178185782684926
180,4,,Pred,Individual,4,1.940096742433228
181,1,,Pred,Individual,4,23.541174384809118
181,2,,Pred,Individual,4,3.1526884440227545
181,3,,Pred,Individual,4,1.3229396644619769
182,1,,Pred,Individual,4,1.5578288771285822
182,2,,Pred,Individual,4,53.19328525902883
182,3,,Pred,Individual,4,NA
182,4,,Pred,Individual,4,1.7731325884411424
182,5,,Pred,Individual,4,NA
183,1,,Pred,Individual,4,0.9102644249858904
183,2,,Pred,Individual,4,2.057954592420521
183,3,,Pred,Individual,4,3.2833103356216573
184,1,,Pred,Individual,4,42.34729312383348
184,2,,Pred,Individual,4,1.7949144521584612
185,1,,Pred,Individual,4,8.409315332524816
185,2,,Pred,Individual,4,NA
185,3,,Pred,Individual,4,0.05616208685581386
185,4,,Pred,Individual,4,0.739024559808403
185,5,,Pred,Individual,4,NA
186,1,,Pred,Individual,4,1.1847682009574674
186,2,,Pred,Individual,4,2.3713704253048102
186,3,,Pred,Individual,4,22.918374228215463
187,1,,Pred,Individual,4,15.662134956357127
187,2,,Pred,Individual,4,0.02392697222801064
187,3,,Pred,Individual,4,1.6935832781413462
188,1,,Pred,Individual,4,24.226283777512673
188,2,,Pred,Individual,4,1.8590983403770724
188,3,,Pred,Individual,4,1.2122123782572096
189,1,,Pred,Individual,4,22.86642928747982
189,2,,Pred,Individual,4,1.0855936287533505
189,3,,Pred,Individual,4,1.6466612068060618
189,4,,Pred,Individual,4,3.0114281206661033
190,1,,Pred,Individual,4,0.9164585242465326
190,2,,Pred,Individual,4,2.4731655998816136
190,3,,Pred,Individual,4,1.1155411878973482
190,4,,Pred,Individual,4,19.94802095680711
191,1,,Pred,Individual,4,2.905933047670212
191,2,,Pred,Individual,4,1.4597865451137046
191,3,,Pred,Individual,4,23.981335686552395
191,4,,Pred,Individual,4,0.6974525431884223
192,1,,Pred,Individual,4,1.2698607856006487
192,2,,Pred,Individual,4,0.20668647754510056
192,3,,Pred,Individual,4,2.526024593785355
192,4,,Pred,Individual,4,NA
192,5,,Pred,Individual,4,NA
192,6,,Pred,Individual,4,NA
193,1,,Pred,Individual,4,4.022921509590022
193,2,,Pred,Individual,4,27.446872137856776
193,3,,Pred,Individual,4,2.023898796526087
194,1,,Pred,Individual,4,9.654357226146635
194,2,,Pred,Individual,4,3.0212290362450003
194,3,,Pred,Individual,4,1.6410370613658891
195,1,,Pred,Individual,4,40.962844260668035
195,2,,Pred,Individual,4,1.986020088689023
195,3,,Pred,Individual,4,2.987609346021512
196,1,,Pred,Individual,4,49.318670481187105
196,2,,Pred,Individual,4,2.4761964671750407
196,3,,Pred,Individual,4,0.6185250277878795
197,1,,Pred,Individual,4,1.0866037691163781
197,2,,Pred,Individual,4,2.9245568985184587
197,3,,Pred,Individual,4,3.939373066089746
197,4,,Pred,Individual,4,55.70505358078531
198,1,,Pred,Individual,4,2.766833599465776
198,2,,Pred,Individual,4,2.8654770193614905
198,3,,Pred,Individual,4,49.43932674790913
198,4,,Pred,Individual,4,0.6234317829884526
199,1,,Pred,Individual,4,34.0564603682477
199,2,,Pred,Individual,4,1.313656190200613
199,3,,Pred,Individual,4,0.9039878224047337
200,1,,Pred,Individual,4,8.215355075137095
200,2,,Pred,Individual,4,0.5840491885038044
1,1,,Pred,None,1,1.4915933904444358
1,2,,Pred,None,1,1.2536186462999837
1,3,,Pred,None,1,59.37216155598698
2,1,,Pred,None,1,6.580737926380082
2,2,,Pred,None,1,2.1647935679770076
3,1,,Pred,None,1,3.258695609524487
3,2,,Pred,None,1,1.5478162825595223
3,3,,Pred,None,1,9.783553179645342
4,1,,Pred,None,1,1.6747745080821648
4,2,,Pred,None,1,0.2791739251166556
4,3,,Pred,None,1,19.142765095263396
4,4,,Pred,None,1,1.1642538662683353
5,1,,Pred,None,1,2.819744334841938
5,2,,Pred,None,1,1.5564051269203112
6,1,,Pred,None,1,24.29512080855185
6,2,,Pred,None,1,1.3538984862098609
7,1,,Pred,None,1,2.296736307818492
7,2,,Pred,None,1,1.4158563548873389
7,3,,Pred,None,1,0.26830538570815515
8,1,,Pred,None,1,2.179038097643834
8,2,,Pred,None,1,1.5582931630928085
8,3,,Pred,None,1,1.1090851305144582
9,1,,Pred,None,1,0.8318823324383238
9,2,,Pred,None,1,2.642306310826716
9,3,,Pred,None,1,3.2135439099032306
9,4,,Pred,None,1,3.956309872848686
9,5,,Pred,None,1,NA
10,1,,Pred,None,1,8.061577471468924
10,2,,Pred,None,1,1.5810001959306963
11,1,,Pred,None,1,2.6248548017435698
11,2,,Pred,None,1,0.5430622300728569
11,3,,Pred,None,1,2.6764739458060336
12,1,,Pred,None,1,4.191539215935104
12,2,,Pred,None,1,1.5374824311670345
13,1,,Pred,None,1,3.1885425243609147
13,2,,Pred,None,1,1.2173411662091413
13,3,,Pred,None,1,0.7624126622702377
13,4,,Pred,None,1,37.96836498084674
14,1,,Pred,None,1,NA
14,2,,Pred,None,1,0.5443100094251688
14,3,,Pred,None,1,2.323680873271289
14,4,,Pred,None,1,0.5381149985630141
14,5,,Pred,None,1,0.5311555596151664
15,1,,Pred,None,1,1.7269307821757816
15,2,,Pred,None,1,4.382531789873284
15,3,,Pred,None,1,1.2398752596135356
15,4,,Pred,None,1,0.07366525639675768
16,1,,Pred,None,1,2.8967808593787208
16,2,,Pred,None,1,2.3666557945759674
16,3,,Pred,None,1,0.0902942412338688
16,4,,Pred,None,1,1.5341025063534706
16,5,,Pred,None,1,NA
17,1,,Pred,None,1,2.18918803960156
17,2,,Pred,None,1,1.158352001213172
17,3,,Pred,None,1,0.8392767859750428
18,1,,Pred,None,1,1.9004985621228556
18,2,,Pred,None,1,3.3009256225672683
19,1,,Pred,None,1,1.2123636083192806
19,2,,Pred,None,1,NA
19,3,,Pred,None,1,2.0377493045083583
19,4,,Pred,None,1,0.9248188905936793
19,5,,Pred,None,1,NA
19,6,,Pred,None,1,NA
20,1,,Pred,None,1,43.92454622110512
20,2,,Pred,None,1,0.7521526109781632
20,3,,Pred,None,1,1.8576057223085278
20,4,,Pred,None,1,NA
20,5,,Pred,None,1,NA
21,1,,Pred,None,1,1.685515303494411
21,2,,Pred,None,1,1.5931773009033436
21,3,,Pred,None,1,0.4971957562168076
21,4,,Pred,None,1,NA
22,1,,Pred,None,1,2.302293241543374
22,2,,Pred,None,1,9.165184039932367
22,3,,Pred,None,1,0.0309741827979346
23,1,,Pred,None,1,16.859912206854936
23,2,,Pred,None,1,1.0592004693347437
23,3,,Pred,None,1,0.508746479103295
24,1,,Pred,None,1,1.1424967833652744
24,2,,Pred,None,1,1.2585441983033658
24,3,,Pred,None,1,35.257274273997076
24,4,,Pred,None,1,0.7557239999105516
24,5,,Pred,None,1,0.5072593720910887
24,6,,Pred,None,1,NA
24,7,,Pred,None,1,NA
25,1,,Pred,None,1,1.6937280211872068
25,2,,Pred,None,1,16.856552269168024
25,3,,Pred,None,1,1.0126373528664492
26,1,,Pred,None,1,2.711395236288725
26,2,,Pred,None,1,2.2001518777583353
26,3,,Pred,None,1,1.0214087570052806
27,1,,Pred,None,1,25.82570922568441
27,2,,Pred,None,1,1.5021315708767622
27,3,,Pred,None,1,0.16742341532772437
27,4,,Pred,None,1,0.07592713612405096
28,1,,Pred,None,1,2.277210026884721
28,2,,Pred,None,1,1.705011075907417
28,3,,Pred,None,1,38.36370442463562
28,4,,Pred,None,1,0.2164035581962554
29,1,,Pred,None,1,1.1802006572120436
29,2,,Pred,None,1,0.7448787907011544
29,3,,Pred,None,1,1.0560874647793173
29,4,,Pred,None,1,35.62363171874077
30,1,,Pred,None,1,18.53433898876144
30,2,,Pred,None,1,0.06055625483796029
31,1,,Pred,None,1,2.4488083451773726
31,2,,Pred,None,1,0.727588904377994
31,3,,Pred,None,1,0.6849626946007339
31,4,,Pred,None,1,NA
32,1,,Pred,None,1,1.0534992914897292
32,2,,Pred,None,1,14.184990089704067
32,3,,Pred,None,1,1.0436945730202316
33,1,,Pred,None,1,1.7318279079847847
33,2,,Pred,None,1,1.5332918342483797
33,3,,Pred,None,1,NA
33,4,,Pred,None,1,NA
34,1,,Pred,None,1,3.6974102378776292
34,2,,Pred,None,1,1.2462379410873117
34,3,,Pred,None,1,0.6178821167044425
35,1,,Pred,None,1,3.589668675998913
35,2,,Pred,None,1,1.834242264064346
35,3,,Pred,None,1,1.3441960208143764
36,1,,Pred,None,1,29.3322513371869
36,2,,Pred,None,1,0.7415244694350482
36,3,,Pred,None,1,1.0247317130121436
37,1,,Pred,None,1,1.293322854292111
37,2,,Pred,None,1,2.178042626555875
37,3,,Pred,None,1,0.17772079225571738
37,4,,Pred,None,1,0.9794914364235627
37,5,,Pred,None,1,0.15057675783466587
38,1,,Pred,None,1,1.7385114592810227
38,2,,Pred,None,1,3.2455801033384533
38,3,,Pred,None,1,23.398982950858613
39,1,,Pred,None,1,2.561461851215465
39,2,,Pred,None,1,1.3398367302082648
39,3,,Pred,None,1,1.1614613226751023
39,4,,Pred,None,1,1.2960406974749865
40,1,,Pred,None,1,NA
40,2,,Pred,None,1,3.226781862216234
40,3,,Pred,None,1,0.1646385729874112
40,4,,Pred,None,1,NA
40,5,,Pred,None,1,NA
40,6,,Pred,None,1,NA
40,7,,Pred,None,1,NA
41,1,,Pred,None,1,1.1623730172239282
41,2,,Pred,None,1,NA
41,3,,Pred,None,1,1.2265087533015042
41,4,,Pred,None,1,NA
41,5,,Pred,None,1,NA
41,6,,Pred,None,1,NA
41,7,,Pred,None,1,NA
42,1,,Pred,None,1,6.464129892073507
42,2,,Pred,None,1,1.1300683184373703
42,3,,Pred,None,1,0.5435904708509891
42,4,,Pred,None,1,1.5335103542177966
43,1,,Pred,None,1,2.1502019680066855
43,2,,Pred,None,1,0.5641378355596386
44,1,,Pred,None,1,15.334265427720164
44,2,,Pred,None,1,0.9855520568415584
44,3,,Pred,None,1,1.499384115906773
45,1,,Pred,None,1,1.624444957880104
45,2,,Pred,None,1,2.7515117760128947
45,3,,Pred,None,1,0.7988989099381794
45,4,,Pred,None,1,0.02840000000000131
46,1,,Pred,None,1,1.3497973198992004
46,2,,Pred,None,1,2.3395305912684075
46,3,,Pred,None,1,0.5136858649399794
47,1,,Pred,None,1,1.1771054302504496
47,2,,Pred,None,1,12.500755127775493
48,1,,Pred,None,1,2.5803685628639674
48,2,,Pred,None,1,1.6386909366501776
48,3,,Pred,None,1,0.6243301645308308
49,1,,Pred,None,1,1.6163807645702604
49,2,,Pred,None,1,2.3057546021392232
49,3,,Pred,None,1,0.37286647424581454
49,4,,Pred,None,1,NA
49,5,,Pred,None,1,NA
49,6,,Pred,None,1,NA
49,7,,Pred,None,1,NA
49,8,,Pred,None,1,NA
49,9,,Pred,None,1,NA
50,1,,Pred,None,1,0.9844764053606673
50,2,,Pred,None,1,2.680373821621644
50,3,,Pred,None,1,97.22983940262372
50,4,,Pred,None,1,2.1521993322087054
50,5,,Pred,None,1,1.5074388927150317
51,1,,Pred,None,2,8.10407558679155
51,2,,Pred,None,2,0.10825636239962771
52,1,,Pred,None,2,0.13991039989936604
52,2,,Pred,None,2,22.631555179122262
52,3,,Pred,None,2,1.95081747222279
53,1,,Pred,None,2,1.537068609948214
53,2,,Pred,None,2,0.822524068664505
53,3,,Pred,None,2,2.979566381570345
54,1,,Pred,None,2,10.97086727165346
54,2,,Pred,None,2,0.882985668060358
54,3,,Pred,None,2,4.674495888866228
55,1,,Pred,None,2,NA
55,2,,Pred,None,2,1.1868840340921865
55,3,,Pred,None,2,1.7047347338128975
55,4,,Pred,None,2,0.6371917119977191
55,5,,Pred,None,2,NA
56,1,,Pred,None,2,0.6379444084849323
56,2,,Pred,None,2,3.5673008231235537
56,3,,Pred,None,2,0.8233506390970465
56,4,,Pred,None,2,0.40532208752030124
57,1,,Pred,None,2,1.7694893867008255
57,2,,Pred,None,2,1.7333160454664036
57,3,,Pred,None,2,67.16136728552866
58,1,,Pred,None,2,12.62211517416722
58,2,,Pred,None,2,2.9479737266292134
58,3,,Pred,None,2,3.407003075134485
59,1,,Pred,None,2,0.4648303776647981
59,2,,Pred,None,2,3.7161110178792582
59,3,,Pred,None,2,0.3747633396465829
59,4,,Pred,None,2,2.2252986474734016
60,1,,Pred,None,2,1.5463881219586757
60,2,,Pred,None,2,0.679599804112815
60,3,,Pred,None,2,NA
60,4,,Pred,None,2,1.2156295710579565
60,5,,Pred,None,2,1.9867037815740973
61,1,,Pred,None,2,1.04789978108969
61,2,,Pred,None,2,1.3762120285704127
61,3,,Pred,None,2,NA
61,4,,Pred,None,2,1.4793589083225522
61,5,,Pred,None,2,NA
62,1,,Pred,None,2,2.304368970553559
62,2,,Pred,None,2,7.3268682592410626
62,3,,Pred,None,2,0.38617055817345874
63,1,,Pred,None,2,6.697585570208771
63,2,,Pred,None,2,2.0498460482954535
64,1,,Pred,None,2,1.265139695011388
64,2,,Pred,None,2,0.9322288402871585
64,3,,Pred,None,2,NA
64,4,,Pred,None,2,1.0557878050053682
64,5,,Pred,None,2,0.8125467316069898
64,6,,Pred,None,2,NA
64,7,,Pred,None,2,NA
65,1,,Pred,None,2,1.0896669173419882
65,2,,Pred,None,2,2.0336392444533637
65,3,,Pred,None,2,5.190891539197958
66,1,,Pred,None,2,7.620532775198054
66,2,,Pred,None,2,1.254601920455776
66,3,,Pred,None,2,NA
66,4,,Pred,None,2,NA
66,5,,Pred,None,2,NA
67,1,,Pred,None,2,0.6529593242086779
67,2,,Pred,None,2,0.5286606260117713
67,3,,Pred,None,2,0.4952803044741427
67,4,,Pred,None,2,1.5750529858627036
67,5,,Pred,None,2,NA
68,1,,Pred,None,2,1.0046208684474143
68,2,,Pred,None,2,NA
68,3,,Pred,None,2,NA
68,4,,Pred,None,2,NA
68,5,,Pred,None,2,1.5823539758227172
68,6,,Pred,None,2,0.754779098060947
68,7,,Pred,None,2,NA
68,8,,Pred,None,2,NA
68,9,,Pred,None,2,NA
68,10,,Pred,None,2,NA
69,1,,Pred,None,2,0.7941496868360987
69,2,,Pred,None,2,NA
69,3,,Pred,None,2,1.6202404500875964
69,4,,Pred,None,2,0.9697736350483541
69,5,,Pred,None,2,NA
69,6,,Pred,None,2,NA
70,1,,Pred,None,2,0.6884209843237308
70,2,,Pred,None,2,3.7172269013252803
70,3,,Pred,None,2,11.806527156974916
71,1,,Pred,None,2,14.548352924164261
71,2,,Pred,None,2,1.9753975908615498
71,3,,Pred,None,2,0.572952991090895
71,4,,Pred,None,2,18.79476455615687
72,1,,Pred,None,2,17.801774722175196
72,2,,Pred,None,2,1.4473940001716485
73,1,,Pred,None,2,1.480669520227021
73,2,,Pred,None,2,NA
73,3,,Pred,None,2,NA
73,4,,Pred,None,2,1.956989388526953
73,5,,Pred,None,2,NA
73,6,,Pred,None,2,NA
74,1,,Pred,None,2,0.5977305016407155
74,2,,Pred,None,2,0.49825313430523943
74,3,,Pred,None,2,16.27972343672242
74,4,,Pred,None,2,1.1448076721466893
74,5,,Pred,None,2,1.5795830434486904
75,1,,Pred,None,2,2.2988634579422866
75,2,,Pred,None,2,0.7382335920739304
75,3,,Pred,None,2,5.302638900450002
76,1,,Pred,None,2,1.0443646537488749
76,2,,Pred,None,2,5.1816162796718634
76,3,,Pred,None,2,1.7775407952520026
76,4,,Pred,None,2,5.884917727547261
76,5,,Pred,None,2,0.32392389884476
77,1,,Pred,None,2,19.271048848922284
77,2,,Pred,None,2,0.7340825549573219
77,3,,Pred,None,2,1.3747954260961013
78,1,,Pred,None,2,20.686112690523842
78,2,,Pred,None,2,0.07650202611695932
79,1,,Pred,None,2,12.568607910258175
79,2,,Pred,None,2,0.6762271212018865
80,1,,Pred,None,2,1.823413263419486
80,2,,Pred,None,2,1.9977169718230419
80,3,,Pred,None,2,NA
80,4,,Pred,None,2,NA
80,5,,Pred,None,2,NA
81,1,,Pred,None,2,1.2822260488666484
81,2,,Pred,None,2,NA
81,3,,Pred,None,2,9.60332325346533
81,4,,Pred,None,2,NA
81,5,,Pred,None,2,NA
81,6,,Pred,None,2,0.911757741946838
81,7,,Pred,None,2,0.09483427650380484
82,1,,Pred,None,2,NA
82,2,,Pred,None,2,1.2392131954146783
82,3,,Pred,None,2,0.9357176867472927
82,4,,Pred,None,2,2.121616898497552
82,5,,Pred,None,2,NA
83,1,,Pred,None,2,14.187680530220746
83,2,,Pred,None,2,0.01705315220127956
84,1,,Pred,None,2,4.050293831282629
84,2,,Pred,None,2,2.793679474966194
84,3,,Pred,None,2,0.16489878713926265
85,1,,Pred,None,2,19.82237949689265
85,2,,Pred,None,2,0.14428894621556898
86,1,,Pred,None,2,2.964231411320464
86,2,,Pred,None,2,0.4295956762206614
86,3,,Pred,None,2,2.531167043085069
87,1,,Pred,None,2,4.616652957258778
87,2,,Pred,None,2,1.8552720443973183
88,1,,Pred,None,2,1.517075827819233
88,2,,Pred,None,2,1.7914364480595582
88,3,,Pred,None,2,0.5758354365615235
88,4,,Pred,None,2,2.0104398006823674
88,5,,Pred,None,2,38.73615006218352
89,1,,Pred,None,2,11.723877600884553
89,2,,Pred,None,2,1.1850355349614554
89,3,,Pred,None,2,0.8979801367098765
90,1,,Pred,None,2,1.9929053676743826
90,2,,Pred,None,2,1.1641654520179963
90,3,,Pred,None,2,4.408030134108212
91,1,,Pred,None,2,1.6029295383402962
91,2,,Pred,None,2,1.9686576662847943
91,3,,Pred,None,2,NA
91,4,,Pred,None,2,NA
91,5,,Pred,None,2,0.12078087596966654
91,6,,Pred,None,2,NA
91,7,,Pred,None,2,NA
91,8,,Pred,None,2,NA
92,1,,Pred,None,2,10.543559379527748
92,2,,Pred,None,2,1.3491353340671353
92,3,,Pred,None,2,NA
92,4,,Pred,None,2,1.3729243666183497
92,5,,Pred,None,2,1.0346473350139482
93,1,,Pred,None,2,NA
93,2,,Pred,None,2,1.9246921451801555
93,3,,Pred,None,2,1.3915590938143243
93,4,,Pred,None,2,0.5976077636268848
93,5,,Pred,None,2,2.2286669849934984
93,6,,Pred,None,2,NA
93,7,,Pred,None,2,NA
93,8,,Pred,None,2,NA
94,1,,Pred,None,2,12.939147414727938
94,2,,Pred,None,2,1.2687614812223544
94,3,,Pred,None,2,1.108408003888689
95,1,,Pred,None,2,18.82627104775164
95,2,,Pred,None,2,1.6873746631980784
95,3,,Pred,None,2,0.07024371858038281
96,1,,Pred,None,2,1.5434174361839708
96,2,,Pred,None,2,9.835517388577001
96,3,,Pred,None,2,1.2712721763703874
97,1,,Pred,None,2,2.31764312663553
97,2,,Pred,None,2,1.7831360856243343
98,1,,Pred,None,2,5.9129053857372
98,2,,Pred,None,2,NA
98,3,,Pred,None,2,NA
98,4,,Pred,None,2,0.08374547406875305
99,1,,Pred,None,2,1.0987990771139065
99,2,,Pred,None,2,28.655488432298878
99,3,,Pred,None,2,2.7165129470290283
100,1,,Pred,None,2,1.2391915700872187
100,2,,Pred,None,2,2.458752143981938
100,3,,Pred,None,2,0.15947249636158037
101,1,,Pred,None,3,35.93505192484798
101,2,,Pred,None,3,0.39749773584260784
102,1,,Pred,None,3,4.041782212269244
102,2,,Pred,None,3,1.24365052637715
102,3,,Pred,None,3,4.044153964645894
102,4,,Pred,None,3,1.7953997142725397
103,1,,Pred,None,3,5.632163748043422
103,2,,Pred,None,3,0.8888699080875736
103,3,,Pred,None,3,NA
103,4,,Pred,None,3,1.4856869555865404
104,1,,Pred,None,3,0.7987671702426137
104,2,,Pred,None,3,6.26266024545742
104,3,,Pred,None,3,17.19306929626165
104,4,,Pred,None,3,0.9650215562691312
105,1,,Pred,None,3,14.14094816378968
105,2,,Pred,None,3,3.6880840039797524
105,3,,Pred,None,3,2.0670738666046753
106,1,,Pred,None,3,0.9869167019946687
106,2,,Pred,None,3,1.1486596001228602
106,3,,Pred,None,3,1.3737768985483747
107,1,,Pred,None,3,2.581832121312682
107,2,,Pred,None,3,0.6813490462944575
107,3,,Pred,None,3,30.352028516886712
107,4,,Pred,None,3,NA
107,5,,Pred,None,3,NA
107,6,,Pred,None,3,NA
107,7,,Pred,None,3,NA
107,8,,Pred,None,3,NA
108,1,,Pred,None,3,6.117301445849859
108,2,,Pred,None,3,3.742736169388952
108,3,,Pred,None,3,1.864226322668045
109,1,,Pred,None,3,11.81108661724229
109,2,,Pred,None,3,1.1405189925736703
109,3,,Pred,None,3,1.7219877789500366
109,4,,Pred,None,3,74.49817423400388
109,5,,Pred,None,3,NA
109,6,,Pred,None,3,NA
110,1,,Pred,None,3,2.4218480453345923
110,2,,Pred,None,3,0.8444628790398532
110,3,,Pred,None,3,1.8638462698436795
110,4,,Pred,None,3,NA
110,5,,Pred,None,3,NA
111,1,,Pred,None,3,0.5255036216211797
111,2,,Pred,None,3,8.645789054389537
111,3,,Pred,None,3,2.6309990545464164
112,1,,Pred,None,3,5.31379977997049
112,2,,Pred,None,3,0.9396908605052741
112,3,,Pred,None,3,0.7689210309981119
112,4,,Pred,None,3,NA
113,1,,Pred,None,3,3.5832130251756387
113,2,,Pred,None,3,1.6559449191373306
114,1,,Pred,None,3,0.8884446407741373
114,2,,Pred,None,3,4.931412932734344
114,3,,Pred,None,3,63.39330464394485
114,4,,Pred,None,3,0.02653639010867963
115,1,,Pred,None,3,1.8044047667764462
115,2,,Pred,None,3,1.4495769348330574
115,3,,Pred,None,3,0.16008578950050031
115,4,,Pred,None,3,23.834992711616884
116,1,,Pred,None,3,38.01354038899842
116,2,,Pred,None,3,1.8206521226684227
116,3,,Pred,None,3,2.4579296347546538
117,1,,Pred,None,3,1.1955211932006233
117,2,,Pred,None,3,2.1663935520810966
117,3,,Pred,None,3,44.17913892058588
117,4,,Pred,None,3,3.585437804508675
118,1,,Pred,None,3,2.574839113945687
118,2,,Pred,None,3,0.6313414739301153
118,3,,Pred,None,3,NA
118,4,,Pred,None,3,NA
118,5,,Pred,None,3,0.5940558787094096
118,6,,Pred,None,3,NA
118,7,,Pred,None,3,NA
119,1,,Pred,None,3,1.4649923121300505
119,2,,Pred,None,3,36.53984919531708
119,3,,Pred,None,3,0.6462686481295506
120,1,,Pred,None,3,0.5676934787307111
120,2,,Pred,None,3,1.702289510888546
120,3,,Pred,None,3,16.100423909001776
121,1,,Pred,None,3,1.1207022331692011
121,2,,Pred,None,3,1.631651855402135
121,3,,Pred,None,3,1.9171719511696481
121,4,,Pred,None,3,NA
122,1,,Pred,None,3,NA
122,2,,Pred,None,3,6.684351519513654
122,3,,Pred,None,3,0.8747300152232487
122,4,,Pred,None,3,0.07404336567174116
122,5,,Pred,None,3,NA
123,1,,Pred,None,3,1.1977214438054322
123,2,,Pred,None,3,16.86085708619703
124,1,,Pred,None,3,1.9187534491846072
124,2,,Pred,None,3,1.7481346778988707
125,1,,Pred,None,3,3.3388237772607274
125,2,,Pred,None,3,20.723781474870886
126,1,,Pred,None,3,5.712840384584045
126,2,,Pred,None,3,2.4154336872215403
126,3,,Pred,None,3,1.263617408574393
126,4,,Pred,None,3,0.8917946055953964
127,1,,Pred,None,3,16.998488949284972
127,2,,Pred,None,3,0.385843958097055
127,3,,Pred,None,3,0.6939166088227013
128,1,,Pred,None,3,5.335222257024108
128,2,,Pred,None,3,1.3618498431351014
129,1,,Pred,None,3,27.558371413503973
129,2,,Pred,None,3,1.483675323151928
130,1,,Pred,None,3,54.73920151817747
130,2,,Pred,None,3,0.932364846093895
130,3,,Pred,None,3,1.168264289503406
130,4,,Pred,None,3,1.421817084785189
130,5,,Pred,None,3,NA
130,6,,Pred,None,3,NA
130,7,,Pred,None,3,NA
131,1,,Pred,None,3,1.1305021892946492
131,2,,Pred,None,3,6.445845658911763
131,3,,Pred,None,3,6.40685719648315
131,4,,Pred,None,3,0.27776320850681413
132,1,,Pred,None,3,1.5898860618280568
132,2,,Pred,None,3,NA
132,3,,Pred,None,3,0.17163965159601263
132,4,,Pred,None,3,1.8692613894849632
132,5,,Pred,None,3,NA
133,1,,Pred,None,3,0.903333605243449
133,2,,Pred,None,3,1.7098999871503546
133,3,,Pred,None,3,1.1518117998449697
133,4,,Pred,None,3,88.14045792262483
134,1,,Pred,None,3,3.1281572169711676
134,2,,Pred,None,3,0.9642464245236079
134,3,,Pred,None,3,NA
134,4,,Pred,None,3,0.47596644592825493
134,5,,Pred,None,3,NA
134,6,,Pred,None,3,NA
135,1,,Pred,None,3,1.189737785754732
135,2,,Pred,None,3,2.7370690416606003
135,3,,Pred,None,3,3.9003424435583804
136,1,,Pred,None,3,10.787816814419292
136,2,,Pred,None,3,12.192758466352796
136,3,,Pred,None,3,0.4855459910647466
136,4,,Pred,None,3,2.1013402988795407
137,1,,Pred,None,3,2.711330900578508
137,2,,Pred,None,3,1.8156044848745314
137,3,,Pred,None,3,69.21501436942711
138,1,,Pred,None,3,4.100429123802068
138,2,,Pred,None,3,0.7159243840305527
138,3,,Pred,None,3,NA
138,4,,Pred,None,3,1.4830932550370663
138,5,,Pred,None,3,NA
138,6,,Pred,None,3,0.7550002429002892
139,1,,Pred,None,3,2.4931126059935096
139,2,,Pred,None,3,1.0777108331262457
139,3,,Pred,None,3,53.066231250506775
140,1,,Pred,None,3,2.7597580357900746
140,2,,Pred,None,3,3.843781111176567
140,3,,Pred,None,3,4.10062239514451
141,1,,Pred,None,3,2.969382830516174
141,2,,Pred,None,3,68.07417921257267
141,3,,Pred,None,3,1.9249181070007901
142,1,,Pred,None,3,17.174997357652078
142,2,,Pred,None,3,6.130232854230054
143,1,,Pred,None,3,0.16396938738679456
143,2,,Pred,None,3,1.3013221506923511
143,3,,Pred,None,3,2.595354213022841
143,4,,Pred,None,3,79.51262076230414
144,1,,Pred,None,3,0.7500259150692837
144,2,,Pred,None,3,2.0503057427548566
144,3,,Pred,None,3,2.986258210078412
144,4,,Pred,None,3,NA
144,5,,Pred,None,3,NA
144,6,,Pred,None,3,NA
145,1,,Pred,None,3,61.67199780752172
145,2,,Pred,None,3,0.38981266703488204
145,3,,Pred,None,3,2.2404563769771366
145,4,,Pred,None,3,0.7012469378684357
146,1,,Pred,None,3,20.50846315154954
146,2,,Pred,None,3,4.398639200884534
147,1,,Pred,None,3,2.1452862406824247
147,2,,Pred,None,3,1.7791096129351418
147,3,,Pred,None,3,3.7266061277339437
148,1,,Pred,None,3,3.289239817877533
148,2,,Pred,None,3,1.902216236338248
148,3,,Pred,None,3,1.827423756639076
149,1,,Pred,None,3,15.724958065353519
149,2,,Pred,None,3,1.4189204039115477
149,3,,Pred,None,3,0.6195719893603963
149,4,,Pred,None,3,0.05856364059721671
150,1,,Pred,None,3,3.5721015278147528
150,2,,Pred,None,3,4.486491659870057
150,3,,Pred,None,3,48.801200339559465
151,1,,Pred,None,4,1.9754373181821037
151,2,,Pred,None,4,1.9444403257141842
151,3,,Pred,None,4,30.562786706221665
152,1,,Pred,None,4,2.3227914340947318
152,2,,Pred,None,4,5.326613160647662
152,3,,Pred,None,4,0.3915229878308586
152,4,,Pred,None,4,1.6355507931122713
153,1,,Pred,None,4,0.9540275525542505
153,2,,Pred,None,4,1.6816615679814009
153,3,,Pred,None,4,1.7050408791805216
153,4,,Pred,None,4,NA
153,5,,Pred,None,4,0.22301697244828725
154,1,,Pred,None,4,23.61362987020867
154,2,,Pred,None,4,0.4703731710036163
154,3,,Pred,None,4,1.7350111097822902
154,4,,Pred,None,4,0.4968096013564957
155,1,,Pred,None,4,7.060218859306372
155,2,,Pred,None,4,19.093766359885755
155,3,,Pred,None,4,0.7403854469126161
156,1,,Pred,None,4,0.7472427625462785
156,2,,Pred,None,4,0.7861795733010712
156,3,,Pred,None,4,2.2387741390001303
156,4,,Pred,None,4,25.420047684682253
157,1,,Pred,None,4,2.4121905138015935
157,2,,Pred,None,4,7.2928589856186274
157,3,,Pred,None,4,1.3667480821277933
158,1,,Pred,None,4,1.5678349566404188
158,2,,Pred,None,4,0.8562302961831548
158,3,,Pred,None,4,3.674137843551723
158,4,,Pred,None,4,48.07884449547431
159,1,,Pred,None,4,0.5759973616898267
159,2,,Pred,None,4,1.442225640648132
159,3,,Pred,None,4,57.21120410882311
159,4,,Pred,None,4,1.078151176704731
160,1,,Pred,None,4,1.4261520934451553
160,2,,Pred,None,4,4.704021621702741
160,3,,Pred,None,4,0.5244851452490706
160,4,,Pred,None,4,NA
161,1,,Pred,None,4,20.592007656293752
161,2,,Pred,None,4,10.884428172885492
162,1,,Pred,None,4,1.6982032034777412
162,2,,Pred,None,4,4.06411905346528
162,3,,Pred,None,4,0.4470816478786904
163,1,,Pred,None,4,1.1657260309977624
163,2,,Pred,None,4,1.192806664762996
163,3,,Pred,None,4,0.37801316768842397
163,4,,Pred,None,4,NA
163,5,,Pred,None,4,NA
163,6,,Pred,None,4,NA
164,1,,Pred,None,4,2.1894136374336592
164,2,,Pred,None,4,46.64044930428122
164,3,,Pred,None,4,2.034578721876577
165,1,,Pred,None,4,1.1930431942402497
165,2,,Pred,None,4,19.95799032962744
165,3,,Pred,None,4,0.6800758798478355
166,1,,Pred,None,4,34.09222119984393
166,2,,Pred,None,4,1.5667506972114045
166,3,,Pred,None,4,1.5567741276488778
167,1,,Pred,None,4,1.4508705789728398
167,2,,Pred,None,4,NA
167,3,,Pred,None,4,2.066092684075189
167,4,,Pred,None,4,32.315622634879865
167,5,,Pred,None,4,1.5272687058929737
168,1,,Pred,None,4,24.61302493266316
168,2,,Pred,None,4,2.2996121806107443
169,1,,Pred,None,4,13.266326629668118
169,2,,Pred,None,4,2.9242024994561278
169,3,,Pred,None,4,0.8558677863058536
170,1,,Pred,None,4,4.17875734082674
170,2,,Pred,None,4,0.8626369288970788
170,3,,Pred,None,4,0.6615865325110507
171,1,,Pred,None,4,0.4435493638176576
171,2,,Pred,None,4,1.3286147553843062
171,3,,Pred,None,4,4.792844337825909
171,4,,Pred,None,4,0.3351907516623929
171,5,,Pred,None,4,0.4826025506809101
171,6,,Pred,None,4,39.6004916908147
172,1,,Pred,None,4,23.48579584132891
172,2,,Pred,None,4,0.5666126648848817
172,3,,Pred,None,4,0.09499652625227982
173,1,,Pred,None,4,16.60837888856233
173,2,,Pred,None,4,0.2197688330951408
173,3,,Pred,None,4,0.6228439413908431
173,4,,Pred,None,4,NA
173,5,,Pred,None,4,NA
174,1,,Pred,None,4,0.7863512507928815
174,2,,Pred,None,4,64.13755960228511
174,3,,Pred,None,4,2.8060716329683104
175,1,,Pred,None,4,1.3896965961135601
175,2,,Pred,None,4,0.9469503780786888
175,3,,Pred,None,4,0.9070360160606057
175,4,,Pred,None,4,NA
175,5,,Pred,None,4,41.83311438752797
175,6,,Pred,None,4,NA
175,7,,Pred,None,4,NA
176,1,,Pred,None,4,1.2624325700086463
176,2,,Pred,None,4,2.8102230336603693
176,3,,Pred,None,4,37.50951757439257
177,1,,Pred,None,4,4.311402395673913
177,2,,Pred,None,4,NA
177,3,,Pred,None,4,22.046060383887188
177,4,,Pred,None,4,0.6952050262578032
177,5,,Pred,None,4,NA
177,6,,Pred,None,4,NA
177,7,,Pred,None,4,NA
178,1,,Pred,None,4,2.078721010328266
178,2,,Pred,None,4,37.47154841445232
178,3,,Pred,None,4,0.48490545311415695
179,1,,Pred,None,4,1.024097818962048
179,2,,Pred,None,4,1.040892922282241
179,3,,Pred,None,4,29.900180877795172
179,4,,Pred,None,4,0.7924730174075069
180,1,,Pred,None,4,17.15121361191182
180,2,,Pred,None,4,1.4870828752079286
180,3,,Pred,None,4,1.6369113624761698
180,4,,Pred,None,4,NA
181,1,,Pred,None,4,3.3977320580447983
181,2,,Pred,None,4,1.972961096055175
181,3,,Pred,None,4,2.6040121018930984
181,4,,Pred,None,4,54.336606453291516
182,1,,Pred,None,4,11.932070135005132
182,2,,Pred,None,4,1.3181073812084707
182,3,,Pred,None,4,1.6451607893484963
183,1,,Pred,None,4,100.05564666549309
183,2,,Pred,None,4,2.088063670136809
183,3,,Pred,None,4,1.2253165841463103
183,4,,Pred,None,4,NA
183,5,,Pred,None,4,NA
184,1,,Pred,None,4,1.6792878446218549
184,2,,Pred,None,4,4.269234248013721
184,3,,Pred,None,4,0.21471741894871957
184,4,,Pred,None,4,NA
185,1,,Pred,None,4,6.945696037714427
185,2,,Pred,None,4,25.690770521836924
185,3,,Pred,None,4,0.27253194953636845
186,1,,Pred,None,4,2.9642929632647474
186,2,,Pred,None,4,NA
186,3,,Pred,None,4,5.656854249479196e-4
186,4,,Pred,None,4,NA
187,1,,Pred,None,4,7.690676257318668
187,2,,Pred,None,4,2.306204447175853
187,3,,Pred,None,4,3.1047486843315135
188,1,,Pred,None,4,5.203873127122041
188,2,,Pred,None,4,0.8216232691753799
188,3,,Pred,None,4,0.5919218602333858
188,4,,Pred,None,4,61.85094333031631
189,1,,Pred,None,4,0.7111192253234839
189,2,,Pred,None,4,6.881539739112636
189,3,,Pred,None,4,1.0529344510212177
189,4,,Pred,None,4,5.9942683531854
189,5,,Pred,None,4,45.62832083717304
190,1,,Pred,None,4,NA
190,2,,Pred,None,4,5.994442431272488
190,3,,Pred,None,4,0.15825763027387169
190,4,,Pred,None,4,NA
190,5,,Pred,None,4,NA
190,6,,Pred,None,4,NA
190,7,,Pred,None,4,NA
190,8,,Pred,None,4,1.122263469767372
190,9,,Pred,None,4,NA
190,10,,Pred,None,4,NA
191,1,,Pred,None,4,NA
191,2,,Pred,None,4,2.5062331221050274
191,3,,Pred,None,4,1.4650619224127235
191,4,,Pred,None,4,2.0813998453548908
191,5,,Pred,None,4,NA
192,1,,Pred,None,4,77.93699303769381
192,2,,Pred,None,4,1.1704399468391848
192,3,,Pred,None,4,5.792329174664755
193,1,,Pred,None,4,9.895849023548863
193,2,,Pred,None,4,0.7955626562377074
193,3,,Pred,None,4,1.2515781815734848
193,4,,Pred,None,4,0.5984837508236954
194,1,,Pred,None,4,3.7658373496212394
194,2,,Pred,None,4,33.66862247861935
194,3,,Pred,None,4,6.92256753199074
194,4,,Pred,None,4,0.02397748944322707
195,1,,Pred,None,4,1.511246419902149
195,2,,Pred,None,4,60.523734986356054
195,3,,Pred,None,4,1.31381359685873
195,4,,Pred,None,4,NA
195,5,,Pred,None,4,3.1030556199707506
196,1,,Pred,None,4,0.0149335193440806
196,2,,Pred,None,4,18.913727944165014
196,3,,Pred,None,4,8.238918027600755
197,1,,Pred,None,4,35.66757702776276
197,2,,Pred,None,4,2.063493200035414
197,3,,Pred,None,4,NA
197,4,,Pred,None,4,1.3609887192142112
197,5,,Pred,None,4,NA
198,1,,Pred,None,4,2.4224533790110634
198,2,,Pred,None,4,10.041149863269103
198,3,,Pred,None,4,NA
198,4,,Pred,None,4,NA
198,5,,Pred,None,4,NA
198,6,,Pred,None,4,NA
199,1,,Pred,None,4,NA
199,2,,Pred,None,4,1.1195219559447052
199,3,,Pred,None,4,3.421141459876005
199,4,,Pred,None,4,0.3027309879209277
199,5,,Pred,None,4,NA
200,1,,Pred,None,4,1.4997998656690492
200,2,,Pred,None,4,1.6480643709018734
200,3,,Pred,None,4,18.716864904177957
1,1,,Pred,Shared,1,1.853822861834993
1,2,,Pred,Shared,1,0.9552619431339232
1,3,,Pred,Shared,1,1.8183399425452422
2,1,,Pred,Shared,1,12.001695002617332
2,2,,Pred,Shared,1,1.3855239698496264
3,1,,Pred,Shared,1,2.4031166338808587
3,2,,Pred,Shared,1,19.4113116657128
4,1,,Pred,Shared,1,24.37114299928074
4,2,,Pred,Shared,1,2.1741262157647276
4,3,,Pred,Shared,1,0.34506394168225835
5,1,,Pred,Shared,1,1.9761309016606063
5,2,,Pred,Shared,1,2.023793691452076
6,1,,Pred,Shared,1,2.0272855821502884
6,2,,Pred,Shared,1,0.993812592023497
6,3,,Pred,Shared,1,1.377778351038404
6,4,,Pred,Shared,1,4.869155162859363
7,1,,Pred,Shared,1,1.2684777583834668
7,2,,Pred,Shared,1,0.7780048641145465
7,3,,Pred,Shared,1,NA
7,4,,Pred,Shared,1,0.8174015439248389
7,5,,Pred,Shared,1,NA
8,1,,Pred,Shared,1,1.734263747774119
8,2,,Pred,Shared,1,0.8052185697674961
8,3,,Pred,Shared,1,0.8181500924210793
8,4,,Pred,Shared,1,1.8914288408502185
8,5,,Pred,Shared,1,NA
9,1,,Pred,Shared,1,1.087877284886855
9,2,,Pred,Shared,1,1.3335113417384203
10,1,,Pred,Shared,1,9.720490599188691
10,2,,Pred,Shared,1,0.06937665313346005
11,1,,Pred,Shared,1,8.736585057264005
11,2,,Pred,Shared,1,4.23764777547927
11,3,,Pred,Shared,1,0.4022836064271085
11,4,,Pred,Shared,1,54.928129566006525
12,1,,Pred,Shared,1,2.2770787482208874
12,2,,Pred,Shared,1,42.45791801042534
12,3,,Pred,Shared,1,2.237327748700706
12,4,,Pred,Shared,1,4.06429444307373
13,1,,Pred,Shared,1,2.371088640006616
13,2,,Pred,Shared,1,1.5201765752809653
13,3,,Pred,Shared,1,1.7087097361235604
14,1,,Pred,Shared,1,1.6374574428248423
14,2,,Pred,Shared,1,7.616746774274694
15,1,,Pred,Shared,1,1.5261912457733489
15,2,,Pred,Shared,1,9.268987534050282
16,1,,Pred,Shared,1,1.7230452302108648
16,2,,Pred,Shared,1,46.56924919998174
16,3,,Pred,Shared,1,2.8740156059309365
16,4,,Pred,Shared,1,1.4387362127923196
17,1,,Pred,Shared,1,36.88525535024958
17,2,,Pred,Shared,1,0.9168000950830304
17,3,,Pred,Shared,1,2.101298800887181
17,4,,Pred,Shared,1,0.7944069800801102
18,1,,Pred,Shared,1,0.5435812009302929
18,2,,Pred,Shared,1,3.938466991890993
18,3,,Pred,Shared,1,1.0155963962125896
19,1,,Pred,Shared,1,2.637145895915547
19,2,,Pred,Shared,1,0.04293308747341592
19,3,,Pred,Shared,1,NA
19,4,,Pred,Shared,1,0.9743367397368976
19,5,,Pred,Shared,1,NA
20,1,,Pred,Shared,1,0.26229182221335534
20,2,,Pred,Shared,1,49.761170939425234
20,3,,Pred,Shared,1,2.592073479256156
20,4,,Pred,Shared,1,NA
20,5,,Pred,Shared,1,NA
21,1,,Pred,Shared,1,NA
21,2,,Pred,Shared,1,NA
21,3,,Pred,Shared,1,0.7437902575176347
21,4,,Pred,Shared,1,1.4977048800899253
21,5,,Pred,Shared,1,1.2036730843832868
21,6,,Pred,Shared,1,3.1791051863391377
21,7,,Pred,Shared,1,NA
22,1,,Pred,Shared,1,3.4218417432611044
22,2,,Pred,Shared,1,3.413586741532649
22,3,,Pred,Shared,1,1.8033611017452746
23,1,,Pred,Shared,1,16.67179088332365
23,2,,Pred,Shared,1,1.7462879588385072
24,1,,Pred,Shared,1,49.52444521866081
24,2,,Pred,Shared,1,1.44560305643282
24,3,,Pred,Shared,1,2.816855069796939
25,1,,Pred,Shared,1,NA
25,2,,Pred,Shared,1,0.9491250346985977
25,3,,Pred,Shared,1,1.1418407100405914
25,4,,Pred,Shared,1,NA
25,5,,Pred,Shared,1,1.296235566931923
25,6,,Pred,Shared,1,49.691798383854476
25,7,,Pred,Shared,1,NA
26,1,,Pred,Shared,1,22.10844129290199
26,2,,Pred,Shared,1,2.339049323219878
27,1,,Pred,Shared,1,2.7260428169784845
27,2,,Pred,Shared,1,5.0075984309901935
27,3,,Pred,Shared,1,0.09223367064147572
27,4,,Pred,Shared,1,NA
27,5,,Pred,Shared,1,NA
28,1,,Pred,Shared,1,NA
28,2,,Pred,Shared,1,1.138493693438835
28,3,,Pred,Shared,1,4.468728044604172
28,4,,Pred,Shared,1,1.4281250598636914
28,5,,Pred,Shared,1,NA
28,6,,Pred,Shared,1,NA
29,1,,Pred,Shared,1,0.8201351352231993
29,2,,Pred,Shared,1,0.1877234135636817
29,3,,Pred,Shared,1,1.18854104007086
29,4,,Pred,Shared,1,68.54506583167395
29,5,,Pred,Shared,1,0.5376264476219276
30,1,,Pred,Shared,1,0.47396343123275014
30,2,,Pred,Shared,1,NA
30,3,,Pred,Shared,1,0.8466073175443755
30,4,,Pred,Shared,1,NA
30,5,,Pred,Shared,1,NA
30,6,,Pred,Shared,1,NA
30,7,,Pred,Shared,1,NA
30,8,,Pred,Shared,1,NA
30,9,,Pred,Shared,1,NA
30,10,,Pred,Shared,1,NA
30,11,,Pred,Shared,1,0.3262082923532138
31,1,,Pred,Shared,1,0.9202288682713669
31,2,,Pred,Shared,1,1.2536549479875527
31,3,,Pred,Shared,1,2.253879299094094
32,1,,Pred,Shared,1,12.715445582463287
32,2,,Pred,Shared,1,0.09390804012436677
33,1,,Pred,Shared,1,4.112467242294788
33,2,,Pred,Shared,1,1.5046870475590215
33,3,,Pred,Shared,1,NA
33,4,,Pred,Shared,1,2.061999282250118
33,5,,Pred,Shared,1,1.2396455950898415
33,6,,Pred,Shared,1,NA
34,1,,Pred,Shared,1,1.7170983298576123
34,2,,Pred,Shared,1,0.9321100922798107
34,3,,Pred,Shared,1,9.049473994001795
35,1,,Pred,Shared,1,2.134562872057704
35,2,,Pred,Shared,1,6.294517322950619
35,3,,Pred,Shared,1,1.1562038779494899
36,1,,Pred,Shared,1,2.605410790004379
36,2,,Pred,Shared,1,0.03016570900873972
36,3,,Pred,Shared,1,0.8148434446872337
36,4,,Pred,Shared,1,0.6026397329695106
37,1,,Pred,Shared,1,5.915905770536237
37,2,,Pred,Shared,1,1.666151240467738
37,3,,Pred,Shared,1,0.10995185309943609
38,1,,Pred,Shared,1,0.8923834866352806
38,2,,Pred,Shared,1,NA
38,3,,Pred,Shared,1,NA
38,4,,Pred,Shared,1,1.738929815943748
38,5,,Pred,Shared,1,1.188381462325965
38,6,,Pred,Shared,1,NA
38,7,,Pred,Shared,1,NA
39,1,,Pred,Shared,1,4.025815839037897
39,2,,Pred,Shared,1,54.417586838666864
39,3,,Pred,Shared,1,0.884315149921466
39,4,,Pred,Shared,1,NA
39,5,,Pred,Shared,1,NA
39,6,,Pred,Shared,1,3.280084349848601
39,7,,Pred,Shared,1,NA
40,1,,Pred,Shared,1,3.80872118129471
40,2,,Pred,Shared,1,3.8557929530635446
40,3,,Pred,Shared,1,0.5704728629297263
41,1,,Pred,Shared,1,2.6114269516702757
41,2,,Pred,Shared,1,15.909463434887332
41,3,,Pred,Shared,1,3.1684676542796377
41,4,,Pred,Shared,1,0.7153689388625443
42,1,,Pred,Shared,1,17.810993317439262
42,2,,Pred,Shared,1,1.3455438471321848
42,3,,Pred,Shared,1,0.4416037460879387
43,1,,Pred,Shared,1,0.49886627466687106
43,2,,Pred,Shared,1,12.278085889409613
43,3,,Pred,Shared,1,0.6753679825061712
44,1,,Pred,Shared,1,2.324376953025648
44,2,,Pred,Shared,1,52.21778057040147
44,3,,Pred,Shared,1,1.385117303474332
45,1,,Pred,Shared,1,0.8385538872454955
45,2,,Pred,Shared,1,2.119426881309692
45,3,,Pred,Shared,1,1.423358732594461
45,4,,Pred,Shared,1,1.2020030315400243
46,1,,Pred,Shared,1,2.8624203652288984
46,2,,Pred,Shared,1,3.86302534493483
46,3,,Pred,Shared,1,NA
46,4,,Pred,Shared,1,NA
46,5,,Pred,Shared,1,NA
47,1,,Pred,Shared,1,1.7514641297244853
47,2,,Pred,Shared,1,2.9038684578924583
47,3,,Pred,Shared,1,0.46028075826013215
47,4,,Pred,Shared,1,2.757351432081155
48,1,,Pred,Shared,1,1.947204082830151
48,2,,Pred,Shared,1,1.0033615998233127
48,3,,Pred,Shared,1,4.683562539239881
49,1,,Pred,Shared,1,3.1333574455703146
49,2,,Pred,Shared,1,2.9018902532889466
50,1,,Pred,Shared,1,12.576535030743212
50,2,,Pred,Shared,1,2.0324330784899223
50,3,,Pred,Shared,1,0.7822619417298547
50,4,,Pred,Shared,1,1.1464851696691651
51,1,,Pred,Shared,2,2.4349821565617162
51,2,,Pred,Shared,2,2.128667005608627
52,1,,Pred,Shared,2,4.052084149189199
52,2,,Pred,Shared,2,2.2245109306863027
52,3,,Pred,Shared,2,1.0725160227175141
52,4,,Pred,Shared,2,1.2055063707836584
53,1,,Pred,Shared,2,28.24169090210429
53,2,,Pred,Shared,2,NA
53,3,,Pred,Shared,2,1.8932248692945064
53,4,,Pred,Shared,2,1.210721452162436
53,5,,Pred,Shared,2,NA
53,6,,Pred,Shared,2,NA
54,1,,Pred,Shared,2,13.159923729359313
54,2,,Pred,Shared,2,19.312131118865484
54,3,,Pred,Shared,2,1.0049987465897168
55,1,,Pred,Shared,2,1.293206149007036
55,2,,Pred,Shared,2,1.651401723615195
55,3,,Pred,Shared,2,19.53741441155943
56,1,,Pred,Shared,2,2.324923063646508
56,2,,Pred,Shared,2,1.7763256868458395
56,3,,Pred,Shared,2,0.6149969986254068
57,1,,Pred,Shared,2,NA
57,2,,Pred,Shared,2,0.9978792903212774
57,3,,Pred,Shared,2,NA
57,4,,Pred,Shared,2,4.850894706115411
57,5,,Pred,Shared,2,NA
58,1,,Pred,Shared,2,16.310043976361314
58,2,,Pred,Shared,2,1.0325777902739328
59,1,,Pred,Shared,2,NA
59,2,,Pred,Shared,2,23.418013375923096
59,3,,Pred,Shared,2,3.6542597584591214
59,4,,Pred,Shared,2,40.9157826249236
59,5,,Pred,Shared,2,2.13276657653061
59,6,,Pred,Shared,2,2.1815342444244354
60,1,,Pred,Shared,2,2.4265449678758992
60,2,,Pred,Shared,2,0.878733046362876
60,3,,Pred,Shared,2,52.168888503589955
60,4,,Pred,Shared,2,NA
60,5,,Pred,Shared,2,NA
60,6,,Pred,Shared,2,NA
60,7,,Pred,Shared,2,NA
60,8,,Pred,Shared,2,NA
61,1,,Pred,Shared,2,7.077185962977917
61,2,,Pred,Shared,2,19.501341210564764
61,3,,Pred,Shared,2,0.035914620978092227
62,1,,Pred,Shared,2,2.8620815971224505
62,2,,Pred,Shared,2,2.201440351446186
62,3,,Pred,Shared,2,2.7093714991406803
63,1,,Pred,Shared,2,3.6199819771566495
63,2,,Pred,Shared,2,4.892262062533634
63,3,,Pred,Shared,2,42.71537362000896
64,1,,Pred,Shared,2,6.555296694001853
64,2,,Pred,Shared,2,7.48899521096733
65,1,,Pred,Shared,2,1.5902949405289053
65,2,,Pred,Shared,2,0.43078702394571017
65,3,,Pred,Shared,2,1.8645368114302585
65,4,,Pred,Shared,2,10.659129930785925
65,5,,Pred,Shared,2,NA
65,6,,Pred,Shared,2,NA
66,1,,Pred,Shared,2,2.634870303910008
66,2,,Pred,Shared,2,4.567791692001997
66,3,,Pred,Shared,2,0.47570097245903814
66,4,,Pred,Shared,2,NA
67,1,,Pred,Shared,2,NA
67,2,,Pred,Shared,2,1.8981862590927492
67,3,,Pred,Shared,2,NA
67,4,,Pred,Shared,2,10.508226380396225
67,5,,Pred,Shared,2,24.07258928844174
67,6,,Pred,Shared,2,NA
68,1,,Pred,Shared,2,2.0453729703311714
68,2,,Pred,Shared,2,1.6063876693579056
68,3,,Pred,Shared,2,2.0902008922589226
68,4,,Pred,Shared,2,0.14812785018355176
68,5,,Pred,Shared,2,NA
68,6,,Pred,Shared,2,NA
68,7,,Pred,Shared,2,0.5873483208454754
69,1,,Pred,Shared,2,1.1533288076557204
69,2,,Pred,Shared,2,1.7800510585245657
69,3,,Pred,Shared,2,22.107239383779476
70,1,,Pred,Shared,2,2.4649253175853483
70,2,,Pred,Shared,2,1.8517710842604138
70,3,,Pred,Shared,2,1.5184890387388303
70,4,,Pred,Shared,2,NA
71,1,,Pred,Shared,2,0.5758805400580073
71,2,,Pred,Shared,2,48.28720019549695
71,3,,Pred,Shared,2,1.3063422895556944
71,4,,Pred,Shared,2,33.339072599728986
71,5,,Pred,Shared,2,5.072366151682073
71,6,,Pred,Shared,2,NA
71,7,,Pred,Shared,2,NA
71,8,,Pred,Shared,2,NA
72,1,,Pred,Shared,2,3.254786005285696
72,2,,Pred,Shared,2,1.7026547653590831
72,3,,Pred,Shared,2,6.208489805983948
72,4,,Pred,Shared,2,1.7376565980217618
73,1,,Pred,Shared,2,0.9130620906371009
73,2,,Pred,Shared,2,1.7233781301086213
73,3,,Pred,Shared,2,2.3493992914420994
74,1,,Pred,Shared,2,2.0057535965791136
74,2,,Pred,Shared,2,1.8301340894327789
75,1,,Pred,Shared,2,NA
75,2,,Pred,Shared,2,2.1119532782199273
75,3,,Pred,Shared,2,22.07308126509786
75,4,,Pred,Shared,2,NA
76,1,,Pred,Shared,2,19.63681695673738
76,2,,Pred,Shared,2,1.712112396946149
76,3,,Pred,Shared,2,0.5100489878433213
77,1,,Pred,Shared,2,1.2207517303202422
77,2,,Pred,Shared,2,1.1862575231853443
77,3,,Pred,Shared,2,NA
77,4,,Pred,Shared,2,NA
77,5,,Pred,Shared,2,NA
77,6,,Pred,Shared,2,NA
77,7,,Pred,Shared,2,55.44165588914169
77,8,,Pred,Shared,2,NA
78,1,,Pred,Shared,2,10.281292492237622
78,2,,Pred,Shared,2,0.9107433884936139
78,3,,Pred,Shared,2,34.879343240040804
78,4,,Pred,Shared,2,2.2739558697219096
79,1,,Pred,Shared,2,0.860258897152491
79,2,,Pred,Shared,2,1.5454797941439882
79,3,,Pred,Shared,2,0.8265999572280981
80,1,,Pred,Shared,2,NA
80,2,,Pred,Shared,2,1.093491880388071
80,3,,Pred,Shared,2,6.307346562064629
80,4,,Pred,Shared,2,0.3434271651191024
80,5,,Pred,Shared,2,3.0857206406414277
81,1,,Pred,Shared,2,2.1270661513314804
81,2,,Pred,Shared,2,2.479106996332973
81,3,,Pred,Shared,2,2.208220032305787
81,4,,Pred,Shared,2,1.178732514982684
82,1,,Pred,Shared,2,38.2626591149584
82,2,,Pred,Shared,2,2.1122144969762076
82,3,,Pred,Shared,2,1.680409376702333
83,1,,Pred,Shared,2,1.6435477307126238
83,2,,Pred,Shared,2,4.673184118806203
84,1,,Pred,Shared,2,8.548048901199937
84,2,,Pred,Shared,2,1.499794187730019
84,3,,Pred,Shared,2,1.5385126733424865
84,4,,Pred,Shared,2,0.32247519284434867
85,1,,Pred,Shared,2,2.1762614636411097
85,2,,Pred,Shared,2,0.661476984337428
85,3,,Pred,Shared,2,3.5209394295221883
85,4,,Pred,Shared,2,NA
85,5,,Pred,Shared,2,NA
86,1,,Pred,Shared,2,9.269248776018776
86,2,,Pred,Shared,2,15.105058624430402
86,3,,Pred,Shared,2,1.7625928723916264
87,1,,Pred,Shared,2,1.4835893703371108
87,2,,Pred,Shared,2,53.055670655158686
87,3,,Pred,Shared,2,2.484441975690139
88,1,,Pred,Shared,2,1.2305278984323138
88,2,,Pred,Shared,2,4.128338330911201
88,3,,Pred,Shared,2,1.3188401522209245
88,4,,Pred,Shared,2,0.1790705447582047
89,1,,Pred,Shared,2,6.594324436946148
89,2,,Pred,Shared,2,1.1671052021219994
89,3,,Pred,Shared,2,1.3730000913977938
89,4,,Pred,Shared,2,NA
89,5,,Pred,Shared,2,NA
89,6,,Pred,Shared,2,NA
90,1,,Pred,Shared,2,5.963436773984925
90,2,,Pred,Shared,2,22.520195191069924
90,3,,Pred,Shared,2,1.8574052959969676
91,1,,Pred,Shared,2,1.3644180926879337
91,2,,Pred,Shared,2,1.2800002192115278
91,3,,Pred,Shared,2,2.9177486133724297
91,4,,Pred,Shared,2,18.276116420071304
92,1,,Pred,Shared,2,15.389603778380186
92,2,,Pred,Shared,2,0.07267090201724738
92,3,,Pred,Shared,2,1.0470652518820842
93,1,,Pred,Shared,2,7.413219021667423
93,2,,Pred,Shared,2,63.89103472275524
93,3,,Pred,Shared,2,2.338121951553658
94,1,,Pred,Shared,2,2.868180253687996
94,2,,Pred,Shared,2,132.5538641115377
94,3,,Pred,Shared,2,1.309983442144598
95,1,,Pred,Shared,2,17.656589742758584
95,2,,Pred,Shared,2,1.256024296823754
95,3,,Pred,Shared,2,1.2139282221357999
96,1,,Pred,Shared,2,0.4626655927869436
96,2,,Pred,Shared,2,2.3227312859219578
97,1,,Pred,Shared,2,24.96920631108764
97,2,,Pred,Shared,2,2.5193468530272254
98,1,,Pred,Shared,2,2.278767650185868
98,2,,Pred,Shared,2,78.98754310264029
98,3,,Pred,Shared,2,1.7580147686652987
99,1,,Pred,Shared,2,17.686573114615125
99,2,,Pred,Shared,2,0.22260552003503148
99,3,,Pred,Shared,2,2.849938184592875
100,1,,Pred,Shared,2,1.2371113339509856
100,2,,Pred,Shared,2,79.40960804587829
100,3,,Pred,Shared,2,1.401865636285372
101,1,,Pred,Shared,3,NA
101,2,,Pred,Shared,3,2.2678487456019885
101,3,,Pred,Shared,3,1.1016602269032356
101,4,,Pred,Shared,3,19.424848673719357
102,1,,Pred,Shared,3,3.075663025451412
102,2,,Pred,Shared,3,7.738118058905637
103,1,,Pred,Shared,3,NA
103,2,,Pred,Shared,3,4.007337089265598
103,3,,Pred,Shared,3,4.40545119410838
103,4,,Pred,Shared,3,7.597344453669633
104,1,,Pred,Shared,3,39.488732342222995
104,2,,Pred,Shared,3,0.8752235870636976
105,1,,Pred,Shared,3,2.4663139025885066
105,2,,Pred,Shared,3,1.2828482467427267
105,3,,Pred,Shared,3,NA
105,4,,Pred,Shared,3,0.7328255726978975
105,5,,Pred,Shared,3,1.3399744242057647
105,6,,Pred,Shared,3,NA
106,1,,Pred,Shared,3,32.92318292197779
106,2,,Pred,Shared,3,0.8222889496387341
106,3,,Pred,Shared,3,2.247772307086156
107,1,,Pred,Shared,3,3.099574740193134
107,2,,Pred,Shared,3,0.5427549506885445
107,3,,Pred,Shared,3,0.6457589749405082
107,4,,Pred,Shared,3,26.617671993490934
108,1,,Pred,Shared,3,5.865732335842161
108,2,,Pred,Shared,3,27.891269891115737
109,1,,Pred,Shared,3,2.001980178590539
109,2,,Pred,Shared,3,NA
109,3,,Pred,Shared,3,0.958926017303108
109,4,,Pred,Shared,3,18.03771812082757
109,5,,Pred,Shared,3,NA
109,6,,Pred,Shared,3,NA
110,1,,Pred,Shared,3,1.197652183641376
110,2,,Pred,Shared,3,NA
110,3,,Pred,Shared,3,0.965182521598893
110,4,,Pred,Shared,3,1.0321827842005509
110,5,,Pred,Shared,3,2.806659358292525
111,1,,Pred,Shared,3,1.9317230827750618
111,2,,Pred,Shared,3,23.158889690444962
111,3,,Pred,Shared,3,2.5538758461942046
112,1,,Pred,Shared,3,37.07905699128624
112,2,,Pred,Shared,3,2.8470722483264232
112,3,,Pred,Shared,3,0.01897630100941434
112,4,,Pred,Shared,3,2.073217099749698
113,1,,Pred,Shared,3,43.810555875253854
113,2,,Pred,Shared,3,1.283845243183844
113,3,,Pred,Shared,3,1.2275058600124804
114,1,,Pred,Shared,3,1.7584123272237309
114,2,,Pred,Shared,3,19.509236213571132
115,1,,Pred,Shared,3,0.6684941271153501
115,2,,Pred,Shared,3,NA
115,3,,Pred,Shared,3,10.273690637186945
115,4,,Pred,Shared,3,2.4307609940099
115,5,,Pred,Shared,3,1.2675210277178903
115,6,,Pred,Shared,3,1.7194918551711704
115,7,,Pred,Shared,3,NA
115,8,,Pred,Shared,3,NA
116,1,,Pred,Shared,3,1.5534211170124708
116,2,,Pred,Shared,3,4.144459741830396
116,3,,Pred,Shared,3,1.5887882236484756
116,4,,Pred,Shared,3,19.08622615500508
117,1,,Pred,Shared,3,1.2510161447689472
117,2,,Pred,Shared,3,1.426234307231857
117,3,,Pred,Shared,3,1.570846685326025
117,4,,Pred,Shared,3,2.2161110197313536
117,5,,Pred,Shared,3,24.90666909183161
118,1,,Pred,Shared,3,NA
118,2,,Pred,Shared,3,1.1537237499269937
118,3,,Pred,Shared,3,0.6501044167124777
118,4,,Pred,Shared,3,1.1069211160585728
118,5,,Pred,Shared,3,NA
118,6,,Pred,Shared,3,0.87662497988658306
118,7,,Pred,Shared,3,NA
119,1,,Pred,Shared,3,1.0005066350561878
119,2,,Pred,Shared,3,17.41367341367557
119,3,,Pred,Shared,3,40.33098510384357
120,1,,Pred,Shared,3,13.051838513551061
120,2,,Pred,Shared,3,13.558095523080546
121,1,,Pred,Shared,3,NA
121,2,,Pred,Shared,3,2.1845744851611864
121,3,,Pred,Shared,3,NA
121,4,,Pred,Shared,3,1.0897182528338885
121,5,,Pred,Shared,3,2.8895087059531583
121,6,,Pred,Shared,3,33.93117858431701
122,1,,Pred,Shared,3,47.71460958559663
122,2,,Pred,Shared,3,2.2715076574561954
122,3,,Pred,Shared,3,1.7409256051148512
123,1,,Pred,Shared,3,4.892552452786276
123,2,,Pred,Shared,3,3.3186858980220237
123,3,,Pred,Shared,3,46.66535405616078
123,4,,Pred,Shared,3,0.8615264478163565
124,1,,Pred,Shared,3,1.186053399875966
124,2,,Pred,Shared,3,54.93392713319879
125,1,,Pred,Shared,3,0.4921198736080471
125,2,,Pred,Shared,3,19.84038351091978
125,3,,Pred,Shared,3,2.077883443333632
126,1,,Pred,Shared,3,10.237199916666427
126,2,,Pred,Shared,3,1.6787621890682745
126,3,,Pred,Shared,3,2.785884089559387
127,1,,Pred,Shared,3,1.4592285462531578
127,2,,Pred,Shared,3,0.14463263808698276
127,3,,Pred,Shared,3,14.63764180642072
127,4,,Pred,Shared,3,0.45167693100267975
128,1,,Pred,Shared,3,0.6149684540778074
128,2,,Pred,Shared,3,0.8344557803711568
128,3,,Pred,Shared,3,0.9463457773649896
128,4,,Pred,Shared,3,34.646265540882354
129,1,,Pred,Shared,3,14.18311153773386
129,2,,Pred,Shared,3,0.10017070430021265
130,1,,Pred,Shared,3,0.7901031794219013
130,2,,Pred,Shared,3,27.109013162395158
130,3,,Pred,Shared,3,4.468686748979768
131,1,,Pred,Shared,3,2.6930926969927875
131,2,,Pred,Shared,3,29.627327775753965
132,1,,Pred,Shared,3,25.038356567073084
132,2,,Pred,Shared,3,3.008672045177443
132,3,,Pred,Shared,3,0.6537653554602025
133,1,,Pred,Shared,3,4.148313564406785
133,2,,Pred,Shared,3,0.7261126214055478
133,3,,Pred,Shared,3,1.032251257966342
133,4,,Pred,Shared,3,0.5467216810137712
133,5,,Pred,Shared,3,NA
134,1,,Pred,Shared,3,3.824811933641892
134,2,,Pred,Shared,3,7.696727197819723
134,3,,Pred,Shared,3,5.192971165835216
134,4,,Pred,Shared,3,49.99408592393705
135,1,,Pred,Shared,3,2.29471280877971
135,2,,Pred,Shared,3,5.596305506093323
135,3,,Pred,Shared,3,3.1203624105955257
135,4,,Pred,Shared,3,36.96493500667598
136,1,,Pred,Shared,3,25.84242663456688
136,2,,Pred,Shared,3,2.5386441712739027
136,3,,Pred,Shared,3,1.6235092636099753
137,1,,Pred,Shared,3,1.1696222680848738
137,2,,Pred,Shared,3,2.2417496346392465
137,3,,Pred,Shared,3,1.5113168473792642
137,4,,Pred,Shared,3,NA
137,5,,Pred,Shared,3,NA
137,6,,Pred,Shared,3,NA
138,1,,Pred,Shared,3,15.533767731821753
138,2,,Pred,Shared,3,0.06911671288480009
138,3,,Pred,Shared,3,11.755691270922412
139,1,,Pred,Shared,3,20.060997914104806
139,2,,Pred,Shared,3,1.882242264107886
140,1,,Pred,Shared,3,4.6780320975478675
140,2,,Pred,Shared,3,14.10404703338726
140,3,,Pred,Shared,3,NA
140,4,,Pred,Shared,3,0.6657909218695701
140,5,,Pred,Shared,3,NA
140,6,,Pred,Shared,3,NA
140,7,,Pred,Shared,3,46.534396088162566
140,8,,Pred,Shared,3,NA
141,1,,Pred,Shared,3,NA
141,2,,Pred,Shared,3,2.5126577299426986
141,3,,Pred,Shared,3,0.8106915239646741
141,4,,Pred,Shared,3,2.708945441168517
141,5,,Pred,Shared,3,NA
141,6,,Pred,Shared,3,NA
141,7,,Pred,Shared,3,0.9008676730474825
141,8,,Pred,Shared,3,NA
142,1,,Pred,Shared,3,15.62235302131766
142,2,,Pred,Shared,3,2.154207407986485
142,3,,Pred,Shared,3,5.393282869279835
143,1,,Pred,Shared,3,0.4826300469779062
143,2,,Pred,Shared,3,2.080271206850549
143,3,,Pred,Shared,3,2.9376238655480726
143,4,,Pred,Shared,3,48.71386424766568
144,1,,Pred,Shared,3,0.5550186399565369
144,2,,Pred,Shared,3,4.0073617647396205
144,3,,Pred,Shared,3,1.4776814290776754
144,4,,Pred,Shared,3,NA
145,1,,Pred,Shared,3,3.552132412272856
145,2,,Pred,Shared,3,7.921968453427336
145,3,,Pred,Shared,3,0.4827357407065968
145,4,,Pred,Shared,3,0.5106310258286072
146,1,,Pred,Shared,3,3.012252484884717
146,2,,Pred,Shared,3,21.147136836899513
147,1,,Pred,Shared,3,14.077587657720011
147,2,,Pred,Shared,3,0.0616086032953187
148,1,,Pred,Shared,3,3.2483296142025964
148,2,,Pred,Shared,3,18.205636026100702
148,3,,Pred,Shared,3,2.842304006909448
149,1,,Pred,Shared,3,9.326110821096476
149,2,,Pred,Shared,3,8.061718016181914
149,3,,Pred,Shared,3,0.5911651985058433
149,4,,Pred,Shared,3,0.201067277297922
150,1,,Pred,Shared,3,3.1960460031187297
150,2,,Pred,Shared,3,1.7440209378831506
150,3,,Pred,Shared,3,11.129006917061384
151,1,,Pred,Shared,4,0.30207093537776364
151,2,,Pred,Shared,4,1.3196593171321875
151,3,,Pred,Shared,4,26.06886651065297
152,1,,Pred,Shared,4,22.59631793457606
152,2,,Pred,Shared,4,4.883024333655033
153,1,,Pred,Shared,4,NA
153,2,,Pred,Shared,4,3.9868009906751034
153,3,,Pred,Shared,4,0.5453414599743605
153,4,,Pred,Shared,4,2.501537376693231
153,5,,Pred,Shared,4,NA
153,6,,Pred,Shared,4,NA
153,7,,Pred,Shared,4,NA
153,8,,Pred,Shared,4,NA
154,1,,Pred,Shared,4,0.9534471697163941
154,2,,Pred,Shared,4,20.62793476658493
154,3,,Pred,Shared,4,1.0989355636535767
155,1,,Pred,Shared,4,4.646846565841882
155,2,,Pred,Shared,4,4.4808504219592535
155,3,,Pred,Shared,4,2.5542188618522417
156,1,,Pred,Shared,4,58.20900545470385
156,2,,Pred,Shared,4,NA
156,3,,Pred,Shared,4,7.650794735097832
156,4,,Pred,Shared,4,NA
157,1,,Pred,Shared,4,9.582141140795649
157,2,,Pred,Shared,4,0.8614777795748276
157,3,,Pred,Shared,4,61.506639682390215
158,1,,Pred,Shared,4,1.2094095484115925
158,2,,Pred,Shared,4,9.413699628440588
158,3,,Pred,Shared,4,28.064012406541355
158,4,,Pred,Shared,4,2.0093370911158726
159,1,,Pred,Shared,4,21.05439254854608
159,2,,Pred,Shared,4,0.12192792953216398
160,1,,Pred,Shared,4,5.485823949052686
160,2,,Pred,Shared,4,1.0769708407188399
160,3,,Pred,Shared,4,48.16525154821665
160,4,,Pred,Shared,4,1.097462081403926
160,5,,Pred,Shared,4,0.8992453780809765
161,1,,Pred,Shared,4,22.906426810705955
161,2,,Pred,Shared,4,5.312277419870498
162,1,,Pred,Shared,4,1.0512733043808775
162,2,,Pred,Shared,4,3.455215064218145
162,3,,Pred,Shared,4,1.593231337279102
162,4,,Pred,Shared,4,5.1061487895634095
162,5,,Pred,Shared,4,0.6135161209223988
163,1,,Pred,Shared,4,2.1988294936827835
163,2,,Pred,Shared,4,33.70291163153698
163,3,,Pred,Shared,4,1.1644661583692073
164,1,,Pred,Shared,4,26.325996852257866
164,2,,Pred,Shared,4,1.63850113518423
164,3,,Pred,Shared,4,4.485692255755431
165,1,,Pred,Shared,4,7.752079843156392
165,2,,Pred,Shared,4,0.8019541675350229
165,3,,Pred,Shared,4,17.881138066840872
165,4,,Pred,Shared,4,0.7650652870149208
166,1,,Pred,Shared,4,1.3646800519266131
166,2,,Pred,Shared,4,15.968288024597785
166,3,,Pred,Shared,4,2.489195825864639
167,1,,Pred,Shared,4,0.9449866253852479
167,2,,Pred,Shared,4,2.2702109789175857
167,3,,Pred,Shared,4,34.71324593028846
167,4,,Pred,Shared,4,0.8283892239702064
168,1,,Pred,Shared,4,0.4529474634682308
168,2,,Pred,Shared,4,9.624999139098865
168,3,,Pred,Shared,4,61.12446467302899
169,1,,Pred,Shared,4,0.9917429757754788
169,2,,Pred,Shared,4,3.9827666477465775
169,3,,Pred,Shared,4,2.2447814466678704
169,4,,Pred,Shared,4,NA
170,1,,Pred,Shared,4,NA
170,2,,Pred,Shared,4,0.44357377002427634
170,3,,Pred,Shared,4,1.4721761899498662
170,4,,Pred,Shared,4,NA
170,5,,Pred,Shared,4,2.6592527825214396
170,6,,Pred,Shared,4,NA
170,7,,Pred,Shared,4,NA
170,8,,Pred,Shared,4,NA
171,1,,Pred,Shared,4,5.447122967652748
171,2,,Pred,Shared,4,36.05639614958701
171,3,,Pred,Shared,4,6.470364963986104
171,4,,Pred,Shared,4,0.34674096960122985
172,1,,Pred,Shared,4,3.7038194548933534
172,2,,Pred,Shared,4,5.481766658660327
172,3,,Pred,Shared,4,28.604357154277196
173,1,,Pred,Shared,4,NA
173,2,,Pred,Shared,4,3.2035143457041095
173,3,,Pred,Shared,4,NA
173,4,,Pred,Shared,4,2.0024257823996123
173,5,,Pred,Shared,4,5.757324368250758
173,6,,Pred,Shared,4,NA
173,7,,Pred,Shared,4,NA
174,1,,Pred,Shared,4,0.6391022844584416
174,2,,Pred,Shared,4,2.3679152002798927
174,3,,Pred,Shared,4,1.7486153169576548
174,4,,Pred,Shared,4,NA
174,5,,Pred,Shared,4,NA
174,6,,Pred,Shared,4,NA
175,1,,Pred,Shared,4,45.5349767610977
175,2,,Pred,Shared,4,1.084714103789398
175,3,,Pred,Shared,4,8.350223706238022
175,4,,Pred,Shared,4,1.2023066974440564
176,1,,Pred,Shared,4,2.2339938264176715
176,2,,Pred,Shared,4,0.8882433202230927
176,3,,Pred,Shared,4,14.009310173735624
177,1,,Pred,Shared,4,5.943192778645441
177,2,,Pred,Shared,4,17.965073567330403
178,1,,Pred,Shared,4,10.919981446271528
178,2,,Pred,Shared,4,1.519637096028593
178,3,,Pred,Shared,4,0.18142416142677814
178,4,,Pred,Shared,4,0.04862149730314791
179,1,,Pred,Shared,4,3.818735502286017
179,2,,Pred,Shared,4,2.4253845119772772
179,3,,Pred,Shared,4,0.4245289271651592
179,4,,Pred,Shared,4,NA
180,1,,Pred,Shared,4,1.9319319892205336
180,2,,Pred,Shared,4,6.410322294275216
180,3,,Pred,Shared,4,11.966412833073367
181,1,,Pred,Shared,4,18.983679246964545
181,2,,Pred,Shared,4,12.139455232033738
181,3,,Pred,Shared,4,0.01210041321608503
182,1,,Pred,Shared,4,6.415913361270931
182,2,,Pred,Shared,4,2.8595611690702847
182,3,,Pred,Shared,4,32.293385268561764
183,1,,Pred,Shared,4,10.468150144598985
183,2,,Pred,Shared,4,7.558508970452808
183,3,,Pred,Shared,4,1.316953714309735
184,1,,Pred,Shared,4,4.480268444198102
184,2,,Pred,Shared,4,3.4353887804983874
184,3,,Pred,Shared,4,22.944626141962097
184,4,,Pred,Shared,4,0.5998119451814123
185,1,,Pred,Shared,4,2.553113165734504
185,2,,Pred,Shared,4,46.19254729824551
185,3,,Pred,Shared,4,0.39829060868038557
186,1,,Pred,Shared,4,26.357812892722
186,2,,Pred,Shared,4,5.800274733227235
186,3,,Pred,Shared,4,1.0233467862867631
187,1,,Pred,Shared,4,22.661707958917084
187,2,,Pred,Shared,4,9.797724284508615
188,1,,Pred,Shared,4,2.356100543938258
188,2,,Pred,Shared,4,1.4985608034855629
188,3,,Pred,Shared,4,53.78123242049114
188,4,,Pred,Shared,4,1.3040980475000625
189,1,,Pred,Shared,4,15.63603714860655
189,2,,Pred,Shared,4,2.786390555036793
189,3,,Pred,Shared,4,1.3926595348469033
190,1,,Pred,Shared,4,0.5253480343410544
190,2,,Pred,Shared,4,4.0482092254065565
190,3,,Pred,Shared,4,NA
190,4,,Pred,Shared,4,1.3786284169105663
190,5,,Pred,Shared,4,NA
190,6,,Pred,Shared,4,1.486462868629707
190,7,,Pred,Shared,4,NA
191,1,,Pred,Shared,4,1.8574846373324876
191,2,,Pred,Shared,4,1.3415739955772097
191,3,,Pred,Shared,4,10.252453081324962
191,4,,Pred,Shared,4,NA
191,5,,Pred,Shared,4,NA
192,1,,Pred,Shared,4,29.906942314617073
192,2,,Pred,Shared,4,1.1173928426760837
192,3,,Pred,Shared,4,1.7812192456532514
193,1,,Pred,Shared,4,3.308812179713321
193,2,,Pred,Shared,4,4.502751412924321
193,3,,Pred,Shared,4,42.63603481850074
194,1,,Pred,Shared,4,45.80307566051018
194,2,,Pred,Shared,4,3.2657050476493863
194,3,,Pred,Shared,4,4.211201094150692
194,4,,Pred,Shared,4,2.264362937685219
195,1,,Pred,Shared,4,50.71009527747236
195,2,,Pred,Shared,4,10.674299409098033
195,3,,Pred,Shared,4,2.5723698549372185
195,4,,Pred,Shared,4,2.745056334721797
196,1,,Pred,Shared,4,4.618579215682004
196,2,,Pred,Shared,4,1.8262517271333378
196,3,,Pred,Shared,4,1.7719419750897667
196,4,,Pred,Shared,4,47.948975682240885
196,5,,Pred,Shared,4,NA
196,6,,Pred,Shared,4,NA
197,1,,Pred,Shared,4,3.2412756640036764
197,2,,Pred,Shared,4,1.5231373937521713
197,3,,Pred,Shared,4,0.5162243835146947
197,4,,Pred,Shared,4,22.912910660276424
198,1,,Pred,Shared,4,2.294901044154085
198,2,,Pred,Shared,4,52.08061238908962
198,3,,Pred,Shared,4,2.0033724647327804
198,4,,Pred,Shared,4,1.564360990938059
199,1,,Pred,Shared,4,16.867245911391564
199,2,,Pred,Shared,4,1.5054899570320053
199,3,,Pred,Shared,4,2.9581732862844463
200,1,,Pred,Shared,4,30.37157481230162
200,2,,Pred,Shared,4,2.0620841318677106
1,1,,Prey,Individual,1,3.794360736427335
1,2,,Prey,Individual,1,1.79588984338296
1,3,,Prey,Individual,1,NA
1,4,,Prey,Individual,1,3.903525176595578
2,1,,Prey,Individual,1,0.6039451073820352
2,2,,Prey,Individual,1,2.0378402267810327
2,3,,Prey,Individual,1,0.25669571480646125
2,4,,Prey,Individual,1,13.086647487952169
3,1,,Prey,Individual,1,1.558974302434839
3,2,,Prey,Individual,1,5.00760879894158
3,3,,Prey,Individual,1,0.5513294840655621
4,1,,Prey,Individual,1,1.088141148830875
4,2,,Prey,Individual,1,10.637872639127972
4,3,,Prey,Individual,1,0.3693220816577295
5,1,,Prey,Individual,1,11.133016731686489
5,2,,Prey,Individual,1,1.7723585256726686
6,1,,Prey,Individual,1,0.1694315496004203
6,2,,Prey,Individual,1,0.3947125767770151
6,3,,Prey,Individual,1,1.7598594099677514
6,4,,Prey,Individual,1,11.462038566932671
6,5,,Prey,Individual,1,1.414265178809214
6,6,,Prey,Individual,1,NA
6,7,,Prey,Individual,1,NA
7,1,,Prey,Individual,1,1.679295458877551
7,2,,Prey,Individual,1,0.6451003864470045
7,3,,Prey,Individual,1,7.9135187461086085
8,1,,Prey,Individual,1,1.426627339465529
8,2,,Prey,Individual,1,0.7365542865711519
8,3,,Prey,Individual,1,3.158095868836417
9,1,,Prey,Individual,1,21.623994286753472
9,2,,Prey,Individual,1,1.182960605209624
9,3,,Prey,Individual,1,10.453739510644203
9,4,,Prey,Individual,1,1.3486600478430586
9,5,,Prey,Individual,1,0.8466035672025013
10,1,,Prey,Individual,1,1.8805251121336752
10,2,,Prey,Individual,1,16.127849749015752
10,3,,Prey,Individual,1,0.9926089113762295
11,1,,Prey,Individual,1,11.53484021745013
11,2,,Prey,Individual,1,1.5674604730277675
12,1,,Prey,Individual,1,1.7900252186784162
12,2,,Prey,Individual,1,2.865443770389917
12,3,,Prey,Individual,1,0.05418265405090448
13,1,,Prey,Individual,1,2.7829888592682255
13,2,,Prey,Individual,1,2.212379338981429
13,3,,Prey,Individual,1,2.1879713205896794
14,1,,Prey,Individual,1,2.173835217666054
14,2,,Prey,Individual,1,1.5350864546809884
14,3,,Prey,Individual,1,21.88353825744709
15,1,,Prey,Individual,1,2.7333495964402212
15,2,,Prey,Individual,1,5.353443700267834
15,3,,Prey,Individual,1,0.6969079201772069
15,4,,Prey,Individual,1,0.5440609241220273
16,1,,Prey,Individual,1,0.9207173274369262
16,2,,Prey,Individual,1,2.2896255640123853
16,3,,Prey,Individual,1,0.937708280074753
16,4,,Prey,Individual,1,0.9728195569155512
17,1,,Prey,Individual,1,11.544239974678447
17,2,,Prey,Individual,1,0.11446230820667631
17,3,,Prey,Individual,1,0.5422374224099052
18,1,,Prey,Individual,1,2.876082730360329
18,2,,Prey,Individual,1,1.7400064156553272
18,3,,Prey,Individual,1,NA
18,4,,Prey,Individual,1,0.37960618846767713
19,1,,Prey,Individual,1,2.861214175262502
19,2,,Prey,Individual,1,1.1800820484675685
19,3,,Prey,Individual,1,1.0208284379378305
19,4,,Prey,Individual,1,NA
19,5,,Prey,Individual,1,NA
20,1,,Prey,Individual,1,16.603436514770067
20,2,,Prey,Individual,1,3.1582085463296994
20,3,,Prey,Individual,1,2.947823564588668
21,1,,Prey,Individual,1,11.417567182880523
21,2,,Prey,Individual,1,3.043142446848875
21,3,,Prey,Individual,1,NA
21,4,,Prey,Individual,1,0.13459067575430447
21,5,,Prey,Individual,1,NA
22,1,,Prey,Individual,1,2.2511606756140816
22,2,,Prey,Individual,1,11.05204242896383
22,3,,Prey,Individual,1,3.7842637616354007
23,1,,Prey,Individual,1,1.8329098568611741
23,2,,Prey,Individual,1,0.8134757925330028
23,3,,Prey,Individual,1,1.7635858060138376
23,4,,Prey,Individual,1,NA
23,5,,Prey,Individual,1,NA
23,6,,Prey,Individual,1,1.2894917063867077
23,7,,Prey,Individual,1,NA
23,8,,Prey,Individual,1,NA
24,1,,Prey,Individual,1,2.700764038035798
24,2,,Prey,Individual,1,0.01814662503056611
24,3,,Prey,Individual,1,0.9536225091722608
24,4,,Prey,Individual,1,NA
24,5,,Prey,Individual,1,0.05916924876994543
25,1,,Prey,Individual,1,1.0514306291737576
25,2,,Prey,Individual,1,1.591647772288691
25,3,,Prey,Individual,1,0.785205365483128
25,4,,Prey,Individual,1,NA
25,5,,Prey,Individual,1,0.5328205415800635
25,6,,Prey,Individual,1,20.149909628829608
25,7,,Prey,Individual,1,NA
26,1,,Prey,Individual,1,2.0983658104331204
26,2,,Prey,Individual,1,34.794667181193155
26,3,,Prey,Individual,1,2.185806778524236
27,1,,Prey,Individual,1,1.4255072328658327
27,2,,Prey,Individual,1,1.249128527723797
27,3,,Prey,Individual,1,0.20791580026539455
28,1,,Prey,Individual,1,6.512375644557551
28,2,,Prey,Individual,1,2.3260810778535927
29,1,,Prey,Individual,1,1.6473548023986986
29,2,,Prey,Individual,1,3.3611528324591173
29,3,,Prey,Individual,1,0.0410888062615585
30,1,,Prey,Individual,1,5.332084230606935
30,2,,Prey,Individual,1,4.499872478350791
30,3,,Prey,Individual,1,1.2179183280767338
31,1,,Prey,Individual,1,3.0665235476173653
31,2,,Prey,Individual,1,2.077548489358066
31,3,,Prey,Individual,1,0.2911085708116483
31,4,,Prey,Individual,1,1.0217923515477882
32,1,,Prey,Individual,1,0.6736460610946128
32,2,,Prey,Individual,1,0.8573645277459641
32,3,,Prey,Individual,1,0.6304380567437945
32,4,,Prey,Individual,1,2.0798770543402196
33,1,,Prey,Individual,1,1.9589079453201772
33,2,,Prey,Individual,1,10.260263427449045
33,3,,Prey,Individual,1,0.9471331113519809
34,1,,Prey,Individual,1,3.1019138209928174
34,2,,Prey,Individual,1,2.057432552396488
34,3,,Prey,Individual,1,1.7034963767381153
35,1,,Prey,Individual,1,NA
35,2,,Prey,Individual,1,1.8821065239303143
35,3,,Prey,Individual,1,1.600334182800742
35,4,,Prey,Individual,1,NA
35,5,,Prey,Individual,1,1.7548877086851171
36,1,,Prey,Individual,1,1.9300475256485525
36,2,,Prey,Individual,1,2.044978649089183
36,3,,Prey,Individual,1,17.173936548127966
37,1,,Prey,Individual,1,6.090260507085397
37,2,,Prey,Individual,1,0.8786515695228627
37,3,,Prey,Individual,1,0.06858141147570747
38,1,,Prey,Individual,1,2.633827110859956
38,2,,Prey,Individual,1,1.376142425199347
38,3,,Prey,Individual,1,4.955264459934884
38,4,,Prey,Individual,1,NA
39,1,,Prey,Individual,1,0.5570303716915153
39,2,,Prey,Individual,1,NA
39,3,,Prey,Individual,1,0.8396468138073805
39,4,,Prey,Individual,1,1.3111876574387182
39,5,,Prey,Individual,1,0.6461921264487142
40,1,,Prey,Individual,1,14.08724473492618
40,2,,Prey,Individual,1,2.536028002275214
40,3,,Prey,Individual,1,1.7754277697969947
41,1,,Prey,Individual,1,31.79960081793481
41,2,,Prey,Individual,1,0.4987860563407931
41,3,,Prey,Individual,1,1.0073947898895728
41,4,,Prey,Individual,1,0.7427000004260207
41,5,,Prey,Individual,1,1.4425204270530316
42,1,,Prey,Individual,1,12.7714918974888
42,2,,Prey,Individual,1,1.967039611216494
43,1,,Prey,Individual,1,1.6102383228868289
43,2,,Prey,Individual,1,0.8788126309367774
43,3,,Prey,Individual,1,0.5264056420670278
44,1,,Prey,Individual,1,1.5205550292747105
44,2,,Prey,Individual,1,1.213759713742823
44,3,,Prey,Individual,1,15.821568617317293
45,1,,Prey,Individual,1,2.02910264669491
45,2,,Prey,Individual,1,2.838638720053775
46,1,,Prey,Individual,1,3.7442780445125603
46,2,,Prey,Individual,1,1.8755878503949122
47,1,,Prey,Individual,1,1.4053107779997465
47,2,,Prey,Individual,1,0.8819358581378823
47,3,,Prey,Individual,1,2.255252640264362
48,1,,Prey,Individual,1,1.1381675443406063
48,2,,Prey,Individual,1,1.2954394895210048
48,3,,Prey,Individual,1,1.799994510760473
48,4,,Prey,Individual,1,0.5037946010032257
49,1,,Prey,Individual,1,2.7362030836089413
49,2,,Prey,Individual,1,2.7979581367747928
49,3,,Prey,Individual,1,0.5664679383813409
50,1,,Prey,Individual,1,1.0031053471326372
50,2,,Prey,Individual,1,1.2413345386952357
50,3,,Prey,Individual,1,2.4916131897380907
51,1,,Prey,Individual,2,3.992199078657433
51,2,,Prey,Individual,2,2.328040620017086
52,1,,Prey,Individual,2,NA
52,2,,Prey,Individual,2,1.058708591009894
52,3,,Prey,Individual,2,2.2210883948526745
52,4,,Prey,Individual,2,3.0554501342690243
52,5,,Prey,Individual,2,4.501374028470602
53,1,,Prey,Individual,2,1.0789464736497312
53,2,,Prey,Individual,2,0.7068001131861831
53,3,,Prey,Individual,2,0.6221952458936342
53,4,,Prey,Individual,2,0.5815545389336243
53,5,,Prey,Individual,2,NA
54,1,,Prey,Individual,2,4.2078661303427545
54,2,,Prey,Individual,2,5.475300940421427
54,3,,Prey,Individual,2,NA
54,4,,Prey,Individual,2,NA
55,1,,Prey,Individual,2,1.7798820850309882
55,2,,Prey,Individual,2,2.9070985219901546
55,3,,Prey,Individual,2,15.15334864438527
56,1,,Prey,Individual,2,6.668455435327402
56,2,,Prey,Individual,2,5.0863411053711385
56,3,,Prey,Individual,2,0.3456596005424332
56,4,,Prey,Individual,2,20.492434686382122
56,5,,Prey,Individual,2,2.460629966147571
57,1,,Prey,Individual,2,1.8311464109961972
57,2,,Prey,Individual,2,9.494669878002895
58,1,,Prey,Individual,2,0.6877721134212993
58,2,,Prey,Individual,2,0.2351530778025238
58,3,,Prey,Individual,2,1.451414125769314
58,4,,Prey,Individual,2,NA
58,5,,Prey,Individual,2,0.6031519537105141
58,6,,Prey,Individual,2,0.6663024288482158
58,7,,Prey,Individual,2,NA
58,8,,Prey,Individual,2,NA
58,9,,Prey,Individual,2,1.4802915827633416
58,10,,Prey,Individual,2,NA
59,1,,Prey,Individual,2,6.553423218159782
59,2,,Prey,Individual,2,2.1447136503762385
59,3,,Prey,Individual,2,2.228684706278571
60,1,,Prey,Individual,2,8.021705158152903
60,2,,Prey,Individual,2,0.8114146870101505
61,1,,Prey,Individual,2,5.308421290052675
61,2,,Prey,Individual,2,0.35755534622420376
62,1,,Prey,Individual,2,8.050462265552838
62,2,,Prey,Individual,2,2.679938367630778
62,3,,Prey,Individual,2,1.1944917694898005
63,1,,Prey,Individual,2,1.4497559856412312
63,2,,Prey,Individual,2,1.3843502119343036
63,3,,Prey,Individual,2,1.5869367203102442
63,4,,Prey,Individual,2,1.3806817896861159
64,1,,Prey,Individual,2,1.1905951932844474
64,2,,Prey,Individual,2,3.9637180983080404
64,3,,Prey,Individual,2,50.57438128538994
64,4,,Prey,Individual,2,NA
64,5,,Prey,Individual,2,NA
65,1,,Prey,Individual,2,9.100744063130431
65,2,,Prey,Individual,2,1.820664223600568
66,1,,Prey,Individual,2,6.709671024301269
66,2,,Prey,Individual,2,2.9974297681754276
67,1,,Prey,Individual,2,1.2330612082127799
67,2,,Prey,Individual,2,16.11011520453292
68,1,,Prey,Individual,2,4.185097876815593
68,2,,Prey,Individual,2,2.5555908106375362
68,3,,Prey,Individual,2,0.8218234756304515
68,4,,Prey,Individual,2,0.886827280456235
69,1,,Prey,Individual,2,13.567054532946141
69,2,,Prey,Individual,2,NA
69,3,,Prey,Individual,2,2.3708499199633017
69,4,,Prey,Individual,2,0.00927038294786128
69,5,,Prey,Individual,2,NA
70,1,,Prey,Individual,2,0.02914395306062608
70,2,,Prey,Individual,2,4.609149810769961
71,1,,Prey,Individual,2,1.3044123170919408
71,2,,Prey,Individual,2,1.5028700964729351
71,3,,Prey,Individual,2,6.786229156625781
72,1,,Prey,Individual,2,1.4600198689078847
72,2,,Prey,Individual,2,1.6002576391894343
72,3,,Prey,Individual,2,1.2440241479687801
73,1,,Prey,Individual,2,1.5838145598522564
73,2,,Prey,Individual,2,NA
73,3,,Prey,Individual,2,0.5641957168812505
73,4,,Prey,Individual,2,2.104982243213706
73,5,,Prey,Individual,2,NA
73,6,,Prey,Individual,2,NA
73,7,,Prey,Individual,2,NA
74,1,,Prey,Individual,2,23.635004417877745
74,2,,Prey,Individual,2,2.278891760310941
74,3,,Prey,Individual,2,0.8000252242758114
75,1,,Prey,Individual,2,1.4793160486788879
75,2,,Prey,Individual,2,0.19744776524438015
75,3,,Prey,Individual,2,NA
75,4,,Prey,Individual,2,4.992690848121896
75,5,,Prey,Individual,2,NA
75,6,,Prey,Individual,2,NA
76,1,,Prey,Individual,2,NA
76,2,,Prey,Individual,2,0.9948521726419384
76,3,,Prey,Individual,2,2.0666823897251363
76,4,,Prey,Individual,2,1.1321895219862934
76,5,,Prey,Individual,2,1.1725173591415041
76,6,,Prey,Individual,2,NA
76,7,,Prey,Individual,2,NA
76,8,,Prey,Individual,2,NA
77,1,,Prey,Individual,2,2.6122280405062543
77,2,,Prey,Individual,2,6.68996675137424
77,3,,Prey,Individual,2,1.1315353069670993
78,1,,Prey,Individual,2,1.1188181499379533
78,2,,Prey,Individual,2,0.8065734447897899
78,3,,Prey,Individual,2,0.9738096637886914
78,4,,Prey,Individual,2,0.5908482461681679
78,5,,Prey,Individual,2,NA
78,6,,Prey,Individual,2,NA
78,7,,Prey,Individual,2,NA
78,8,,Prey,Individual,2,NA
79,1,,Prey,Individual,2,3.203120620327184
79,2,,Prey,Individual,2,10.774458136259105
79,3,,Prey,Individual,2,0.8134090115334318
79,4,,Prey,Individual,2,NA
79,5,,Prey,Individual,2,0.41153411766219267
79,6,,Prey,Individual,2,NA
79,7,,Prey,Individual,2,24.4333247004987
79,8,,Prey,Individual,2,NA
79,9,,Prey,Individual,2,NA
80,1,,Prey,Individual,2,1.4054898542848244
80,2,,Prey,Individual,2,2.045265809948947
80,3,,Prey,Individual,2,1.422893951321839
81,1,,Prey,Individual,2,2.091498164545146
81,2,,Prey,Individual,2,0.8625053816738149
81,3,,Prey,Individual,2,0.8987671969413623
82,1,,Prey,Individual,2,1.162891608450201
82,2,,Prey,Individual,2,12.335709263447077
83,1,,Prey,Individual,2,NA
83,2,,Prey,Individual,2,2.581389532242175
83,3,,Prey,Individual,2,0.6482366596832194
83,4,,Prey,Individual,2,NA
83,5,,Prey,Individual,2,NA
83,6,,Prey,Individual,2,16.56336468824689
83,7,,Prey,Individual,2,NA
83,8,,Prey,Individual,2,NA
83,9,,Prey,Individual,2,NA
84,1,,Prey,Individual,2,6.151394850759032
84,2,,Prey,Individual,2,0.9412584195949779
84,3,,Prey,Individual,2,0.8290462119294388
85,1,,Prey,Individual,2,2.555017507382815
85,2,,Prey,Individual,2,13.079742523426804
85,3,,Prey,Individual,2,2.202361476554353
86,1,,Prey,Individual,2,3.238282187967567
86,2,,Prey,Individual,2,3.0117900341790027
86,3,,Prey,Individual,2,20.730436284695905
87,1,,Prey,Individual,2,2.838065167049112
87,2,,Prey,Individual,2,1.8478738764816165
87,3,,Prey,Individual,2,0.5006061625669417
88,1,,Prey,Individual,2,18.89649248056667
88,2,,Prey,Individual,2,3.0759558400601272
88,3,,Prey,Individual,2,0.9550268269084358
88,4,,Prey,Individual,2,0.7577656548374028
89,1,,Prey,Individual,2,NA
89,2,,Prey,Individual,2,2.50625902087936
89,3,,Prey,Individual,2,NA
89,4,,Prey,Individual,2,NA
89,5,,Prey,Individual,2,0.8554115187496303
89,6,,Prey,Individual,2,NA
90,1,,Prey,Individual,2,12.513532283328376
90,2,,Prey,Individual,2,1.5120007003704932
90,3,,Prey,Individual,2,2.473793591311066
91,1,,Prey,Individual,2,19.634906764672337
91,2,,Prey,Individual,2,1.4562577505921468
91,3,,Prey,Individual,2,0.5937596744823325
92,1,,Prey,Individual,2,3.005129820607214
92,2,,Prey,Individual,2,3.5221923698174136
92,3,,Prey,Individual,2,0.08853259286838966
93,1,,Prey,Individual,2,0.6947380195526368
93,2,,Prey,Individual,2,0.8503924541607462
93,3,,Prey,Individual,2,3.0109329202092847
93,4,,Prey,Individual,2,0.8345651791187377
93,5,,Prey,Individual,2,1.827759564627107
93,6,,Prey,Individual,2,NA
93,7,,Prey,Individual,2,NA
94,1,,Prey,Individual,2,19.59687719364027
94,2,,Prey,Individual,2,0.12346740460542514
95,1,,Prey,Individual,2,0.14904415453146952
95,2,,Prey,Individual,2,1.4054720811589092
95,3,,Prey,Individual,2,11.483115373791357
95,4,,Prey,Individual,2,2.8156550516175987
96,1,,Prey,Individual,2,3.8449929430115306
96,2,,Prey,Individual,2,2.687464470170461
96,3,,Prey,Individual,2,0.7900657187854682
96,4,,Prey,Individual,2,3.1730322276447183
97,1,,Prey,Individual,2,8.442756175897953
97,2,,Prey,Individual,2,1.5683049381087504
97,3,,Prey,Individual,2,1.3031038250864628
98,1,,Prey,Individual,2,7.763191084653696
98,2,,Prey,Individual,2,1.4794569795781318
99,1,,Prey,Individual,2,1.3756156690849062
99,2,,Prey,Individual,2,13.727782750613803
99,3,,Prey,Individual,2,2.0909150169468305
99,4,,Prey,Individual,2,1.9633698747337895
100,1,,Prey,Individual,2,2.8750015548391588
100,2,,Prey,Individual,2,8.545066221686536
101,1,,Prey,Individual,3,8.404708519270866
101,2,,Prey,Individual,3,3.2011639565525627
101,3,,Prey,Individual,3,0.8508397969065633
102,1,,Prey,Individual,3,2.6414955066041474
102,2,,Prey,Individual,3,44.63237117126985
102,3,,Prey,Individual,3,1.1427805627253267
102,4,,Prey,Individual,3,7.167561120889895
103,1,,Prey,Individual,3,1.073794199817863
103,2,,Prey,Individual,3,0.6733800449203009
103,3,,Prey,Individual,3,3.7256936537674408
103,4,,Prey,Individual,3,33.74414524485784
103,5,,Prey,Individual,3,0.5926324324570839
104,1,,Prey,Individual,3,2.499163494447441
104,2,,Prey,Individual,3,3.15665444250591
104,3,,Prey,Individual,3,37.084797127933705
104,4,,Prey,Individual,3,2.7530463549352286
105,1,,Prey,Individual,3,9.183244665144935
105,2,,Prey,Individual,3,2.7557483707811428
106,1,,Prey,Individual,3,1.8734616929998396
106,2,,Prey,Individual,3,3.964400088696264
106,3,,Prey,Individual,3,3.0972219107836616
107,1,,Prey,Individual,3,1.5396244749895636
107,2,,Prey,Individual,3,17.742489732374374
107,3,,Prey,Individual,3,0.72098337202448
108,1,,Prey,Individual,3,30.04276140264059
108,2,,Prey,Individual,3,3.548900085501351
108,3,,Prey,Individual,3,2.9270322893314944
109,1,,Prey,Individual,3,3.1490366368298894
109,2,,Prey,Individual,3,1.7223796323590579
109,3,,Prey,Individual,3,NA
109,4,,Prey,Individual,3,NA
109,5,,Prey,Individual,3,NA
110,1,,Prey,Individual,3,0.6650173025480853
110,2,,Prey,Individual,3,4.624982535706577
111,1,,Prey,Individual,3,1.6644096730070526
111,2,,Prey,Individual,3,1.0073139675530036
111,3,,Prey,Individual,3,1.559208656722896
111,4,,Prey,Individual,3,27.309783483030397
111,5,,Prey,Individual,3,7.286244275429775
112,1,,Prey,Individual,3,13.183990833586186
112,2,,Prey,Individual,3,2.0138577774778286
112,3,,Prey,Individual,3,0.8584004139998213
113,1,,Prey,Individual,3,2.37999971786488
113,2,,Prey,Individual,3,8.788281515594926
114,1,,Prey,Individual,3,15.849027009982946
114,2,,Prey,Individual,3,1.2845399822224004
114,3,,Prey,Individual,3,2.872262290227541
115,1,,Prey,Individual,3,1.9507731572396563
115,2,,Prey,Individual,3,23.960384527690643
116,1,,Prey,Individual,3,0.46403644727502114
116,2,,Prey,Individual,3,6.750632792496966
117,1,,Prey,Individual,3,3.8465625491560997
117,2,,Prey,Individual,3,4.842763793675619
117,3,,Prey,Individual,3,0.8445143412022316
117,4,,Prey,Individual,3,4.005468586600609
118,1,,Prey,Individual,3,5.026834760102946
118,2,,Prey,Individual,3,24.79222167796457
118,3,,Prey,Individual,3,0.40680935509167593
119,1,,Prey,Individual,3,2.06045142254452
119,2,,Prey,Individual,3,4.659272378794623
119,3,,Prey,Individual,3,1.5123281894126845
120,1,,Prey,Individual,3,0.1244611184266008
120,2,,Prey,Individual,3,7.149558058179279
120,3,,Prey,Individual,3,1.7188894891518718
121,1,,Prey,Individual,3,4.802333919418484
121,2,,Prey,Individual,3,13.092343923370427
122,1,,Prey,Individual,3,4.293725415226439
122,2,,Prey,Individual,3,3.994882504783979
123,1,,Prey,Individual,3,1.1686217606799165
123,2,,Prey,Individual,3,0.5357176215134242
123,3,,Prey,Individual,3,NA
123,4,,Prey,Individual,3,NA
123,5,,Prey,Individual,3,3.6253664490641504
123,6,,Prey,Individual,3,NA
123,7,,Prey,Individual,3,0.8603084281377813
123,8,,Prey,Individual,3,NA
123,9,,Prey,Individual,3,2.360379935518855
123,10,,Prey,Individual,3,NA
124,1,,Prey,Individual,3,4.39909307739954
124,2,,Prey,Individual,3,1.3306920307209924
124,3,,Prey,Individual,3,16.16243984612692
125,1,,Prey,Individual,3,1.4482386478286653
125,2,,Prey,Individual,3,29.241119605976294
125,3,,Prey,Individual,3,0.6437658948516362
125,4,,Prey,Individual,3,0.11118151824831488
126,1,,Prey,Individual,3,3.9258127546407873
126,2,,Prey,Individual,3,1.8540244003289483
126,3,,Prey,Individual,3,0.6844321417698122
126,4,,Prey,Individual,3,34.63284630600595
127,1,,Prey,Individual,3,1.9927669418427685
127,2,,Prey,Individual,3,0.8172369450922763
127,3,,Prey,Individual,3,1.75403687549744
128,1,,Prey,Individual,3,1.8432840317998551
128,2,,Prey,Individual,3,9.405864145097866
128,3,,Prey,Individual,3,0.10201063670029702
129,1,,Prey,Individual,3,11.417761108664916
129,2,,Prey,Individual,3,0.3996357591607632
130,1,,Prey,Individual,3,1.3682246312401667
130,2,,Prey,Individual,3,9.980494881207447
131,1,,Prey,Individual,3,1.7769061814843392
131,2,,Prey,Individual,3,17.751993264447993
131,3,,Prey,Individual,3,0.47048349565658226
132,1,,Prey,Individual,3,9.380939642001715
132,2,,Prey,Individual,3,6.825259372181397
132,3,,Prey,Individual,3,0.3454287191303004
133,1,,Prey,Individual,3,1.801832462162978
133,2,,Prey,Individual,3,18.89353982131563
133,3,,Prey,Individual,3,0.3048906288101632
134,1,,Prey,Individual,3,0.42618121400921566
134,2,,Prey,Individual,3,9.955542444094867
134,3,,Prey,Individual,3,1.9242703395168652
134,4,,Prey,Individual,3,0.28808918008771184
135,1,,Prey,Individual,3,26.97502448664458
135,2,,Prey,Individual,3,4.67444723976013
135,3,,Prey,Individual,3,0.05926795086722646
135,4,,Prey,Individual,3,NA
135,5,,Prey,Individual,3,NA
136,1,,Prey,Individual,3,1.8622487012063078
136,2,,Prey,Individual,3,1.9447521974488473
136,3,,Prey,Individual,3,4.158963688092079
136,4,,Prey,Individual,3,43.450524683713546
136,5,,Prey,Individual,3,0.7563846772641544
137,1,,Prey,Individual,3,2.0444213195493837
137,2,,Prey,Individual,3,4.581098592024299
137,3,,Prey,Individual,3,NA
138,1,,Prey,Individual,3,7.0331515726271485
138,2,,Prey,Individual,3,1.4772650692863112
139,1,,Prey,Individual,3,5.909284104942788
139,2,,Prey,Individual,3,2.0123170544023563
139,3,,Prey,Individual,3,4.744247700396277
139,4,,Prey,Individual,3,20.974943810693482
140,1,,Prey,Individual,3,12.47631983048138
140,2,,Prey,Individual,3,0.06360416653018888
141,1,,Prey,Individual,3,1.9714346434975423
141,2,,Prey,Individual,3,27.384162462565396
141,3,,Prey,Individual,3,1.1307963353329484
141,4,,Prey,Individual,3,2.0071092097840615
142,1,,Prey,Individual,3,1.7984312661501505
142,2,,Prey,Individual,3,2.5337124523657995
142,3,,Prey,Individual,3,8.004907631275714
143,1,,Prey,Individual,3,13.882007580640268
143,2,,Prey,Individual,3,3.9542945218502847
144,1,,Prey,Individual,3,1.2119376614354724
144,2,,Prey,Individual,3,26.378824067737675
144,3,,Prey,Individual,3,1.3588749356348007
144,4,,Prey,Individual,3,1.3197572554709152
145,1,,Prey,Individual,3,2.093450305068594
145,2,,Prey,Individual,3,0.6654247682759289
145,3,,Prey,Individual,3,2.86438939396055
145,4,,Prey,Individual,3,0.8055259279568997
146,1,,Prey,Individual,3,2.355207575631846
146,2,,Prey,Individual,3,NA
146,3,,Prey,Individual,3,2.63749296809721
146,4,,Prey,Individual,3,0.4093964826424375
146,5,,Prey,Individual,3,NA
147,1,,Prey,Individual,3,1.2696735755239035
147,2,,Prey,Individual,3,NA
147,3,,Prey,Individual,3,0.9241204439394705
147,4,,Prey,Individual,3,NA
147,5,,Prey,Individual,3,2.63907791307
147,6,,Prey,Individual,3,3.4985326938589565
147,7,,Prey,Individual,3,0.5372743247169002
148,1,,Prey,Individual,3,2.058613396947145
148,2,,Prey,Individual,3,25.82665933484838
149,1,,Prey,Individual,3,2.2971253303762302
149,2,,Prey,Individual,3,4.54871430789075
149,3,,Prey,Individual,3,1.5256540802579612
150,1,,Prey,Individual,3,3.2329113797190656
150,2,,Prey,Individual,3,3.803294002362735
150,3,,Prey,Individual,3,0.662850971184322
151,1,,Prey,Individual,4,NA
151,2,,Prey,Individual,4,1.8078859810338694
151,3,,Prey,Individual,4,1.3022697293939318
151,4,,Prey,Individual,4,10.907157037555116
151,5,,Prey,Individual,4,NA
152,1,,Prey,Individual,4,0.7980389626102701
152,2,,Prey,Individual,4,1.2681254629487129
152,3,,Prey,Individual,4,2.006046974023184
153,1,,Prey,Individual,4,1.6554327153915391
153,2,,Prey,Individual,4,3.2032706828064024
153,3,,Prey,Individual,4,3.9787948183512514
153,4,,Prey,Individual,4,NA
153,5,,Prey,Individual,4,3.875589484319343
153,6,,Prey,Individual,4,NA
154,1,,Prey,Individual,4,9.63364566159977
154,2,,Prey,Individual,4,0.9069484625820702
154,3,,Prey,Individual,4,0.10990222927675558
155,1,,Prey,Individual,4,2.799165693314723
155,2,,Prey,Individual,4,1.234448300407013
155,3,,Prey,Individual,4,11.429950580820549
155,4,,Prey,Individual,4,NA
156,1,,Prey,Individual,4,2.2248243041852596
156,2,,Prey,Individual,4,2.8803861418096086
156,3,,Prey,Individual,4,0.573459184855268
156,4,,Prey,Individual,4,0.5049776331680444
157,1,,Prey,Individual,4,4.997710448887982
157,2,,Prey,Individual,4,4.59384766397992
158,1,,Prey,Individual,4,2.940179962398436
158,2,,Prey,Individual,4,22.044671642688016
159,1,,Prey,Individual,4,1.8240346463525794
159,2,,Prey,Individual,4,11.537496718048844
159,3,,Prey,Individual,4,3.8195418528046954
160,1,,Prey,Individual,4,6.386529698268098
160,2,,Prey,Individual,4,2.1274275414452664
160,3,,Prey,Individual,4,0.19544623176330903
161,1,,Prey,Individual,4,3.4817546118203158
161,2,,Prey,Individual,4,1.35493887153504
161,3,,Prey,Individual,4,NA
161,4,,Prey,Individual,4,6.008958849085255
161,5,,Prey,Individual,4,NA
161,6,,Prey,Individual,4,NA
161,7,,Prey,Individual,4,NA
161,8,,Prey,Individual,4,NA
162,1,,Prey,Individual,4,23.36064747901538
162,2,,Prey,Individual,4,3.102401008596657
162,3,,Prey,Individual,4,1.8137400021463987
163,1,,Prey,Individual,4,24.575068321490566
163,2,,Prey,Individual,4,1.7911775113457815
163,3,,Prey,Individual,4,3.352619205130565
164,1,,Prey,Individual,4,1.193532592768208
164,2,,Prey,Individual,4,8.745864062397123
164,3,,Prey,Individual,4,1.9049157610030203
165,1,,Prey,Individual,4,2.9847731846948906
165,2,,Prey,Individual,4,NA
165,3,,Prey,Individual,4,1.074942872067802
165,4,,Prey,Individual,4,0.47554938755086373
165,5,,Prey,Individual,4,NA
165,6,,Prey,Individual,4,NA
165,7,,Prey,Individual,4,NA
166,1,,Prey,Individual,4,1.583628269887721
166,2,,Prey,Individual,4,3.7388379058731376
166,3,,Prey,Individual,4,3.669652961266432
166,4,,Prey,Individual,4,0.786160633153305
166,5,,Prey,Individual,4,23.91959748581909
167,1,,Prey,Individual,4,21.619044456921735
167,2,,Prey,Individual,4,2.848919825528747
167,3,,Prey,Individual,4,1.4725513611242484
168,1,,Prey,Individual,4,2.463494561038718
168,2,,Prey,Individual,4,3.5715775684353304
168,3,,Prey,Individual,4,6.014430467633656
168,4,,Prey,Individual,4,2.5351742496198195
168,5,,Prey,Individual,4,NA
168,6,,Prey,Individual,4,NA
169,1,,Prey,Individual,4,6.731637186423514
169,2,,Prey,Individual,4,0.25837003170612155
170,1,,Prey,Individual,4,0.4629324140735883
170,2,,Prey,Individual,4,8.221291824351626
170,3,,Prey,Individual,4,2.557938366242268
171,1,,Prey,Individual,4,2.4599284096284197
171,2,,Prey,Individual,4,12.563023588690744
171,3,,Prey,Individual,4,1.1915063762516473
171,4,,Prey,Individual,4,NA
171,5,,Prey,Individual,4,NA
171,6,,Prey,Individual,4,3.9742793183167184
172,1,,Prey,Individual,4,17.31217199545479
172,2,,Prey,Individual,4,1.5215891337229124
173,1,,Prey,Individual,4,0.8489010371236216
173,2,,Prey,Individual,4,23.56794238619513
173,3,,Prey,Individual,4,4.1722813165991814
173,4,,Prey,Individual,4,2.6691311357737977
174,1,,Prey,Individual,4,3.053913371908645
174,2,,Prey,Individual,4,2.327964032901947
174,3,,Prey,Individual,4,0.17764596815013867
175,1,,Prey,Individual,4,25.902749199650604
175,2,,Prey,Individual,4,1.0525642580817351
175,3,,Prey,Individual,4,5.946489600712231
175,4,,Prey,Individual,4,5.987914228489352
176,1,,Prey,Individual,4,3.04596084064397
176,2,,Prey,Individual,4,0.6463059009864336
176,3,,Prey,Individual,4,9.389543292096022
176,4,,Prey,Individual,4,NA
176,5,,Prey,Individual,4,NA
177,1,,Prey,Individual,4,12.11260107698063
177,2,,Prey,Individual,4,1.947298595488361
177,3,,Prey,Individual,4,1.4251209679992491
178,1,,Prey,Individual,4,2.0026151743113116
178,2,,Prey,Individual,4,1.8749488729739083
178,3,,Prey,Individual,4,0.7327054463642572
178,4,,Prey,Individual,4,1.4000321424229876
179,1,,Prey,Individual,4,1.374086213642359
179,2,,Prey,Individual,4,0.5909514448879082
179,3,,Prey,Individual,4,14.946267136950697
179,4,,Prey,Individual,4,0.27388094128653895
180,1,,Prey,Individual,4,2.551079469634536
180,2,,Prey,Individual,4,1.0469829264506294
180,3,,Prey,Individual,4,1.3968465771157563
180,4,,Prey,Individual,4,1.2768517366536423
181,1,,Prey,Individual,4,0.29615335554404926
181,2,,Prey,Individual,4,6.234252719152097
181,3,,Prey,Individual,4,11.079619049067036
182,1,,Prey,Individual,4,26.200711151214293
182,2,,Prey,Individual,4,1.024174340831776
182,3,,Prey,Individual,4,0.8091454883931648
182,4,,Prey,Individual,4,1.7974018326005845
182,5,,Prey,Individual,4,14.27860325935061
183,1,,Prey,Individual,4,4.9988992346720735
183,2,,Prey,Individual,4,3.780939383878231
183,3,,Prey,Individual,4,3.2970460469991294
184,1,,Prey,Individual,4,2.3987287091799074
184,2,,Prey,Individual,4,3.2893388089401783
184,3,,Prey,Individual,4,1.6225296676145406
185,1,,Prey,Individual,4,0.8067243703160658
185,2,,Prey,Individual,4,1.930627581006275
185,3,,Prey,Individual,4,1.1670050556874207
185,4,,Prey,Individual,4,9.151089064791979
186,1,,Prey,Individual,4,3.447414108022936
186,2,,Prey,Individual,4,6.524859089584162
186,3,,Prey,Individual,4,0.728909082122044
187,1,,Prey,Individual,4,0.7289413213695599
187,2,,Prey,Individual,4,1.8884699019149396
187,3,,Prey,Individual,4,16.78319983656925
187,4,,Prey,Individual,4,1.4752121726191556
188,1,,Prey,Individual,4,2.153486168042393
188,2,,Prey,Individual,4,2.8927129629605663
188,3,,Prey,Individual,4,0.4975002512562173
189,1,,Prey,Individual,4,1.5306268886732821
189,2,,Prey,Individual,4,15.314873352811077
189,3,,Prey,Individual,4,1.2745125074282901
190,1,,Prey,Individual,4,6.103063638081656
190,2,,Prey,Individual,4,2.001442633378848
190,3,,Prey,Individual,4,1.5509582585634734
190,4,,Prey,Individual,4,NA
191,1,,Prey,Individual,4,4.957718592076131
191,2,,Prey,Individual,4,1.3669637936910046
191,3,,Prey,Individual,4,3.2194076179041486
191,4,,Prey,Individual,4,NA
192,1,,Prey,Individual,4,10.505864198125144
192,2,,Prey,Individual,4,1.378549722180384
192,3,,Prey,Individual,4,1.271355229753531
193,1,,Prey,Individual,4,3.6279323979929856
193,2,,Prey,Individual,4,4.785885808410963
193,3,,Prey,Individual,4,1.2035822157674134
194,1,,Prey,Individual,4,7.618940417068449
194,2,,Prey,Individual,4,0.11744488068877246
195,1,,Prey,Individual,4,13.465118473585791
195,2,,Prey,Individual,4,6.045923317099829
196,1,,Prey,Individual,4,3.137575388895053
196,2,,Prey,Individual,4,2.9439088448446538
196,3,,Prey,Individual,4,0.3020959615751255
197,1,,Prey,Individual,4,1.3628219252712368
197,2,,Prey,Individual,4,1.3501778399439444
197,3,,Prey,Individual,4,0.5157241316828219
197,4,,Prey,Individual,4,1.4827602165843818
197,5,,Prey,Individual,4,3.1736829166668103
197,6,,Prey,Individual,4,4.414976260099837
198,1,,Prey,Individual,4,7.3601522009071765
198,2,,Prey,Individual,4,0.1410268768710395
199,1,,Prey,Individual,4,5.6355352954535425
199,2,,Prey,Individual,4,2.388145150015295
200,1,,Prey,Individual,4,1.2776989014416575
200,2,,Prey,Individual,4,5.149864538303094
200,3,,Prey,Individual,4,0.36534270213047915
200,4,,Prey,Individual,4,1.342370702386376
1,1,,Prey,None,1,0.6278145159378676
1,2,,Prey,None,1,1.0287053959683643
1,3,,Prey,None,1,1.9437379652231082
1,4,,Prey,None,1,0.4694082715212215
1,5,,Prey,None,1,NA
2,1,,Prey,None,1,3.704141788479372
2,2,,Prey,None,1,1.3705321038992266
2,3,,Prey,None,1,0.2752216742918324
3,1,,Prey,None,1,1.7395768073375808
3,2,,Prey,None,1,1.1763654446747638
3,3,,Prey,None,1,0.21757046294760676
3,4,,Prey,None,1,1.2275236816896673
4,1,,Prey,None,1,1.4583206984216823
4,2,,Prey,None,1,2.772652755813189
4,3,,Prey,None,1,0.2104561236932746
5,1,,Prey,None,1,1.8472028597728798
5,2,,Prey,None,1,15.354495520785425
5,3,,Prey,None,1,1.1821375020931142
6,1,,Prey,None,1,0.8412016540017077
6,2,,Prey,None,1,2.445982886633077
6,3,,Prey,None,1,0.9225711505664236
6,4,,Prey,None,1,10.36635405530797
7,1,,Prey,None,1,2.881721679239153
7,2,,Prey,None,1,1.7464860795018646
7,3,,Prey,None,1,0.1399437804738508
8,1,,Prey,None,1,1.1837212576074203
8,2,,Prey,None,1,0.6946318800842582
8,3,,Prey,None,1,0.312194002298818
8,4,,Prey,None,1,30.02300367852473
8,5,,Prey,None,1,0.9182474884256412
9,1,,Prey,None,1,7.572731885130049
9,2,,Prey,None,1,0.02118112367179912
10,1,,Prey,None,1,0.8101506193015873
10,2,,Prey,None,1,0.5032161474936917
10,3,,Prey,None,1,2.1046673833335015
10,4,,Prey,None,1,2.865410307366027
10,5,,Prey,None,1,NA
11,1,,Prey,None,1,0.9791548982384283
11,2,,Prey,None,1,0.946919160017153
11,3,,Prey,None,1,1.5765363138574247
12,1,,Prey,None,1,2.3157352480050326
12,2,,Prey,None,1,1.2822881557923167
13,1,,Prey,None,1,1.0605525600676144
13,2,,Prey,None,1,1.5504611514367115
13,3,,Prey,None,1,2.7919088138851635
14,1,,Prey,None,1,1.1891124359640528
14,2,,Prey,None,1,2.2043582027369837
14,3,,Prey,None,1,5.868690204396927
15,1,,Prey,None,1,0.9716744381415653
15,2,,Prey,None,1,0.07985142453331898
15,3,,Prey,None,1,1.553499752579407
15,4,,Prey,None,1,49.01138595112365
16,1,,Prey,None,1,1.239473601883921
16,2,,Prey,None,1,2.3612442911723894
16,3,,Prey,None,1,1.6359891835899545
16,4,,Prey,None,1,NA
16,5,,Prey,None,1,NA
16,6,,Prey,None,1,NA
16,7,,Prey,None,1,NA
16,8,,Prey,None,1,NA
17,1,,Prey,None,1,3.6937804155500813
17,2,,Prey,None,1,3.094679866194184
17,3,,Prey,None,1,1.0625081253614992
18,1,,Prey,None,1,3.202512511314929
18,2,,Prey,None,1,1.3957922557275273
18,3,,Prey,None,1,1.0285769663291089
18,4,,Prey,None,1,0.14590767628880905
19,1,,Prey,None,1,2.065337722245869
19,2,,Prey,None,1,6.852507802796545
19,3,,Prey,None,1,25.496091486015146
20,1,,Prey,None,1,NA
20,2,,Prey,None,1,0.9275924602260026
20,3,,Prey,None,1,NA
20,4,,Prey,None,1,3.1055543787975375
20,5,,Prey,None,1,3.633297644014319
20,6,,Prey,None,1,NA
20,7,,Prey,None,1,1.211206782334955
21,1,,Prey,None,1,1.4613158418784977
21,2,,Prey,None,1,NA
21,3,,Prey,None,1,4.385936567028757
21,4,,Prey,None,1,1.124275367901088
21,5,,Prey,None,1,1.0051125106409664
21,6,,Prey,None,1,NA
21,7,,Prey,None,1,NA
21,8,,Prey,None,1,NA
21,9,,Prey,None,1,NA
22,1,,Prey,None,1,0.8176720261050261
22,2,,Prey,None,1,7.655689027045333
22,3,,Prey,None,1,1.085542988024196
23,1,,Prey,None,1,1.2077385880330178
23,2,,Prey,None,1,0.33606198123059455
23,3,,Prey,None,1,1.8747258567351082
23,4,,Prey,None,1,NA
23,5,,Prey,None,1,20.274396521968292
24,1,,Prey,None,1,1.9911621186705082
24,2,,Prey,None,1,2.7685873916481105
25,1,,Prey,None,1,1.1565623012622317
25,2,,Prey,None,1,11.676203938444655
25,3,,Prey,None,1,1.1733626045261378
26,1,,Prey,None,1,4.369974587142036
26,2,,Prey,None,1,1.9792562412563086
27,1,,Prey,None,1,2.085527358002326
27,2,,Prey,None,1,1.5961507821399479
27,3,,Prey,None,1,7.3181299305218674
27,4,,Prey,None,1,1.0312701433468126
27,5,,Prey,None,1,2.149723469466608
28,1,,Prey,None,1,2.2438044818560217
28,2,,Prey,None,1,1.994968954415166
29,1,,Prey,None,1,0.7687124023061638
29,2,,Prey,None,1,6.826421892909931
29,3,,Prey,None,1,0.8072893902269124
29,4,,Prey,None,1,10.951791489025547
29,5,,Prey,None,1,1.0962387738243047
30,1,,Prey,None,1,2.814746505047064
30,2,,Prey,None,1,9.62216383883753
30,3,,Prey,None,1,0.2213862236002953
31,1,,Prey,None,1,2.117607755359136
31,2,,Prey,None,1,2.568398906966029
32,1,,Prey,None,1,0.1860394044282013
32,2,,Prey,None,1,2.178628699208051
32,3,,Prey,None,1,0.7543246045562376
32,4,,Prey,None,1,NA
32,5,,Prey,None,1,NA
32,6,,Prey,None,1,NA
32,7,,Prey,None,1,NA
32,8,,Prey,None,1,NA
33,1,,Prey,None,1,1.5196639864694348
33,2,,Prey,None,1,1.1112703587542543
33,3,,Prey,None,1,26.32921501355647
33,4,,Prey,None,1,0.9066087634696686
34,1,,Prey,None,1,6.8991136237773985
34,2,,Prey,None,1,0.8629781751007412
35,1,,Prey,None,1,1.120914118641017
35,2,,Prey,None,1,16.48030870496118
35,3,,Prey,None,1,NA
35,4,,Prey,None,1,1.4740880069438136
35,5,,Prey,None,1,NA
36,1,,Prey,None,1,1.3288038786020495
36,2,,Prey,None,1,1.9902011165128208
36,3,,Prey,None,1,1.0813637132750729
36,4,,Prey,None,1,1.215054247087085
37,1,,Prey,None,1,2.654257744415123
37,2,,Prey,None,1,2.2939777612572945
38,1,,Prey,None,1,1.0271161666204114
38,2,,Prey,None,1,2.578901206909632
38,3,,Prey,None,1,0.10341769674480283
39,1,,Prey,None,1,1.4055815479793068
39,2,,Prey,None,1,0.9562851482439214
39,3,,Prey,None,1,3.1623693882132673
40,1,,Prey,None,1,1.0820286339263394
40,2,,Prey,None,1,0.9583759725143232
40,3,,Prey,None,1,1.1453140320209028
40,4,,Prey,None,1,0.8976047865368386
41,1,,Prey,None,1,4.327427540019445
41,2,,Prey,None,1,0.520065075460831
42,1,,Prey,None,1,6.688412759789421
42,2,,Prey,None,1,NA
42,3,,Prey,None,1,NA
42,4,,Prey,None,1,0.9909370086097259
42,5,,Prey,None,1,0.7078409000537779
43,1,,Prey,None,1,3.1089843718902777
43,2,,Prey,None,1,2.488269371597224
43,3,,Prey,None,1,NA
44,1,,Prey,None,1,0.9232675743831968
44,2,,Prey,None,1,1.6694013534597172
44,3,,Prey,None,1,0.899059852069339
44,4,,Prey,None,1,NA
45,1,,Prey,None,1,0.9673054416412126
45,2,,Prey,None,1,0.17229260637144636
45,3,,Prey,None,1,1.6319686200858325
45,4,,Prey,None,1,5.650551588617091
46,1,,Prey,None,1,1.8553311984348544
46,2,,Prey,None,1,NA
46,3,,Prey,None,1,3.521375964260065
46,4,,Prey,None,1,1.0882840851542397
46,5,,Prey,None,1,NA
47,1,,Prey,None,1,1.7829910010642809
47,2,,Prey,None,1,1.253051268786344
47,3,,Prey,None,1,1.0821772867477535
48,1,,Prey,None,1,2.1923045901441127
48,2,,Prey,None,1,1.837216951814659
48,3,,Prey,None,1,3.816951079001532
48,4,,Prey,None,1,NA
48,5,,Prey,None,1,NA
49,1,,Prey,None,1,0.7976004317678301
49,2,,Prey,None,1,2.576373338410777
49,3,,Prey,None,1,0.4098809370506802
49,4,,Prey,None,1,NA
49,5,,Prey,None,1,0.218492471266173
49,6,,Prey,None,1,NA
50,1,,Prey,None,1,3.006062538409244
50,2,,Prey,None,1,0.3724432019986902
50,3,,Prey,None,1,5.7921470639133465
51,1,,Prey,None,2,0.23422179659459427
51,2,,Prey,None,2,2.9738289826180915
51,3,,Prey,None,2,14.502401873325518
52,1,,Prey,None,2,4.135273820846475
52,2,,Prey,None,2,1.5386059563666885
53,1,,Prey,None,2,1.4892191542484852
53,2,,Prey,None,2,NA
53,3,,Prey,None,2,0.9066585498901651
53,4,,Prey,None,2,2.894380743786139
53,5,,Prey,None,2,NA
53,6,,Prey,None,2,NA
54,1,,Prey,None,2,1.7427632276753784
54,2,,Prey,None,2,1.1513980974081466
54,3,,Prey,None,2,2.424992011105613
55,1,,Prey,None,2,1.560642636199364
55,2,,Prey,None,2,2.644017572173167
55,3,,Prey,None,2,11.76690501274951
56,1,,Prey,None,2,2.874675459903068
56,2,,Prey,None,2,0.9822461411810015
56,3,,Prey,None,2,3.4151301725352208
57,1,,Prey,None,2,6.4100377895798895
57,2,,Prey,None,2,1.091179486639524
58,1,,Prey,None,2,NA
58,2,,Prey,None,2,0.7441127521481615
58,3,,Prey,None,2,2.037215616316478
58,4,,Prey,None,2,NA
58,5,,Prey,None,2,1.4192455498967578
58,6,,Prey,None,2,NA
58,7,,Prey,None,2,NA
59,1,,Prey,None,2,1.740661626880689
59,2,,Prey,None,2,NA
59,3,,Prey,None,2,3.8358568463399787
59,4,,Prey,None,2,NA
59,5,,Prey,None,2,NA
59,6,,Prey,None,2,1.065663789724825
59,7,,Prey,None,2,NA
59,8,,Prey,None,2,NA
60,1,,Prey,None,2,1.5656626520401355
60,2,,Prey,None,2,2.072627108137541
61,1,,Prey,None,2,6.469201825722096
61,2,,Prey,None,2,2.5197180892928173
62,1,,Prey,None,2,0.6207431197064559
62,2,,Prey,None,2,2.793986210173319
63,1,,Prey,None,2,1.3120437650316379
63,2,,Prey,None,2,4.047633943307577
63,3,,Prey,None,2,0.785943856547568
63,4,,Prey,None,2,NA
63,5,,Prey,None,2,NA
63,6,,Prey,None,2,NA
64,1,,Prey,None,2,2.733916173918347
64,2,,Prey,None,2,1.4410850633809478
64,3,,Prey,None,2,2.550276985374114
65,1,,Prey,None,2,1.1360882868328115
65,2,,Prey,None,2,1.653618687610128
65,3,,Prey,None,2,1.5376566999905255
65,4,,Prey,None,2,NA
66,1,,Prey,None,2,NA
66,2,,Prey,None,2,0.8102503472146529
66,3,,Prey,None,2,1.9424822223459013
66,4,,Prey,None,2,NA
66,5,,Prey,None,2,23.27318393392591
67,1,,Prey,None,2,5.939175337536349
67,2,,Prey,None,2,2.6872189379554734
67,3,,Prey,None,2,1.2016118537142422
67,4,,Prey,None,2,2.302958028213726
68,1,,Prey,None,2,1.2725832176140774
68,2,,Prey,None,2,3.7472466136249554
69,1,,Prey,None,2,7.119346074604806
69,2,,Prey,None,2,2.4542941520669723
69,3,,Prey,None,2,0.550854744955578
69,4,,Prey,None,2,0.3340212026470097
70,1,,Prey,None,2,1.9708883414125342
70,2,,Prey,None,2,0.23560687596078375
70,3,,Prey,None,2,NA
70,4,,Prey,None,2,NA
70,5,,Prey,None,2,NA
70,6,,Prey,None,2,1.8702128701918324
70,7,,Prey,None,2,NA
70,8,,Prey,None,2,NA
70,9,,Prey,None,2,NA
71,1,,Prey,None,2,5.247010089972899
71,2,,Prey,None,2,3.4813032463781526
72,1,,Prey,None,2,1.3727126597066657
72,2,,Prey,None,2,8.933281321436093
72,3,,Prey,None,2,2.35406458744886
73,1,,Prey,None,2,8.594917732312181
73,2,,Prey,None,2,2.9646621858598983
74,1,,Prey,None,2,4.019612213076525
74,2,,Prey,None,2,1.4904831477176619
74,3,,Prey,None,2,0.8954249440389749
75,1,,Prey,None,2,1.7969581241642778
75,2,,Prey,None,2,2.6290984588520296
75,3,,Prey,None,2,1.1643194313238419
75,4,,Prey,None,2,24.507693809903863
75,5,,Prey,None,2,NA
75,6,,Prey,None,2,NA
75,7,,Prey,None,2,NA
76,1,,Prey,None,2,0.6571368287349926
76,2,,Prey,None,2,1.2116180233501506
76,3,,Prey,None,2,3.2003525128862753
77,1,,Prey,None,2,13.918084708619704
77,2,,Prey,None,2,1.9487073652702769
77,3,,Prey,None,2,1.6640751025426483
78,1,,Prey,None,2,3.2177508933525267
78,2,,Prey,None,2,0.6729646432435668
78,3,,Prey,None,2,1.4086509752721477
78,4,,Prey,None,2,1.767062553321411
79,1,,Prey,None,2,14.828752269202155
79,2,,Prey,None,2,1.0456803179865728
80,1,,Prey,None,2,2.587466947103003
80,2,,Prey,None,2,0.02213820227570358
81,1,,Prey,None,2,3.4347623805375407
81,2,,Prey,None,2,1.9120778421259936
82,1,,Prey,None,2,2.7252609361992834
82,2,,Prey,None,2,1.8697627978265094
82,3,,Prey,None,2,10.383335984021516
83,1,,Prey,None,2,2.9748004393114464
83,2,,Prey,None,2,0.12336814823932483
83,3,,Prey,None,2,9.063036805627844
84,1,,Prey,None,2,1.3548203632024578
84,2,,Prey,None,2,10.493070546563308
84,3,,Prey,None,2,1.2430458438010181
85,1,,Prey,None,2,6.172673098917933
85,2,,Prey,None,2,NA
85,3,,Prey,None,2,0.22405358734017025
85,4,,Prey,None,2,1.7793914559941129
85,5,,Prey,None,2,1.1747639377315566
85,6,,Prey,None,2,NA
85,7,,Prey,None,2,NA
86,1,,Prey,None,2,0.8206807748296149
86,2,,Prey,None,2,1.6964373579505236
86,3,,Prey,None,2,3.283527670566747
86,4,,Prey,None,2,8.649500589664965
87,1,,Prey,None,2,3.3423055051999135
87,2,,Prey,None,2,2.3982658214094097
87,3,,Prey,None,2,NA
87,4,,Prey,None,2,NA
87,5,,Prey,None,2,NA
87,6,,Prey,None,2,NA
88,1,,Prey,None,2,12.499355689490184
88,2,,Prey,None,2,3.096205384112276
89,1,,Prey,None,2,1.5905640611241227
89,2,,Prey,None,2,1.8993188394428484
89,3,,Prey,None,2,6.159066314200921
90,1,,Prey,None,2,17.105591225308615
90,2,,Prey,None,2,1.480201851424635
90,3,,Prey,None,2,0.863570022204875
90,4,,Prey,None,2,2.1064129903553748
91,1,,Prey,None,2,1.6073209216708169
91,2,,Prey,None,2,2.8370769091743635
91,3,,Prey,None,2,0.8375244284864107
92,1,,Prey,None,2,7.202587138008392
92,2,,Prey,None,2,3.686264092399008
93,1,,Prey,None,2,3.3334028573411416
93,2,,Prey,None,2,0.49961385748798826
94,1,,Prey,None,2,0.49683919812729915
94,2,,Prey,None,2,0.4776262597933711
94,3,,Prey,None,2,NA
94,4,,Prey,None,2,7.312386944083308
94,5,,Prey,None,2,3.6253189429470463
94,6,,Prey,None,2,45.526778047430504
94,7,,Prey,None,2,0.2313716315250438
94,8,,Prey,None,2,NA
95,1,,Prey,None,2,1.2378297491100585
95,2,,Prey,None,2,1.6308255742886564
95,3,,Prey,None,2,3.0903510726817447
96,1,,Prey,None,2,2.275107655679584
96,2,,Prey,None,2,1.1737748640776469
96,3,,Prey,None,2,10.201678723324966
97,1,,Prey,None,2,2.1719787581654115
97,2,,Prey,None,2,NA
97,3,,Prey,None,2,1.13322226290143
97,4,,Prey,None,2,NA
97,5,,Prey,None,2,0.1767911762504
97,6,,Prey,None,2,NA
97,7,,Prey,None,2,NA
98,1,,Prey,None,2,1.9771339285850733
98,2,,Prey,None,2,18.8623209449736
99,1,,Prey,None,2,3.3289292460373154
99,2,,Prey,None,2,0.6696387916217206
99,3,,Prey,None,2,1.0967783472906667
100,1,,Prey,None,2,6.391307755055739
100,2,,Prey,None,2,1.2344563256753966
100,3,,Prey,None,2,3.79568394264599
100,4,,Prey,None,2,0.04683460259252785
101,1,,Prey,None,3,1.3000654198224737
101,2,,Prey,None,3,0.05212446642412706
101,3,,Prey,None,3,4.2874296413899025
102,1,,Prey,None,3,7.367633805215697
102,2,,Prey,None,3,1.2163703620042936
102,3,,Prey,None,3,4.841073882279802
103,1,,Prey,None,3,0.06164560000518932
103,2,,Prey,None,3,3.442869070194654
104,1,,Prey,None,3,2.6090019155917368
104,2,,Prey,None,3,0.806134935833785
104,3,,Prey,None,3,13.54373753877739
105,1,,Prey,None,3,1.3864696258708156
105,2,,Prey,None,3,1.898193873482274
105,3,,Prey,None,3,NA
105,4,,Prey,None,3,NA
105,5,,Prey,None,3,0.8393974112572901
105,6,,Prey,None,3,NA
105,7,,Prey,None,3,NA
105,8,,Prey,None,3,NA
106,1,,Prey,None,3,1.355325282349937
106,2,,Prey,None,3,10.950398559313077
106,3,,Prey,None,3,1.7406928235221848
107,1,,Prey,None,3,2.0068058162224256
107,2,,Prey,None,3,NA
107,3,,Prey,None,3,2.3170724597638928
107,4,,Prey,None,3,1.4665122648530948
107,5,,Prey,None,3,NA
108,1,,Prey,None,3,2.4360183586646698
108,2,,Prey,None,3,3.933869045394587
108,3,,Prey,None,3,1.4668334678357169
109,1,,Prey,None,3,4.053900596091207
109,2,,Prey,None,3,1.1858543596576583
109,3,,Prey,None,3,0.04954644285920051
110,1,,Prey,None,3,1.842810797090956
110,2,,Prey,None,3,1.4331365001099639
110,3,,Prey,None,3,11.664689456694854
111,1,,Prey,None,3,2.424808418525983
111,2,,Prey,None,3,6.3398724129683695
112,1,,Prey,None,3,2.6953843948059895
112,2,,Prey,None,3,4.744982857931695
113,1,,Prey,None,3,2.3945245901736345
113,2,,Prey,None,3,0.9287995569064177
113,3,,Prey,None,3,5.665153307722574
113,4,,Prey,None,3,44.97618408355157
114,1,,Prey,None,3,2.031442132770285
114,2,,Prey,None,3,3.704183116376931
114,3,,Prey,None,3,4.0144563298735205
114,4,,Prey,None,3,0.5136240324366332
115,1,,Prey,None,3,3.0476634779750214
115,2,,Prey,None,3,1.666040417176328
115,3,,Prey,None,3,0.5904165475687067
116,1,,Prey,None,3,1.2202617460078464
116,2,,Prey,None,3,2.0905837563655396
116,3,,Prey,None,3,1.7741120125182643
117,1,,Prey,None,3,1.2921661307419758
117,2,,Prey,None,3,8.409509425049714
117,3,,Prey,None,3,2.1909397554805765
117,4,,Prey,None,3,7.786288407835918
117,5,,Prey,None,3,NA
117,6,,Prey,None,3,NA
118,1,,Prey,None,3,1.617585231614464
118,2,,Prey,None,3,1.3201875708558808
118,3,,Prey,None,3,1.2358101182204622
119,1,,Prey,None,3,1.9062567349175077
119,2,,Prey,None,3,1.5559664041961294
119,3,,Prey,None,3,0.7607402431341328
120,1,,Prey,None,3,NA
120,2,,Prey,None,3,0.9908407274096548
120,3,,Prey,None,3,2.798967526643001
120,4,,Prey,None,3,NA
120,5,,Prey,None,3,NA
121,1,,Prey,None,3,1.7948749143750653
121,2,,Prey,None,3,1.558088891911153
121,3,,Prey,None,3,4.721768362627424
122,1,,Prey,None,3,1.8742815990506303
122,2,,Prey,None,3,1.9101030172414182
122,3,,Prey,None,3,1.3496182130463141
123,1,,Prey,None,3,1.4177260255257982
123,2,,Prey,None,3,4.419251919002328
123,3,,Prey,None,3,NA
123,4,,Prey,None,3,NA
124,1,,Prey,None,3,2.068994742040573
124,2,,Prey,None,3,2.2434646998092598
124,3,,Prey,None,3,1.1517103012345569
124,4,,Prey,None,3,NA
125,1,,Prey,None,3,4.027503346657537
125,2,,Prey,None,3,1.9189759154390136
125,3,,Prey,None,3,11.784334281078367
126,1,,Prey,None,3,1.2888070122240405
126,2,,Prey,None,3,1.4640368537260537
126,3,,Prey,None,3,3.0760958513696717
126,4,,Prey,None,3,NA
126,5,,Prey,None,3,NA
126,6,,Prey,None,3,NA
127,1,,Prey,None,3,6.784343000330416
127,2,,Prey,None,3,7.303757992294104
127,3,,Prey,None,3,0.878291646353657
127,4,,Prey,None,3,2.2975476496964906
128,1,,Prey,None,3,1.6683718173820516
128,2,,Prey,None,3,1.7340380102174935
128,3,,Prey,None,3,0.5074024536795236
129,1,,Prey,None,3,2.7586354340875814
129,2,,Prey,None,3,1.53024683773072
129,3,,Prey,None,3,0.5524689829634073
129,4,,Prey,None,3,3.672147396279184
130,1,,Prey,None,3,6.42523845787932
130,2,,Prey,None,3,1.706504344918442
130,3,,Prey,None,3,2.1675908999850444
130,4,,Prey,None,3,0.8275991828380752
130,5,,Prey,None,3,NA
131,1,,Prey,None,3,20.25109503943098
131,2,,Prey,None,3,0.21932319391735083
131,3,,Prey,None,3,2.3444382677813884
132,1,,Prey,None,3,3.329576059348823
132,2,,Prey,None,3,2.3398408136495417
133,1,,Prey,None,3,2.352393002091887
133,2,,Prey,None,3,13.57753347572642
133,3,,Prey,None,3,0.4121083838021232
134,1,,Prey,None,3,2.177382748345097
134,2,,Prey,None,3,3.360317200785826
134,3,,Prey,None,3,3.1384695022524904
134,4,,Prey,None,3,NA
134,5,,Prey,None,3,1.3732217562553009
134,6,,Prey,None,3,NA
135,1,,Prey,None,3,5.886758475207139
135,2,,Prey,None,3,1.2058465477856855
136,1,,Prey,None,3,4.201541264151422
136,2,,Prey,None,3,4.009026380556755
136,3,,Prey,None,3,2.881786312274253
136,4,,Prey,None,3,2.980909976930413
137,1,,Prey,None,3,6.868496040818689
137,2,,Prey,None,3,0.7472238822810485
137,3,,Prey,None,3,0.8773403116073921
137,4,,Prey,None,3,2.0138555824981474
137,5,,Prey,None,3,4.793572638439936
138,1,,Prey,None,3,6.881087366577675
138,2,,Prey,None,3,9.856047783185321
138,3,,Prey,None,3,1.5796453944113509
138,4,,Prey,None,3,NA
138,5,,Prey,None,3,NA
139,1,,Prey,None,3,1.3408075445764163
139,2,,Prey,None,3,NA
139,3,,Prey,None,3,NA
139,4,,Prey,None,3,3.9082572100617945
139,5,,Prey,None,3,NA
139,6,,Prey,None,3,1.3132949876055258
139,7,,Prey,None,3,0.5786942729378785
140,1,,Prey,None,3,1.352474658664265
140,2,,Prey,None,3,10.813612644184332
140,3,,Prey,None,3,0.1250960031335945
141,1,,Prey,None,3,NA
141,2,,Prey,None,3,1.4412997447224896
141,3,,Prey,None,3,1.3365415692196063
141,4,,Prey,None,3,0.46273043952464243
141,5,,Prey,None,3,3.790659432077747
142,1,,Prey,None,3,NA
142,2,,Prey,None,3,2.0046371732030503
142,3,,Prey,None,3,NA
142,4,,Prey,None,3,41.340750292296335
142,5,,Prey,None,3,0.809430987224308
142,6,,Prey,None,3,NA
143,1,,Prey,None,3,1.8237373407710709
143,2,,Prey,None,3,3.4396691891277973
143,3,,Prey,None,3,0.9613592980774676
143,4,,Prey,None,3,1.3554410679061004
144,1,,Prey,None,3,3.9164173226767147
144,2,,Prey,None,3,0.5051368756290102
144,3,,Prey,None,3,3.2057111775220184
145,1,,Prey,None,3,2.5652328931271513
145,2,,Prey,None,3,0.41946759936911354
145,3,,Prey,None,3,0.4101749754780577
146,1,,Prey,None,3,3.7849456260511984
146,2,,Prey,None,3,0.06665883287307116
147,1,,Prey,None,3,2.1917971880444864
147,2,,Prey,None,3,1.9984352017848421
147,3,,Prey,None,3,NA
147,4,,Prey,None,3,NA
147,5,,Prey,None,3,NA
147,6,,Prey,None,3,NA
148,1,,Prey,None,3,1.093241595927677
148,2,,Prey,None,3,2.5855891250507343
148,3,,Prey,None,3,1.1024558416865862
148,4,,Prey,None,3,NA
148,5,,Prey,None,3,NA
148,6,,Prey,None,3,NA
149,1,,Prey,None,3,4.445774834732995
149,2,,Prey,None,3,0.24965558140594446
149,3,,Prey,None,3,0.8440222741371312
149,4,,Prey,None,3,0.5028437530684863
150,1,,Prey,None,3,3.659179190235358
150,2,,Prey,None,3,0.16158626179227067
151,1,,Prey,None,4,0.5840100294508965
151,2,,Prey,None,4,6.067433251688747
151,3,,Prey,None,4,3.827397801503111
152,1,,Prey,None,4,3.2573195082755335
152,2,,Prey,None,4,0.8418754085407655
153,1,,Prey,None,4,1.6389133027356455
153,2,,Prey,None,4,5.604006207885081
153,3,,Prey,None,4,NA
153,4,,Prey,None,4,NA
154,1,,Prey,None,4,8.086500702439182
154,2,,Prey,None,4,2.3026953911669477
155,1,,Prey,None,4,13.570842479373425
155,2,,Prey,None,4,4.8451252175308515
155,3,,Prey,None,4,1.2605058733994667
155,4,,Prey,None,4,2.545633304195094
156,1,,Prey,None,4,1.1667946188681446
156,2,,Prey,None,4,0.9007991332835277
156,3,,Prey,None,4,4.962803857892773
156,4,,Prey,None,4,1.269251301925811
156,5,,Prey,None,4,NA
157,1,,Prey,None,4,0.9623312360808024
157,2,,Prey,None,4,2.5980010400018894
157,3,,Prey,None,4,0.7286832795867952
157,4,,Prey,None,4,NA
158,1,,Prey,None,4,10.983359645829655
158,2,,Prey,None,4,0.077737121119836
158,3,,Prey,None,4,0.09423974745297282
158,4,,Prey,None,4,0.6952053137008545
159,1,,Prey,None,4,NA
159,2,,Prey,None,4,1.9870613732208606
159,3,,Prey,None,4,1.7892705321541373
159,4,,Prey,None,4,2.7708659299389873
159,5,,Prey,None,4,2.8019851228373636
160,1,,Prey,None,4,1.1919163236768584
160,2,,Prey,None,4,1.3984921118646225
160,3,,Prey,None,4,1.4407165125615509
160,4,,Prey,None,4,0.3281222485598934
161,1,,Prey,None,4,45.681951734246205
161,2,,Prey,None,4,2.6673768404568046
161,3,,Prey,None,4,1.5510890310880017
161,4,,Prey,None,4,NA
161,5,,Prey,None,4,NA
161,6,,Prey,None,4,NA
161,7,,Prey,None,4,0.15409844256188726
161,8,,Prey,None,4,NA
162,1,,Prey,None,4,1.9525313710455778
162,2,,Prey,None,4,1.5055805977673848
162,3,,Prey,None,4,1.7369173782617457
162,4,,Prey,None,4,0.6027059955048387
163,1,,Prey,None,4,2.2570260999315233
163,2,,Prey,None,4,1.34172716931488
163,3,,Prey,None,4,4.084471746750124
163,4,,Prey,None,4,1.4365003671050813
164,1,,Prey,None,4,1.9193059276841493
164,2,,Prey,None,4,2.621178083348099
164,3,,Prey,None,4,1.542004296362368
165,1,,Prey,None,4,10.829276764384081
165,2,,Prey,None,4,0.10199593129139996
165,3,,Prey,None,4,2.1703207737529047
166,1,,Prey,None,4,3.3134921299440196
166,2,,Prey,None,4,10.152893097282698
166,3,,Prey,None,4,4.630334500809251
167,1,,Prey,None,4,0.24322697400238788
167,2,,Prey,None,4,1.8525453105723233
167,3,,Prey,None,4,2.1864284326454024
167,4,,Prey,None,4,NA
167,5,,Prey,None,4,NA
168,1,,Prey,None,4,2.174678163744191
168,2,,Prey,None,4,14.620800622542747
168,3,,Prey,None,4,1.0095486488470211
169,1,,Prey,None,4,6.667190621538661
169,2,,Prey,None,4,2.181979912151166
170,1,,Prey,None,4,1.2491462608033153
170,2,,Prey,None,4,7.894476799402575
170,3,,Prey,None,4,1.3666199544862494
170,4,,Prey,None,4,1.7472620705559512
171,1,,Prey,None,4,3.638631281070957
171,2,,Prey,None,4,3.7902868682143853
171,3,,Prey,None,4,0.7309673590523712
172,1,,Prey,None,4,2.3499018172334387
172,2,,Prey,None,4,0.7399728432431871
172,3,,Prey,None,4,1.821373031534177
172,4,,Prey,None,4,NA
172,5,,Prey,None,4,NA
172,6,,Prey,None,4,NA
172,7,,Prey,None,4,NA
172,8,,Prey,None,4,NA
172,9,,Prey,None,4,NA
173,1,,Prey,None,4,1.7999229620626325
173,2,,Prey,None,4,2.210349230583356
173,3,,Prey,None,4,NA
173,4,,Prey,None,4,NA
174,1,,Prey,None,4,1.4097518759835426
174,2,,Prey,None,4,35.21194604424657
174,3,,Prey,None,4,2.2760909809226875
174,4,,Prey,None,4,1.4642686592452108
175,1,,Prey,None,4,2.4953876299617708
175,2,,Prey,None,4,21.451819852574566
175,3,,Prey,None,4,1.6423960788894516
176,1,,Prey,None,4,1.2285249732911412
176,2,,Prey,None,4,10.126203354124067
176,3,,Prey,None,4,3.464780024065937
176,4,,Prey,None,4,1.0511646154807615
176,5,,Prey,None,4,0.3301505902204772
177,1,,Prey,None,4,3.198074230874374
177,2,,Prey,None,4,3.770966442770406
177,3,,Prey,None,4,9.98201653074167
178,1,,Prey,None,4,2.839782676315666
178,2,,Prey,None,4,2.1097158817989183
178,3,,Prey,None,4,NA
178,4,,Prey,None,4,0.890307198555419
178,5,,Prey,None,4,2.4827849953025214
178,6,,Prey,None,4,NA
179,1,,Prey,None,4,6.804180013511249
179,2,,Prey,None,4,5.369709338213935
179,3,,Prey,None,4,0.8759358316199576
180,1,,Prey,None,4,15.646427486230088
180,2,,Prey,None,4,2.581566650311395
180,3,,Prey,None,4,1.1622341399528062
180,4,,Prey,None,4,1.0802074844807994
181,1,,Prey,None,4,1.7010164708447388
181,2,,Prey,None,4,1.312263814839885
181,3,,Prey,None,4,2.2774460928617826
181,4,,Prey,None,4,NA
181,5,,Prey,None,4,NA
182,1,,Prey,None,4,16.538902883709074
182,2,,Prey,None,4,2.717440991496027
183,1,,Prey,None,4,4.313731231913775
183,2,,Prey,None,4,1.9212916078830322
183,3,,Prey,None,4,1.2848387121689662
184,1,,Prey,None,4,3.458326573718069
184,2,,Prey,None,4,2.862776592665325
184,3,,Prey,None,4,6.004187234593623
184,4,,Prey,None,4,3.0040483191978007
185,1,,Prey,None,4,7.528543250719801
185,2,,Prey,None,4,1.2709685403064515
186,1,,Prey,None,4,6.3492382483987955
186,2,,Prey,None,4,1.955190296449783
186,3,,Prey,None,4,0.5991440561334134
187,1,,Prey,None,4,2.3109524522754175
187,2,,Prey,None,4,7.402473556448177
187,3,,Prey,None,4,4.558860866350777
188,1,,Prey,None,4,0.535497572356775
188,2,,Prey,None,4,1.2344101449695692
188,3,,Prey,None,4,NA
188,4,,Prey,None,4,0.8475963648231664
188,5,,Prey,None,4,1.0612657537111043
188,6,,Prey,None,4,NA
188,7,,Prey,None,4,1.8153897901001876
188,8,,Prey,None,4,8.06731364705749
188,9,,Prey,None,4,NA
189,1,,Prey,None,4,2.3361309236175565
189,2,,Prey,None,4,7.503953389950553
189,3,,Prey,None,4,7.151071779887503
190,1,,Prey,None,4,1.800861488395994
190,2,,Prey,None,4,1.845811392964263
190,3,,Prey,None,4,14.414042605955643
190,4,,Prey,None,4,0.8839598285003879
191,1,,Prey,None,4,3.706733501760443
191,2,,Prey,None,4,5.296185076071266
191,3,,Prey,None,4,1.5659315487765624
191,4,,Prey,None,4,2.335524837583402
192,1,,Prey,None,4,7.391265945881635
192,2,,Prey,None,4,0.6654171234785943
192,3,,Prey,None,4,0.0831559979797016
193,1,,Prey,None,4,1.4154506526400936
193,2,,Prey,None,4,14.584874451318969
193,3,,Prey,None,4,NA
193,4,,Prey,None,4,NA
194,1,,Prey,None,4,1.7602184363696207
194,2,,Prey,None,4,2.7625513958018426
194,3,,Prey,None,4,0.26818238577435444
194,4,,Prey,None,4,NA
194,5,,Prey,None,4,NA
195,1,,Prey,None,4,2.106518437816858
195,2,,Prey,None,4,0.9553887595854474
195,3,,Prey,None,4,1.1986564505017911
196,1,,Prey,None,4,1.4827336842334997
196,2,,Prey,None,4,1.4434418898722252
196,3,,Prey,None,4,3.9710995236671462
196,4,,Prey,None,4,NA
197,1,,Prey,None,4,2.3146908385191267
197,2,,Prey,None,4,1.534334583263583
197,3,,Prey,None,4,0.522473080646266
198,1,,Prey,None,4,1.120885814972538
198,2,,Prey,None,4,3.4819787869445364
198,3,,Prey,None,4,1.860134428214457
199,1,,Prey,None,4,2.80740469668205
199,2,,Prey,None,4,1.3957701760177321
199,3,,Prey,None,4,1.1179383397854696
199,4,,Prey,None,4,3.292450761081506
199,5,,Prey,None,4,NA
200,1,,Prey,None,4,35.50804791478637
200,2,,Prey,None,4,NA
200,3,,Prey,None,4,3.6713144629577177
200,4,,Prey,None,4,NA
200,5,,Prey,None,4,0.2010592201317807
1,1,,Prey,Shared,1,3.9185368437826003
1,2,,Prey,Shared,1,1.6809438815230442
2,1,,Prey,Shared,1,2.040730564037869
2,2,,Prey,Shared,1,1.1025585151368396
2,3,,Prey,Shared,1,7.526294515895588
2,4,,Prey,Shared,1,0.5837070615910703
2,5,,Prey,Shared,1,NA
2,6,,Prey,Shared,1,NA
2,7,,Prey,Shared,1,NA
2,8,,Prey,Shared,1,NA
3,1,,Prey,Shared,1,0.9940403746074582
3,2,,Prey,Shared,1,1.5437648808332096
3,3,,Prey,Shared,1,0.8919701944176704
3,4,,Prey,Shared,1,33.24542983809955
4,1,,Prey,Shared,1,1.2961233464418362
4,2,,Prey,Shared,1,6.881768315959568
4,3,,Prey,Shared,1,1.8853503591184493
5,1,,Prey,Shared,1,9.39234785612184
5,2,,Prey,Shared,1,2.782965836232332
5,3,,Prey,Shared,1,0.8968863292241084
6,1,,Prey,Shared,1,0.6132884583165359
6,2,,Prey,Shared,1,8.069764083079999
6,3,,Prey,Shared,1,0.485267484046771
6,4,,Prey,Shared,1,0.6799985440520347
7,1,,Prey,Shared,1,1.1574848745086121
7,2,,Prey,Shared,1,6.118907092774002
7,3,,Prey,Shared,1,1.8458041918031773
7,4,,Prey,Shared,1,0.2265024194091779
7,5,,Prey,Shared,1,1.0633752161244656
8,1,,Prey,Shared,1,3.3388928757162457
8,2,,Prey,Shared,1,0.1064828624709167
9,1,,Prey,Shared,1,22.748884325819247
9,2,,Prey,Shared,1,11.908076318283618
9,3,,Prey,Shared,1,4.404046749537207
10,1,,Prey,Shared,1,28.2998059090086
10,2,,Prey,Shared,1,NA
10,3,,Prey,Shared,1,1.452244691951493
10,4,,Prey,Shared,1,1.074135921311823
10,5,,Prey,Shared,1,NA
11,1,,Prey,Shared,1,4.26934596337376
11,2,,Prey,Shared,1,5.308142993016379
11,3,,Prey,Shared,1,NA
12,1,,Prey,Shared,1,1.554026128972695
12,2,,Prey,Shared,1,2.8506070038770557
12,3,,Prey,Shared,1,1.0325822968972072
12,4,,Prey,Shared,1,50.20655755257474
13,1,,Prey,Shared,1,6.3228012263034445
13,2,,Prey,Shared,1,3.0160308032963896
13,3,,Prey,Shared,1,4.0830009585873
14,1,,Prey,Shared,1,1.535621002628617
14,2,,Prey,Shared,1,12.914361490776356
14,3,,Prey,Shared,1,0.6446893593041535
15,1,,Prey,Shared,1,13.966381881731667
15,2,,Prey,Shared,1,0.2246616344639203
16,1,,Prey,Shared,1,2.2680688433584497
16,2,,Prey,Shared,1,1.0606478106333652
16,3,,Prey,Shared,1,1.7449102727647623
16,4,,Prey,Shared,1,0.5478388905508617
17,1,,Prey,Shared,1,17.740772426592837
17,2,,Prey,Shared,1,2.1470798142360876
17,3,,Prey,Shared,1,4.245821518174104
18,1,,Prey,Shared,1,1.3998907281925672
18,2,,Prey,Shared,1,2.019923992930335
18,3,,Prey,Shared,1,28.5573845789378
18,4,,Prey,Shared,1,0.8666271177951074
19,1,,Prey,Shared,1,0.8058957318003415
19,2,,Prey,Shared,1,1.4019649518125008
19,3,,Prey,Shared,1,1.5212993229577063
19,4,,Prey,Shared,1,0.4952832119101149
20,1,,Prey,Shared,1,4.092050262988959
20,2,,Prey,Shared,1,1.5004079597702595
20,3,,Prey,Shared,1,2.693985942391618
21,1,,Prey,Shared,1,1.1805956336027121
21,2,,Prey,Shared,1,2.4278107479556024
21,3,,Prey,Shared,1,3.866344665484123
22,1,,Prey,Shared,1,2.325939043616128
22,2,,Prey,Shared,1,2.1309985649319367
23,1,,Prey,Shared,1,2.5648545027788434
23,2,,Prey,Shared,1,1.3418595641117357
24,1,,Prey,Shared,1,3.670309409112282
24,2,,Prey,Shared,1,1.1719633719994271
24,3,,Prey,Shared,1,1.4240767155305674
24,4,,Prey,Shared,1,7.790826756427985
25,1,,Prey,Shared,1,0.6249515162343009
25,2,,Prey,Shared,1,1.957822256055829
25,3,,Prey,Shared,1,0.8062725781694371
25,4,,Prey,Shared,1,1.340663044246839
25,5,,Prey,Shared,1,0.22428956730084473
26,1,,Prey,Shared,1,1.7061438335376626
26,2,,Prey,Shared,1,2.4539063156502627
26,3,,Prey,Shared,1,1.9045427783440254
26,4,,Prey,Shared,1,0.8881262434264114
27,1,,Prey,Shared,1,1.8190488642541691
27,2,,Prey,Shared,1,3.9935941740712804
27,3,,Prey,Shared,1,0.4927008996809533
28,1,,Prey,Shared,1,3.5424529678351617
28,2,,Prey,Shared,1,1.4448294572553675
29,1,,Prey,Shared,1,2.8349293838496608
29,2,,Prey,Shared,1,4.357411244880826
30,1,,Prey,Shared,1,1.520016759785129
30,2,,Prey,Shared,1,0.9414606545792341
30,3,,Prey,Shared,1,1.651369754491542
31,1,,Prey,Shared,1,2.091535550381318
31,2,,Prey,Shared,1,3.177569857021071
31,3,,Prey,Shared,1,1.7355390292378028
31,4,,Prey,Shared,1,NA
32,1,,Prey,Shared,1,1.509071407768888
32,2,,Prey,Shared,1,1.5099346727495664
32,3,,Prey,Shared,1,3.2092392533974183
33,1,,Prey,Shared,1,5.561820780679446
33,2,,Prey,Shared,1,5.340636972973528
33,3,,Prey,Shared,1,NA
34,1,,Prey,Shared,1,17.404896280966184
34,2,,Prey,Shared,1,4.824350181938212
34,3,,Prey,Shared,1,8.53395079975418
35,1,,Prey,Shared,1,1.8578664654178885
35,2,,Prey,Shared,1,3.425354333205958
36,1,,Prey,Shared,1,8.48023700652307
36,2,,Prey,Shared,1,1.6326772678317791
36,3,,Prey,Shared,1,0.09817234844904148
37,1,,Prey,Shared,1,1.7939041035737335
37,2,,Prey,Shared,1,4.1095712322997
37,3,,Prey,Shared,1,0.743722930635136
38,1,,Prey,Shared,1,1.347959032231409
38,2,,Prey,Shared,1,2.5080120727686555
39,1,,Prey,Shared,1,2.1313400435876186
39,2,,Prey,Shared,1,1.8776723991040365
40,1,,Prey,Shared,1,0.8363849693937226
40,2,,Prey,Shared,1,3.2376151561951603
40,3,,Prey,Shared,1,4.23489107082998
40,4,,Prey,Shared,1,1.6097892768837856
41,1,,Prey,Shared,1,33.09055993098811
41,2,,Prey,Shared,1,9.90766825111615
41,3,,Prey,Shared,1,4.75669433466826
41,4,,Prey,Shared,1,2.9100523771634697
42,1,,Prey,Shared,1,19.912395958484918
42,2,,Prey,Shared,1,1.0175065118444344
43,1,,Prey,Shared,1,12.194819180709478
43,2,,Prey,Shared,1,1.9412497691159063
43,3,,Prey,Shared,1,0.23179993528903384
44,1,,Prey,Shared,1,5.139137936269741
44,2,,Prey,Shared,1,16.857481247947547
44,3,,Prey,Shared,1,1.8792430027272415
45,1,,Prey,Shared,1,3.266656953266208
45,2,,Prey,Shared,1,14.446087473912094
45,3,,Prey,Shared,1,2.432312489842686
46,1,,Prey,Shared,1,4.868395173342848
46,2,,Prey,Shared,1,1.5707479833592952
46,3,,Prey,Shared,1,1.1876776840281538
47,1,,Prey,Shared,1,3.579114779503998
47,2,,Prey,Shared,1,1.8160626816541907
47,3,,Prey,Shared,1,10.81031243701813
48,1,,Prey,Shared,1,4.334547209210317
48,2,,Prey,Shared,1,2.673553937605625
48,3,,Prey,Shared,1,0.7333184301515951
49,1,,Prey,Shared,1,1.6363131747696922
49,2,,Prey,Shared,1,23.117327535686034
49,3,,Prey,Shared,1,0.23563688166329036
49,4,,Prey,Shared,1,5.737597422590809
50,1,,Prey,Shared,1,4.880909009630163
50,2,,Prey,Shared,1,0.48680016620199673
50,3,,Prey,Shared,1,2.425820727395718
51,1,,Prey,Shared,2,8.225109594305499
51,2,,Prey,Shared,2,7.746606316468184
51,3,,Prey,Shared,2,5.4166121465783394
51,4,,Prey,Shared,2,6.641683909974465
52,1,,Prey,Shared,2,16.05912632810002
52,2,,Prey,Shared,2,0.9013437357634442
52,3,,Prey,Shared,2,1.2579111892339614
53,1,,Prey,Shared,2,6.9756198545137575
53,2,,Prey,Shared,2,22.88043966645236
54,1,,Prey,Shared,2,2.6390499242438827
54,2,,Prey,Shared,2,3.5749314426397314
54,3,,Prey,Shared,2,0.7106981708151509
55,1,,Prey,Shared,2,14.480994594654277
55,2,,Prey,Shared,2,8.945406133531845
56,1,,Prey,Shared,2,34.064013883038214
56,2,,Prey,Shared,2,5.92539515141615
56,3,,Prey,Shared,2,0.5240694705857237
57,1,,Prey,Shared,2,1.853152379718915
57,2,,Prey,Shared,2,2.7739735276404884
57,3,,Prey,Shared,2,5.107083849908868
58,1,,Prey,Shared,2,9.569553146112659
58,2,,Prey,Shared,2,19.917664692118496
59,1,,Prey,Shared,2,15.533514598041346
59,2,,Prey,Shared,2,6.503735754762115
59,3,,Prey,Shared,2,12.340721591245718
60,1,,Prey,Shared,2,25.558644392801458
60,2,,Prey,Shared,2,2.463788734730546
61,1,,Prey,Shared,2,22.56813845207547
61,2,,Prey,Shared,2,2.7468825158391876
62,1,,Prey,Shared,2,30.006650665620484
62,2,,Prey,Shared,2,5.228055576743028
63,1,,Prey,Shared,2,6.445549154899867
63,2,,Prey,Shared,2,10.231776684245984
63,3,,Prey,Shared,2,5.317461704974791
63,4,,Prey,Shared,2,NA
63,5,,Prey,Shared,2,NA
64,1,,Prey,Shared,2,18.504112394783387
64,2,,Prey,Shared,2,1.3690184111252857
64,3,,Prey,Shared,2,4.176899388428734
64,4,,Prey,Shared,2,0.590731885037536
65,1,,Prey,Shared,2,23.071060182720252
65,2,,Prey,Shared,2,1.3369490297097628
66,1,,Prey,Shared,2,2.0518662664166785
66,2,,Prey,Shared,2,2.3301805382110854
66,3,,Prey,Shared,2,1.039137941207899
66,4,,Prey,Shared,2,1.6406372150319084
67,1,,Prey,Shared,2,5.057521707401999
67,2,,Prey,Shared,2,1.6626431265283563
67,3,,Prey,Shared,2,2.360017916095225
68,1,,Prey,Shared,2,7.556833599091912
68,2,,Prey,Shared,2,0.8695715036729319
68,3,,Prey,Shared,2,26.897350061960015
68,4,,Prey,Shared,2,2.5866337293865143
69,1,,Prey,Shared,2,11.869099910847801
69,2,,Prey,Shared,2,4.2213341997505704
69,3,,Prey,Shared,2,3.86135103505281
70,1,,Prey,Shared,2,15.61977904678643
70,2,,Prey,Shared,2,2.1894985425685194
70,3,,Prey,Shared,2,0.337466516857599
71,1,,Prey,Shared,2,15.615267009870953
71,2,,Prey,Shared,2,9.690147354325209
71,3,,Prey,Shared,2,0.8541335699039103
72,1,,Prey,Shared,2,29.92656726632606
72,2,,Prey,Shared,2,6.759081206287055
72,3,,Prey,Shared,2,3.905852477396921
72,4,,Prey,Shared,2,5.157983746510747
73,1,,Prey,Shared,2,18.02199946214832
73,2,,Prey,Shared,2,1.8175267127511852
73,3,,Prey,Shared,2,1.571266111454846
74,1,,Prey,Shared,2,0.10991819685566229
74,2,,Prey,Shared,2,2.2583594770637796
74,3,,Prey,Shared,2,2.3836351782765437
74,4,,Prey,Shared,2,0.9525292023148901
75,1,,Prey,Shared,2,1.634949301966273
75,2,,Prey,Shared,2,25.256452937582996
75,3,,Prey,Shared,2,8.895803655033692
75,4,,Prey,Shared,2,0.5465831409767412
76,1,,Prey,Shared,2,NA
76,2,,Prey,Shared,2,37.1022048589101
76,3,,Prey,Shared,2,2.092715095045995
76,4,,Prey,Shared,2,2.8030549855950686
76,5,,Prey,Shared,2,NA
76,6,,Prey,Shared,2,NA
77,1,,Prey,Shared,2,28.795421457868187
77,2,,Prey,Shared,2,2.9627005383571916
77,3,,Prey,Shared,2,3.747826960603272
78,1,,Prey,Shared,2,4.115949685585133
78,2,,Prey,Shared,2,0.29860838903152065
78,3,,Prey,Shared,2,8.147504018239061
78,4,,Prey,Shared,2,NA
79,1,,Prey,Shared,2,7.73713840010142
79,2,,Prey,Shared,2,16.12469191811977
80,1,,Prey,Shared,2,8.51159640518566
80,2,,Prey,Shared,2,24.605814602304555
81,1,,Prey,Shared,2,24.371631370488302
81,2,,Prey,Shared,2,0.09465600878972236
82,1,,Prey,Shared,2,23.43570456934387
82,2,,Prey,Shared,2,1.0311992418036866
82,3,,Prey,Shared,2,2.1457549044169193
83,1,,Prey,Shared,2,1.1099601865680617
83,2,,Prey,Shared,2,8.916036318054442
84,1,,Prey,Shared,2,NA
84,2,,Prey,Shared,2,5.012199039621262
84,3,,Prey,Shared,2,5.673278405145478
84,4,,Prey,Shared,2,18.3147051866233
84,5,,Prey,Shared,2,21.981889915337124
84,6,,Prey,Shared,2,NA
85,1,,Prey,Shared,2,5.133274153193515
85,2,,Prey,Shared,2,3.0242259781194343
85,3,,Prey,Shared,2,1.9063203780038194
86,1,,Prey,Shared,2,13.778900627668428
86,2,,Prey,Shared,2,8.362961449029868
87,1,,Prey,Shared,2,2.7376825783595824
87,2,,Prey,Shared,2,22.258034131789593
87,3,,Prey,Shared,2,4.258085133420442
87,4,,Prey,Shared,2,12.241141741654598
88,1,,Prey,Shared,2,6.117334551566909
88,2,,Prey,Shared,2,11.215312562331915
88,3,,Prey,Shared,2,9.973521741975087
89,1,,Prey,Shared,2,3.3899189732298796
89,2,,Prey,Shared,2,7.0357234812965626
89,3,,Prey,Shared,2,0.06135535836420444
90,1,,Prey,Shared,2,11.940071896245355
90,2,,Prey,Shared,2,0.2614821026380197
90,3,,Prey,Shared,2,0.14387011503435926
91,1,,Prey,Shared,2,20.441353751143883
91,2,,Prey,Shared,2,1.231732038563288
92,1,,Prey,Shared,2,1.095947503304789
92,2,,Prey,Shared,2,5.601044639992659
92,3,,Prey,Shared,2,23.885696455406652
93,1,,Prey,Shared,2,6.165951193139668
93,2,,Prey,Shared,2,6.559216855022078
93,3,,Prey,Shared,2,NA
94,1,,Prey,Shared,2,22.915166126366625
94,2,,Prey,Shared,2,16.32839798751251
94,3,,Prey,Shared,2,1.6460685673803999
95,1,,Prey,Shared,2,2.0003537675896346
95,2,,Prey,Shared,2,1.7522066265748923
95,3,,Prey,Shared,2,18.763560531597058
96,1,,Prey,Shared,2,23.70236662455289
96,2,,Prey,Shared,2,3.2111490165823997
97,1,,Prey,Shared,2,19.463583164348844
97,2,,Prey,Shared,2,0.1676541678575263
98,1,,Prey,Shared,2,1.4661654654433056
98,2,,Prey,Shared,2,1.0934337525911009
98,3,,Prey,Shared,2,1.7930207552531852
98,4,,Prey,Shared,2,NA
98,5,,Prey,Shared,2,NA
98,6,,Prey,Shared,2,NA
98,7,,Prey,Shared,2,NA
99,1,,Prey,Shared,2,27.390321291158696
99,2,,Prey,Shared,2,4.517180183292063
99,3,,Prey,Shared,2,1.9113203532527228
100,1,,Prey,Shared,2,0.5595419872517635
100,2,,Prey,Shared,2,0.6156812621575607
100,3,,Prey,Shared,2,1.0953863206454906
100,4,,Prey,Shared,2,13.996809891844476
101,1,,Prey,Shared,3,11.29440703841515
101,2,,Prey,Shared,3,6.191085840682778
101,3,,Prey,Shared,3,7.4444500572643
102,1,,Prey,Shared,3,26.358037534190668
102,2,,Prey,Shared,3,0.7137042594800725
102,3,,Prey,Shared,3,7.755477332098262
103,1,,Prey,Shared,3,3.8283282711713755
103,2,,Prey,Shared,3,8.09006542961409
103,3,,Prey,Shared,3,24.672908739678885
104,1,,Prey,Shared,3,26.25802508960113
104,2,,Prey,Shared,3,7.921373102644206
105,1,,Prey,Shared,3,10.284540012336393
105,2,,Prey,Shared,3,23.11313472193576
105,3,,Prey,Shared,3,0.04087175063537245
106,1,,Prey,Shared,3,9.319161613207688
106,2,,Prey,Shared,3,NA
106,3,,Prey,Shared,3,2.9017450628888826
106,4,,Prey,Shared,3,NA
106,5,,Prey,Shared,3,2.137371980785393
106,6,,Prey,Shared,3,NA
107,1,,Prey,Shared,3,19.969056535136236
107,2,,Prey,Shared,3,11.617075169679838
107,3,,Prey,Shared,3,2.466198610002222
108,1,,Prey,Shared,3,22.434256800264876
108,2,,Prey,Shared,3,0.21264348097226105
109,1,,Prey,Shared,3,9.080776299069242
109,2,,Prey,Shared,3,6.20228453129567
109,3,,Prey,Shared,3,7.9145415151107406
110,1,,Prey,Shared,3,1.542328342741718
110,2,,Prey,Shared,3,35.238071644929185
110,3,,Prey,Shared,3,5.572282898332745
111,1,,Prey,Shared,3,3.824661702637357
111,2,,Prey,Shared,3,3.437340388335091
111,3,,Prey,Shared,3,5.211790381968266
111,4,,Prey,Shared,3,24.169815390763457
112,1,,Prey,Shared,3,5.646820868828391
112,2,,Prey,Shared,3,21.665111606536676
113,1,,Prey,Shared,3,8.99505047343232
113,2,,Prey,Shared,3,0.11166351239326117
114,1,,Prey,Shared,3,6.108718469348534
114,2,,Prey,Shared,3,4.3678202583905765
114,3,,Prey,Shared,3,29.251732701198705
115,1,,Prey,Shared,3,2.0835144269513544
115,2,,Prey,Shared,3,5.3720646299968005
115,3,,Prey,Shared,3,9.384845615111717
115,4,,Prey,Shared,3,NA
115,5,,Prey,Shared,3,NA
116,1,,Prey,Shared,3,1.6867488549149343
116,2,,Prey,Shared,3,7.248127440438731
116,3,,Prey,Shared,3,15.370508119408274
116,4,,Prey,Shared,3,2.5312784059650553
117,1,,Prey,Shared,3,5.917720016230704
117,2,,Prey,Shared,3,4.365910042097007
117,3,,Prey,Shared,3,18.75331977762815
118,1,,Prey,Shared,3,2.9569248752007606
118,2,,Prey,Shared,3,8.80614338359763
118,3,,Prey,Shared,3,4.431170411814425
119,1,,Prey,Shared,3,3.9163095344469436
119,2,,Prey,Shared,3,5.5417630645240195
119,3,,Prey,Shared,3,31.57478109892866
120,1,,Prey,Shared,3,19.009932051229033
120,2,,Prey,Shared,3,0.03069364755124452
120,3,,Prey,Shared,3,0.9189680571284992
121,1,,Prey,Shared,3,5.417453252994669
121,2,,Prey,Shared,3,25.743589757265177
121,3,,Prey,Shared,3,0.18754874033168012
122,1,,Prey,Shared,3,14.985038567068184
122,2,,Prey,Shared,3,2.5837187695934096
123,1,,Prey,Shared,3,16.491580060923223
123,2,,Prey,Shared,3,8.895114572502651
124,1,,Prey,Shared,3,3.435298302887326
124,2,,Prey,Shared,3,12.751288222535683
124,3,,Prey,Shared,3,5.464680264258016
124,4,,Prey,Shared,3,16.059613959557062
124,5,,Prey,Shared,3,NA
124,6,,Prey,Shared,3,NA
124,7,,Prey,Shared,3,NA
125,1,,Prey,Shared,3,6.581325319727221
125,2,,Prey,Shared,3,9.666765905880183
125,3,,Prey,Shared,3,5.1022804456071444
126,1,,Prey,Shared,3,24.745746692214855
126,2,,Prey,Shared,3,3.6227959314347618
126,3,,Prey,Shared,3,3.691044322013343
127,1,,Prey,Shared,3,22.47935746656357
127,2,,Prey,Shared,3,0.25192141631866205
127,3,,Prey,Shared,3,1.178932907720824
128,1,,Prey,Shared,3,11.487624486988702
128,2,,Prey,Shared,3,11.123720635395848
128,3,,Prey,Shared,3,4.203316001740444
128,4,,Prey,Shared,3,NA
128,5,,Prey,Shared,3,1.1821109296508514
128,6,,Prey,Shared,3,NA
129,1,,Prey,Shared,3,3.125155710473059
129,2,,Prey,Shared,3,26.31133259862
129,3,,Prey,Shared,3,1.7992374937206366
130,1,,Prey,Shared,3,13.836976859014277
130,2,,Prey,Shared,3,7.783200730739142
130,3,,Prey,Shared,3,7.0465609149229556
130,4,,Prey,Shared,3,NA
130,5,,Prey,Shared,3,NA
130,6,,Prey,Shared,3,NA
131,1,,Prey,Shared,3,2.5463458587678236
131,2,,Prey,Shared,3,1.9114811900722408
131,3,,Prey,Shared,3,25.486665235329887
131,4,,Prey,Shared,3,2.393528342418264
131,5,,Prey,Shared,3,3.2862960799540573
131,6,,Prey,Shared,3,3.0340009920894895
132,1,,Prey,Shared,3,3.8272424358347004
132,2,,Prey,Shared,3,25.745286611684506
132,3,,Prey,Shared,3,1.751034496937917
133,1,,Prey,Shared,3,2.546435548023738
133,2,,Prey,Shared,3,0.6780389295405388
133,3,,Prey,Shared,3,11.074845754930829
133,4,,Prey,Shared,3,1.7893058374688209
134,1,,Prey,Shared,3,25.137545568981732
134,2,,Prey,Shared,3,7.876476171885018
134,3,,Prey,Shared,3,20.56628425774549
135,1,,Prey,Shared,3,31.2025495110013
135,2,,Prey,Shared,3,4.327238384921127
136,1,,Prey,Shared,3,10.635659011426702
136,2,,Prey,Shared,3,32.58956424101397
136,3,,Prey,Shared,3,2.573007251139251
137,1,,Prey,Shared,3,14.204857281134213
137,2,,Prey,Shared,3,5.705130687004946
137,3,,Prey,Shared,3,1.575408661589266
138,1,,Prey,Shared,3,20.85424472096982
138,2,,Prey,Shared,3,4.398113667111924
138,3,,Prey,Shared,3,NA
138,4,,Prey,Shared,3,NA
139,1,,Prey,Shared,3,6.965422841506179
139,2,,Prey,Shared,3,20.961800596820982
139,3,,Prey,Shared,3,0.4527177487132574
140,1,,Prey,Shared,3,9.595781477836042
140,2,,Prey,Shared,3,11.164443586112487
141,1,,Prey,Shared,3,2.3860536525130702
141,2,,Prey,Shared,3,20.763238681567024
141,3,,Prey,Shared,3,2.388597277108322
141,4,,Prey,Shared,3,29.61648132579955
142,1,,Prey,Shared,3,2.2875659510650874
142,2,,Prey,Shared,3,11.260978940861909
142,3,,Prey,Shared,3,6.384098613080438
142,4,,Prey,Shared,3,3.7232779871980544
143,1,,Prey,Shared,3,4.689623465177258
143,2,,Prey,Shared,3,9.613193170165255
143,3,,Prey,Shared,3,32.9160275865268
144,1,,Prey,Shared,3,1.2179628689018744
144,2,,Prey,Shared,3,17.413126944381705
144,3,,Prey,Shared,3,2.8424344258777987
145,1,,Prey,Shared,3,22.088948007856505
145,2,,Prey,Shared,3,0.3263283775585581
146,1,,Prey,Shared,3,9.017234614722993
146,2,,Prey,Shared,3,1.2215713648613062
147,1,,Prey,Shared,3,7.806598986373195
147,2,,Prey,Shared,3,26.490718496462275
148,1,,Prey,Shared,3,30.962496234416307
148,2,,Prey,Shared,3,1.8228607119973657
148,3,,Prey,Shared,3,5.236936217036185
149,1,,Prey,Shared,3,9.141810092086413
149,2,,Prey,Shared,3,11.213923230258871
149,3,,Prey,Shared,3,2.174565005106388
150,1,,Prey,Shared,3,9.185784736057267
150,2,,Prey,Shared,3,6.584531267325324
150,3,,Prey,Shared,3,0.12261260130997988
150,4,,Prey,Shared,3,NA
150,5,,Prey,Shared,3,NA
151,1,,Prey,Shared,4,16.827371018138038
151,2,,Prey,Shared,4,5.901629260190173
151,3,,Prey,Shared,4,6.719191268174372
152,1,,Prey,Shared,4,25.59334626840637
152,2,,Prey,Shared,4,8.246548917901698
153,1,,Prey,Shared,4,5.7006808959531226
153,2,,Prey,Shared,4,21.38044920307565
153,3,,Prey,Shared,4,5.521546111457714
154,1,,Prey,Shared,4,11.585325534190448
154,2,,Prey,Shared,4,9.688230048742938
155,1,,Prey,Shared,4,23.289577578744648
155,2,,Prey,Shared,4,2.649542246476018
155,3,,Prey,Shared,4,2.662967214977221
156,1,,Prey,Shared,4,5.354998966257795
156,2,,Prey,Shared,4,3.0655015524335205
156,3,,Prey,Shared,4,NA
156,4,,Prey,Shared,4,NA
156,5,,Prey,Shared,4,39.41257088112878
156,6,,Prey,Shared,4,3.453261139850272
156,7,,Prey,Shared,4,NA
157,1,,Prey,Shared,4,10.07805119250834
157,2,,Prey,Shared,4,3.7298181387328997
157,3,,Prey,Shared,4,4.849699845912079
157,4,,Prey,Shared,4,NA
157,5,,Prey,Shared,4,NA
158,1,,Prey,Shared,4,10.93530144795403
158,2,,Prey,Shared,4,6.966422398582865
158,3,,Prey,Shared,4,1.8379071598979475
159,1,,Prey,Shared,4,2.4098478476396634
159,2,,Prey,Shared,4,6.309784743387308
159,3,,Prey,Shared,4,1.1087361099983568
159,4,,Prey,Shared,4,30.897047010143883
159,5,,Prey,Shared,4,6.216945557272664
160,1,,Prey,Shared,4,12.661704988678089
160,2,,Prey,Shared,4,2.174276417200543
160,3,,Prey,Shared,4,2.7247028690864794
161,1,,Prey,Shared,4,5.897160110588702
161,2,,Prey,Shared,4,9.367065309031632
161,3,,Prey,Shared,4,1.7927878853657095
161,4,,Prey,Shared,4,3.0839573499373767
161,5,,Prey,Shared,4,2.4784297739012775
162,1,,Prey,Shared,4,2.7408467175623756
162,2,,Prey,Shared,4,28.931912321609225
162,3,,Prey,Shared,4,6.004846838853231
162,4,,Prey,Shared,4,6.5019486994526945
163,1,,Prey,Shared,4,16.19863433400331
163,2,,Prey,Shared,4,8.417494298682712
163,3,,Prey,Shared,4,45.655417905874
164,1,,Prey,Shared,4,3.3684355590163277
164,2,,Prey,Shared,4,22.693462274140654
164,3,,Prey,Shared,4,9.548409993815724
164,4,,Prey,Shared,4,6.053022858876136
165,1,,Prey,Shared,4,5.175439243761187
165,2,,Prey,Shared,4,2.2208249846195955
165,3,,Prey,Shared,4,15.742472761945468
165,4,,Prey,Shared,4,1.5371283706038326
166,1,,Prey,Shared,4,28.03593931592602
166,2,,Prey,Shared,4,1.0690938322200865
166,3,,Prey,Shared,4,0.2565589600852011
167,1,,Prey,Shared,4,9.143019433619902
167,2,,Prey,Shared,4,3.5089924466997866
167,3,,Prey,Shared,4,11.781188213763706
168,1,,Prey,Shared,4,19.023630924427113
168,2,,Prey,Shared,4,8.36643204213047
168,3,,Prey,Shared,4,1.7343072532288295
169,1,,Prey,Shared,4,2.3657124580231415
169,2,,Prey,Shared,4,5.165432351701066
169,3,,Prey,Shared,4,3.75662477486282
169,4,,Prey,Shared,4,11.535380086011095
169,5,,Prey,Shared,4,NA
169,6,,Prey,Shared,4,NA
170,1,,Prey,Shared,4,13.967275512319448
170,2,,Prey,Shared,4,4.831501143506047
170,3,,Prey,Shared,4,NA
170,4,,Prey,Shared,4,5.080019819890589
171,1,,Prey,Shared,4,18.752352659573162
171,2,,Prey,Shared,4,6.902414323247863
171,3,,Prey,Shared,4,1.1113010968978478
171,4,,Prey,Shared,4,1.0137156950668809
172,1,,Prey,Shared,4,3.3588091228141734
172,2,,Prey,Shared,4,0.743250859400781
172,3,,Prey,Shared,4,23.947974881609976
173,1,,Prey,Shared,4,3.3479821018562412
173,2,,Prey,Shared,4,2.7813081018282926
173,3,,Prey,Shared,4,4.655110522595094
173,4,,Prey,Shared,4,24.686263345064077
174,1,,Prey,Shared,4,8.786797944333626
174,2,,Prey,Shared,4,19.732010658719613
175,1,,Prey,Shared,4,11.597537386815143
175,2,,Prey,Shared,4,1.7290791950837778
175,3,,Prey,Shared,4,2.1414563895340906
175,4,,Prey,Shared,4,26.716065218070145
176,1,,Prey,Shared,4,22.35558342775403
176,2,,Prey,Shared,4,4.05046819236714
177,1,,Prey,Shared,4,5.5399406619528015
177,2,,Prey,Shared,4,21.856511021868997
177,3,,Prey,Shared,4,5.438940797104088
178,1,,Prey,Shared,4,14.020747009305131
178,2,,Prey,Shared,4,8.017902276045913
179,1,,Prey,Shared,4,15.28751062043897
179,2,,Prey,Shared,4,3.7744791553821644
179,3,,Prey,Shared,4,18.47228585735832
180,1,,Prey,Shared,4,24.495597051714086
180,2,,Prey,Shared,4,5.494487555417729
181,1,,Prey,Shared,4,24.644474101994888
181,2,,Prey,Shared,4,2.2425587937551317
181,3,,Prey,Shared,4,8.706685877321606
181,4,,Prey,Shared,4,0.7036412224990802
181,5,,Prey,Shared,4,3.5874969368170815
182,1,,Prey,Shared,4,14.371831976845387
182,2,,Prey,Shared,4,1.8814593352447266
182,3,,Prey,Shared,4,0.19045800061956028
183,1,,Prey,Shared,4,8.594229174497343
183,2,,Prey,Shared,4,11.688873768387074
184,1,,Prey,Shared,4,28.382310433789574
184,2,,Prey,Shared,4,6.5677929212938295
184,3,,Prey,Shared,4,2.49705096544425
185,1,,Prey,Shared,4,6.90856483058703
185,2,,Prey,Shared,4,4.976044470372363
185,3,,Prey,Shared,4,8.597758729017402
185,4,,Prey,Shared,4,33.10294024705359
186,1,,Prey,Shared,4,2.6585904694163562
186,2,,Prey,Shared,4,3.806264714564547
186,3,,Prey,Shared,4,14.306260625034547
186,4,,Prey,Shared,4,1.2893980378455685
187,1,,Prey,Shared,4,13.851674280194992
187,2,,Prey,Shared,4,3.316443155712577
187,3,,Prey,Shared,4,4.584795292503557
188,1,,Prey,Shared,4,2.7491045704334853
188,2,,Prey,Shared,4,18.16781862838165
188,3,,Prey,Shared,4,18.95026448581232
188,4,,Prey,Shared,4,5.28815521590355
189,1,,Prey,Shared,4,6.613451000515912
189,2,,Prey,Shared,4,2.542933922953079
189,3,,Prey,Shared,4,NA
189,4,,Prey,Shared,4,8.40171728353493
189,5,,Prey,Shared,4,5.369879969794483
190,1,,Prey,Shared,4,17.449056560253265
190,2,,Prey,Shared,4,5.903819179167253
190,3,,Prey,Shared,4,0.35399685085645544
191,1,,Prey,Shared,4,4.25739277064026
191,2,,Prey,Shared,4,4.888853229166134
191,3,,Prey,Shared,4,12.302216158631461
191,4,,Prey,Shared,4,1.4183345802566056
191,5,,Prey,Shared,4,NA
192,1,,Prey,Shared,4,4.731340919838704
192,2,,Prey,Shared,4,19.071409202270466
193,1,,Prey,Shared,4,4.011803468472479
193,2,,Prey,Shared,4,15.187768155328156
193,3,,Prey,Shared,4,11.242113819995387
193,4,,Prey,Shared,4,4.9721105059979065
193,5,,Prey,Shared,4,0.7001221679107156
194,1,,Prey,Shared,4,3.6737170432156674
194,2,,Prey,Shared,4,25.873078438455174
194,3,,Prey,Shared,4,5.144657185307167
194,4,,Prey,Shared,4,9.005621398631584
195,1,,Prey,Shared,4,7.0665094554672825
195,2,,Prey,Shared,4,2.5352028246062823
195,3,,Prey,Shared,4,4.195622824729634
195,4,,Prey,Shared,4,10.59200010998867
196,1,,Prey,Shared,4,26.824551786542212
196,2,,Prey,Shared,4,7.115223953868867
196,3,,Prey,Shared,4,1.050138756637691
196,4,,Prey,Shared,4,10.268229774291125
197,1,,Prey,Shared,4,7.940312423979573
197,2,,Prey,Shared,4,19.859752251923865
197,3,,Prey,Shared,4,2.916555727249481
197,4,,Prey,Shared,4,1.3064751864246578
198,1,,Prey,Shared,4,15.792306740629238
198,2,,Prey,Shared,4,0.3773684141525361
198,3,,Prey,Shared,4,12.033582138153117
199,1,,Prey,Shared,4,18.491053896732065
199,2,,Prey,Shared,4,1.0647966833052054
199,3,,Prey,Shared,4,18.614372155130805
200,1,,Prey,Shared,4,5.210829796019651
200,2,,Prey,Shared,4,14.045471918532268
200,3,,Prey,Shared,4,9.828850539437257
