behaviorSpaceRun,componentID,componentSize,terr,mem,numPred
1,3,7,None,Individual,1
1,1,7,None,Individual,1
1,2,6,None,Individual,1
2,1,9,None,Individual,1
2,2,7,None,Individual,1
2,3,4,None,Individual,1
3,1,7,None,Individual,1
3,2,7,None,Individual,1
3,4,1,None,Individual,1
3,5,1,None,Individual,1
3,3,3,None,Individual,1
3,6,1,None,Individual,1
4,1,7,None,Individual,1
4,2,8,None,Individual,1
4,3,5,None,Individual,1
5,3,4,None,Individual,1
5,1,5,None,Individual,1
5,2,10,None,Individual,1
5,4,1,None,Individual,1
6,2,5,None,Individual,1
6,4,8,None,Individual,1
6,3,2,None,Individual,1
6,1,5,None,Individual,1
7,1,10,None,Individual,1
7,2,10,None,Individual,1
8,2,11,None,Individual,1
8,3,2,None,Individual,1
8,1,4,None,Individual,1
8,4,1,None,Individual,1
8,5,1,None,Individual,1
8,6,1,None,Individual,1
9,1,8,None,Individual,1
9,4,1,None,Individual,1
9,5,1,None,Individual,1
9,2,2,None,Individual,1
9,6,1,None,Individual,1
9,3,3,None,Individual,1
9,7,1,None,Individual,1
9,8,1,None,Individual,1
9,9,1,None,Individual,1
9,10,1,None,Individual,1
10,4,6,None,Individual,1
10,2,6,None,Individual,1
10,3,3,None,Individual,1
10,5,1,None,Individual,1
10,6,1,None,Individual,1
10,7,1,None,Individual,1
10,1,2,None,Individual,1
11,1,7,None,Individual,1
11,2,12,None,Individual,1
11,3,1,None,Individual,1
12,2,9,None,Individual,1
12,1,11,None,Individual,1
13,4,1,None,Individual,1
13,1,8,None,Individual,1
13,5,1,None,Individual,1
13,3,4,None,Individual,1
13,2,5,None,Individual,1
13,6,1,None,Individual,1
14,2,7,None,Individual,1
14,4,1,None,Individual,1
14,1,5,None,Individual,1
14,3,5,None,Individual,1
14,5,1,None,Individual,1
14,6,1,None,Individual,1
15,1,10,None,Individual,1
15,3,6,None,Individual,1
15,2,4,None,Individual,1
16,4,13,None,Individual,1
16,3,3,None,Individual,1
16,2,2,None,Individual,1
16,1,2,None,Individual,1
17,3,6,None,Individual,1
17,2,8,None,Individual,1
17,1,6,None,Individual,1
18,3,13,None,Individual,1
18,1,2,None,Individual,1
18,2,5,None,Individual,1
19,3,7,None,Individual,1
19,2,4,None,Individual,1
19,4,2,None,Individual,1
19,1,7,None,Individual,1
20,1,5,None,Individual,1
20,2,7,None,Individual,1
20,3,8,None,Individual,1
21,2,12,None,Individual,1
21,3,6,None,Individual,1
21,1,2,None,Individual,1
22,2,7,None,Individual,1
22,3,3,None,Individual,1
22,1,10,None,Individual,1
23,2,4,None,Individual,1
23,3,14,None,Individual,1
23,1,2,None,Individual,1
24,1,5,None,Individual,1
24,3,10,None,Individual,1
24,2,5,None,Individual,1
25,2,11,None,Individual,1
25,4,4,None,Individual,1
25,3,3,None,Individual,1
25,1,2,None,Individual,1
26,1,7,None,Individual,1
26,2,4,None,Individual,1
26,4,3,None,Individual,1
26,3,6,None,Individual,1
27,2,7,None,Individual,1
27,3,4,None,Individual,1
27,1,7,None,Individual,1
27,4,1,None,Individual,1
27,5,1,None,Individual,1
28,3,6,None,Individual,1
28,1,2,None,Individual,1
28,2,11,None,Individual,1
28,4,1,None,Individual,1
29,2,4,None,Individual,1
29,1,11,None,Individual,1
29,3,1,None,Individual,1
29,4,1,None,Individual,1
29,5,1,None,Individual,1
29,6,1,None,Individual,1
29,7,1,None,Individual,1
30,2,9,None,Individual,1
30,1,11,None,Individual,1
31,2,10,None,Individual,1
31,1,10,None,Individual,1
32,2,8,None,Individual,1
32,1,12,None,Individual,1
33,4,4,None,Individual,1
33,3,3,None,Individual,1
33,1,7,None,Individual,1
33,5,1,None,Individual,1
33,6,1,None,Individual,1
33,7,1,None,Individual,1
33,8,1,None,Individual,1
33,2,2,None,Individual,1
34,2,9,None,Individual,1
34,3,4,None,Individual,1
34,4,2,None,Individual,1
34,1,2,None,Individual,1
34,5,1,None,Individual,1
34,6,1,None,Individual,1
34,7,1,None,Individual,1
35,4,4,None,Individual,1
35,3,7,None,Individual,1
35,1,7,None,Individual,1
35,2,2,None,Individual,1
36,3,3,None,Individual,1
36,1,10,None,Individual,1
36,4,1,None,Individual,1
36,2,4,None,Individual,1
36,5,1,None,Individual,1
36,6,1,None,Individual,1
37,2,9,None,Individual,1
37,3,9,None,Individual,1
37,1,2,None,Individual,1
38,2,14,None,Individual,1
38,1,6,None,Individual,1
39,3,11,None,Individual,1
39,2,5,None,Individual,1
39,4,1,None,Individual,1
39,1,2,None,Individual,1
39,5,1,None,Individual,1
40,2,13,None,Individual,1
40,1,7,None,Individual,1
41,1,11,None,Individual,1
41,3,4,None,Individual,1
41,2,2,None,Individual,1
41,4,1,None,Individual,1
41,5,1,None,Individual,1
41,6,1,None,Individual,1
42,2,9,None,Individual,1
42,1,11,None,Individual,1
43,2,6,None,Individual,1
43,1,5,None,Individual,1
43,3,9,None,Individual,1
44,3,4,None,Individual,1
44,1,7,None,Individual,1
44,2,6,None,Individual,1
44,4,3,None,Individual,1
45,4,6,None,Individual,1
45,3,4,None,Individual,1
45,1,4,None,Individual,1
45,2,6,None,Individual,1
46,1,11,None,Individual,1
46,2,9,None,Individual,1
47,2,7,None,Individual,1
47,1,9,None,Individual,1
47,3,4,None,Individual,1
48,2,2,None,Individual,1
48,1,7,None,Individual,1
48,3,11,None,Individual,1
49,2,7,None,Individual,1
49,4,6,None,Individual,1
49,1,4,None,Individual,1
49,3,3,None,Individual,1
50,1,8,None,Individual,1
50,3,1,None,Individual,1
50,4,1,None,Individual,1
50,5,1,None,Individual,1
50,6,1,None,Individual,1
50,2,7,None,Individual,1
50,7,1,None,Individual,1
51,2,7,None,Individual,2
51,1,5,None,Individual,2
51,4,1,None,Individual,2
51,5,1,None,Individual,2
51,3,6,None,Individual,2
52,2,5,None,Individual,2
52,4,5,None,Individual,2
52,5,5,None,Individual,2
52,3,2,None,Individual,2
52,1,2,None,Individual,2
52,6,1,None,Individual,2
53,2,11,None,Individual,2
53,1,6,None,Individual,2
53,3,1,None,Individual,2
53,4,1,None,Individual,2
53,5,1,None,Individual,2
54,2,10,None,Individual,2
54,1,3,None,Individual,2
54,4,4,None,Individual,2
54,3,3,None,Individual,2
55,2,3,None,Individual,2
55,3,4,None,Individual,2
55,5,3,None,Individual,2
55,4,3,None,Individual,2
55,6,3,None,Individual,2
55,7,1,None,Individual,2
55,1,2,None,Individual,2
55,8,1,None,Individual,2
56,3,9,None,Individual,2
56,4,4,None,Individual,2
56,1,2,None,Individual,2
56,2,5,None,Individual,2
57,1,5,None,Individual,2
57,4,2,None,Individual,2
57,3,5,None,Individual,2
57,2,8,None,Individual,2
58,2,18,None,Individual,2
58,1,2,None,Individual,2
59,1,8,None,Individual,2
59,3,8,None,Individual,2
59,2,4,None,Individual,2
60,1,6,None,Individual,2
60,3,4,None,Individual,2
60,2,5,None,Individual,2
60,4,5,None,Individual,2
61,3,11,None,Individual,2
61,4,1,None,Individual,2
61,1,2,None,Individual,2
61,5,1,None,Individual,2
61,6,1,None,Individual,2
61,2,2,None,Individual,2
61,7,1,None,Individual,2
61,8,1,None,Individual,2
62,4,4,None,Individual,2
62,2,5,None,Individual,2
62,3,3,None,Individual,2
62,1,8,None,Individual,2
63,1,3,None,Individual,2
63,3,2,None,Individual,2
63,5,1,None,Individual,2
63,2,11,None,Individual,2
63,4,3,None,Individual,2
64,1,8,None,Individual,2
64,3,4,None,Individual,2
64,2,8,None,Individual,2
65,1,2,None,Individual,2
65,3,5,None,Individual,2
65,4,2,None,Individual,2
65,2,11,None,Individual,2
66,2,10,None,Individual,2
66,1,10,None,Individual,2
67,2,6,None,Individual,2
67,5,1,None,Individual,2
67,3,4,None,Individual,2
67,1,4,None,Individual,2
67,4,3,None,Individual,2
67,6,1,None,Individual,2
67,7,1,None,Individual,2
68,4,1,None,Individual,2
68,1,8,None,Individual,2
68,2,2,None,Individual,2
68,5,1,None,Individual,2
68,6,1,None,Individual,2
68,7,1,None,Individual,2
68,3,5,None,Individual,2
68,8,1,None,Individual,2
69,3,6,None,Individual,2
69,1,7,None,Individual,2
69,2,7,None,Individual,2
70,1,8,None,Individual,2
70,4,4,None,Individual,2
70,3,5,None,Individual,2
70,2,3,None,Individual,2
71,2,9,None,Individual,2
71,1,8,None,Individual,2
71,3,3,None,Individual,2
72,4,4,None,Individual,2
72,3,4,None,Individual,2
72,1,7,None,Individual,2
72,2,2,None,Individual,2
72,5,1,None,Individual,2
72,6,1,None,Individual,2
72,7,1,None,Individual,2
73,2,12,None,Individual,2
73,3,6,None,Individual,2
73,1,2,None,Individual,2
74,1,6,None,Individual,2
74,2,10,None,Individual,2
74,3,1,None,Individual,2
74,4,1,None,Individual,2
74,5,1,None,Individual,2
74,6,1,None,Individual,2
75,2,11,None,Individual,2
75,4,3,None,Individual,2
75,1,4,None,Individual,2
75,3,2,None,Individual,2
76,1,2,None,Individual,2
76,2,18,None,Individual,2
77,3,10,None,Individual,2
77,1,2,None,Individual,2
77,2,3,None,Individual,2
77,4,3,None,Individual,2
77,5,1,None,Individual,2
77,6,1,None,Individual,2
78,2,11,None,Individual,2
78,1,9,None,Individual,2
79,2,15,None,Individual,2
79,1,4,None,Individual,2
79,3,1,None,Individual,2
80,2,7,None,Individual,2
80,3,3,None,Individual,2
80,4,4,None,Individual,2
80,5,3,None,Individual,2
80,1,3,None,Individual,2
81,2,9,None,Individual,2
81,4,5,None,Individual,2
81,3,3,None,Individual,2
81,1,3,None,Individual,2
82,1,8,None,Individual,2
82,2,12,None,Individual,2
83,2,12,None,Individual,2
83,3,6,None,Individual,2
83,1,2,None,Individual,2
84,2,13,None,Individual,2
84,3,5,None,Individual,2
84,1,2,None,Individual,2
85,3,4,None,Individual,2
85,2,9,None,Individual,2
85,1,7,None,Individual,2
86,4,6,None,Individual,2
86,1,5,None,Individual,2
86,2,3,None,Individual,2
86,5,3,None,Individual,2
86,3,3,None,Individual,2
87,1,8,None,Individual,2
87,2,3,None,Individual,2
87,3,9,None,Individual,2
88,3,9,None,Individual,2
88,1,6,None,Individual,2
88,2,5,None,Individual,2
89,1,10,None,Individual,2
89,3,5,None,Individual,2
89,2,2,None,Individual,2
89,4,1,None,Individual,2
89,5,1,None,Individual,2
89,6,1,None,Individual,2
90,2,7,None,Individual,2
90,1,9,None,Individual,2
90,3,4,None,Individual,2
91,1,14,None,Individual,2
91,2,1,None,Individual,2
91,3,1,None,Individual,2
91,4,1,None,Individual,2
91,5,1,None,Individual,2
91,6,1,None,Individual,2
91,7,1,None,Individual,2
92,2,10,None,Individual,2
92,1,10,None,Individual,2
93,2,11,None,Individual,2
93,3,7,None,Individual,2
93,1,2,None,Individual,2
94,1,6,None,Individual,2
94,2,4,None,Individual,2
94,3,10,None,Individual,2
95,2,17,None,Individual,2
95,1,3,None,Individual,2
96,2,11,None,Individual,2
96,4,1,None,Individual,2
96,3,2,None,Individual,2
96,1,2,None,Individual,2
96,5,1,None,Individual,2
96,6,1,None,Individual,2
96,7,1,None,Individual,2
96,8,1,None,Individual,2
97,2,14,None,Individual,2
97,1,6,None,Individual,2
98,2,10,None,Individual,2
98,1,10,None,Individual,2
99,1,9,None,Individual,2
99,2,9,None,Individual,2
99,3,1,None,Individual,2
99,4,1,None,Individual,2
100,1,11,None,Individual,2
100,4,1,None,Individual,2
100,3,4,None,Individual,2
100,5,1,None,Individual,2
100,2,3,None,Individual,2
101,4,6,None,Individual,3
101,1,8,None,Individual,3
101,3,4,None,Individual,3
101,2,2,None,Individual,3
102,2,10,None,Individual,3
102,3,6,None,Individual,3
102,1,4,None,Individual,3
103,2,8,None,Individual,3
103,3,4,None,Individual,3
103,1,6,None,Individual,3
103,4,1,None,Individual,3
103,5,1,None,Individual,3
104,3,8,None,Individual,3
104,2,5,None,Individual,3
104,1,7,None,Individual,3
105,1,6,None,Individual,3
105,4,8,None,Individual,3
105,3,3,None,Individual,3
105,5,1,None,Individual,3
105,2,2,None,Individual,3
106,2,3,None,Individual,3
106,4,1,None,Individual,3
106,1,8,None,Individual,3
106,3,6,None,Individual,3
106,5,1,None,Individual,3
106,6,1,None,Individual,3
107,2,7,None,Individual,3
107,1,13,None,Individual,3
108,2,6,None,Individual,3
108,1,14,None,Individual,3
109,1,10,None,Individual,3
109,2,3,None,Individual,3
109,3,7,None,Individual,3
110,1,2,None,Individual,3
110,2,16,None,Individual,3
110,3,1,None,Individual,3
110,4,1,None,Individual,3
111,5,1,None,Individual,3
111,3,7,None,Individual,3
111,2,5,None,Individual,3
111,4,4,None,Individual,3
111,1,2,None,Individual,3
111,6,1,None,Individual,3
112,1,9,None,Individual,3
112,3,1,None,Individual,3
112,4,1,None,Individual,3
112,2,6,None,Individual,3
112,5,1,None,Individual,3
112,6,1,None,Individual,3
112,7,1,None,Individual,3
113,2,9,None,Individual,3
113,3,9,None,Individual,3
113,1,2,None,Individual,3
114,3,5,None,Individual,3
114,2,12,None,Individual,3
114,1,3,None,Individual,3
115,6,3,None,Individual,3
115,5,3,None,Individual,3
115,2,3,None,Individual,3
115,1,3,None,Individual,3
115,4,3,None,Individual,3
115,3,5,None,Individual,3
116,2,10,None,Individual,3
116,3,8,None,Individual,3
116,1,2,None,Individual,3
117,3,2,None,Individual,3
117,6,1,None,Individual,3
117,7,1,None,Individual,3
117,8,1,None,Individual,3
117,5,3,None,Individual,3
117,9,1,None,Individual,3
117,2,5,None,Individual,3
117,4,3,None,Individual,3
117,1,3,None,Individual,3
118,3,8,None,Individual,3
118,1,5,None,Individual,3
118,2,7,None,Individual,3
119,2,9,None,Individual,3
119,1,11,None,Individual,3
120,1,12,None,Individual,3
120,3,2,None,Individual,3
120,2,6,None,Individual,3
121,2,8,None,Individual,3
121,1,4,None,Individual,3
121,4,6,None,Individual,3
121,3,2,None,Individual,3
122,1,6,None,Individual,3
122,2,3,None,Individual,3
122,3,11,None,Individual,3
123,2,7,None,Individual,3
123,5,1,None,Individual,3
123,4,3,None,Individual,3
123,3,3,None,Individual,3
123,1,5,None,Individual,3
123,6,1,None,Individual,3
124,3,4,None,Individual,3
124,2,5,None,Individual,3
124,4,4,None,Individual,3
124,1,7,None,Individual,3
125,3,8,None,Individual,3
125,2,10,None,Individual,3
125,1,2,None,Individual,3
126,2,18,None,Individual,3
126,1,2,None,Individual,3
127,3,1,None,Individual,3
127,4,1,None,Individual,3
127,5,1,None,Individual,3
127,2,8,None,Individual,3
127,6,1,None,Individual,3
127,7,1,None,Individual,3
127,1,7,None,Individual,3
128,3,6,None,Individual,3
128,2,12,None,Individual,3
128,1,2,None,Individual,3
129,2,15,None,Individual,3
129,1,5,None,Individual,3
130,1,9,None,Individual,3
130,2,11,None,Individual,3
131,3,13,None,Individual,3
131,1,5,None,Individual,3
131,2,2,None,Individual,3
132,3,7,None,Individual,3
132,1,8,None,Individual,3
132,2,5,None,Individual,3
133,2,11,None,Individual,3
133,1,9,None,Individual,3
134,5,5,None,Individual,3
134,1,5,None,Individual,3
134,3,4,None,Individual,3
134,4,4,None,Individual,3
134,2,2,None,Individual,3
135,1,11,None,Individual,3
135,2,9,None,Individual,3
136,3,6,None,Individual,3
136,2,8,None,Individual,3
136,1,4,None,Individual,3
136,4,2,None,Individual,3
137,2,11,None,Individual,3
137,1,4,None,Individual,3
137,3,5,None,Individual,3
138,2,13,None,Individual,3
138,1,7,None,Individual,3
139,5,3,None,Individual,3
139,3,5,None,Individual,3
139,1,7,None,Individual,3
139,4,3,None,Individual,3
139,2,2,None,Individual,3
140,1,11,None,Individual,3
140,3,3,None,Individual,3
140,2,3,None,Individual,3
140,4,1,None,Individual,3
140,5,1,None,Individual,3
140,6,1,None,Individual,3
141,1,9,None,Individual,3
141,2,11,None,Individual,3
142,1,11,None,Individual,3
142,2,9,None,Individual,3
143,2,18,None,Individual,3
143,1,2,None,Individual,3
144,5,1,None,Individual,3
144,2,7,None,Individual,3
144,1,2,None,Individual,3
144,3,4,None,Individual,3
144,6,1,None,Individual,3
144,4,4,None,Individual,3
144,7,1,None,Individual,3
145,1,10,None,Individual,3
145,2,10,None,Individual,3
146,4,3,None,Individual,3
146,2,4,None,Individual,3
146,1,4,None,Individual,3
146,5,2,None,Individual,3
146,3,4,None,Individual,3
146,6,1,None,Individual,3
146,7,1,None,Individual,3
146,8,1,None,Individual,3
147,3,10,None,Individual,3
147,1,3,None,Individual,3
147,4,2,None,Individual,3
147,2,5,None,Individual,3
148,2,5,None,Individual,3
148,1,7,None,Individual,3
148,3,8,None,Individual,3
149,3,10,None,Individual,3
149,1,3,None,Individual,3
149,2,6,None,Individual,3
149,4,1,None,Individual,3
150,2,4,None,Individual,3
150,3,8,None,Individual,3
150,1,4,None,Individual,3
150,4,4,None,Individual,3
151,2,16,None,Individual,4
151,1,4,None,Individual,4
152,1,6,None,Individual,4
152,3,9,None,Individual,4
152,2,5,None,Individual,4
153,1,10,None,Individual,4
153,2,7,None,Individual,4
153,3,2,None,Individual,4
153,4,1,None,Individual,4
154,1,8,None,Individual,4
154,3,8,None,Individual,4
154,2,4,None,Individual,4
155,1,8,None,Individual,4
155,2,6,None,Individual,4
155,3,6,None,Individual,4
156,1,14,None,Individual,4
156,2,6,None,Individual,4
157,2,8,None,Individual,4
157,3,4,None,Individual,4
157,4,1,None,Individual,4
157,5,1,None,Individual,4
157,6,1,None,Individual,4
157,1,4,None,Individual,4
157,7,1,None,Individual,4
158,1,9,None,Individual,4
158,2,11,None,Individual,4
159,3,11,None,Individual,4
159,1,4,None,Individual,4
159,2,4,None,Individual,4
159,4,1,None,Individual,4
160,4,4,None,Individual,4
160,2,4,None,Individual,4
160,3,10,None,Individual,4
160,1,2,None,Individual,4
161,2,11,None,Individual,4
161,1,3,None,Individual,4
161,3,4,None,Individual,4
161,4,1,None,Individual,4
161,5,1,None,Individual,4
162,4,5,None,Individual,4
162,3,8,None,Individual,4
162,1,5,None,Individual,4
162,2,2,None,Individual,4
163,2,6,None,Individual,4
163,1,6,None,Individual,4
163,4,1,None,Individual,4
163,3,5,None,Individual,4
163,5,1,None,Individual,4
163,6,1,None,Individual,4
164,3,10,None,Individual,4
164,2,4,None,Individual,4
164,1,5,None,Individual,4
164,4,1,None,Individual,4
165,2,16,None,Individual,4
165,3,1,None,Individual,4
165,1,2,None,Individual,4
165,4,1,None,Individual,4
166,3,9,None,Individual,4
166,4,3,None,Individual,4
166,1,6,None,Individual,4
166,2,2,None,Individual,4
167,2,15,None,Individual,4
167,1,2,None,Individual,4
167,3,3,None,Individual,4
168,2,4,None,Individual,4
168,1,11,None,Individual,4
168,3,5,None,Individual,4
169,3,5,None,Individual,4
169,1,7,None,Individual,4
169,2,8,None,Individual,4
170,3,4,None,Individual,4
170,2,5,None,Individual,4
170,4,9,None,Individual,4
170,1,2,None,Individual,4
171,3,4,None,Individual,4
171,2,10,None,Individual,4
171,1,6,None,Individual,4
172,3,12,None,Individual,4
172,2,5,None,Individual,4
172,1,3,None,Individual,4
173,1,3,None,Individual,4
173,3,12,None,Individual,4
173,2,4,None,Individual,4
173,4,1,None,Individual,4
174,4,5,None,Individual,4
174,3,4,None,Individual,4
174,1,2,None,Individual,4
174,2,9,None,Individual,4
175,1,6,None,Individual,4
175,2,3,None,Individual,4
175,3,11,None,Individual,4
176,1,10,None,Individual,4
176,2,10,None,Individual,4
177,2,12,None,Individual,4
177,1,2,None,Individual,4
177,3,6,None,Individual,4
178,1,6,None,Individual,4
178,3,10,None,Individual,4
178,2,4,None,Individual,4
179,3,4,None,Individual,4
179,4,1,None,Individual,4
179,1,2,None,Individual,4
179,5,1,None,Individual,4
179,2,10,None,Individual,4
179,6,1,None,Individual,4
179,7,1,None,Individual,4
180,1,6,None,Individual,4
180,2,12,None,Individual,4
180,3,1,None,Individual,4
180,4,1,None,Individual,4
181,2,8,None,Individual,4
181,1,12,None,Individual,4
182,3,16,None,Individual,4
182,2,2,None,Individual,4
182,1,2,None,Individual,4
183,3,5,None,Individual,4
183,2,8,None,Individual,4
183,1,7,None,Individual,4
184,3,1,None,Individual,4
184,1,11,None,Individual,4
184,4,1,None,Individual,4
184,5,1,None,Individual,4
184,2,6,None,Individual,4
185,1,9,None,Individual,4
185,2,11,None,Individual,4
186,1,7,None,Individual,4
186,3,8,None,Individual,4
186,2,5,None,Individual,4
187,4,5,None,Individual,4
187,3,5,None,Individual,4
187,2,3,None,Individual,4
187,1,7,None,Individual,4
188,1,9,None,Individual,4
188,2,6,None,Individual,4
188,3,5,None,Individual,4
189,2,18,None,Individual,4
189,1,2,None,Individual,4
190,2,2,None,Individual,4
190,3,10,None,Individual,4
190,4,5,None,Individual,4
190,1,3,None,Individual,4
191,1,7,None,Individual,4
191,2,9,None,Individual,4
191,3,4,None,Individual,4
192,3,2,None,Individual,4
192,2,6,None,Individual,4
192,1,4,None,Individual,4
192,4,8,None,Individual,4
193,1,3,None,Individual,4
193,4,5,None,Individual,4
193,5,3,None,Individual,4
193,3,2,None,Individual,4
193,2,7,None,Individual,4
194,4,4,None,Individual,4
194,3,4,None,Individual,4
194,1,2,None,Individual,4
194,2,10,None,Individual,4
195,1,12,None,Individual,4
195,2,8,None,Individual,4
196,2,9,None,Individual,4
196,1,3,None,Individual,4
196,3,8,None,Individual,4
197,3,3,None,Individual,4
197,4,5,None,Individual,4
197,1,7,None,Individual,4
197,2,5,None,Individual,4
198,2,5,None,Individual,4
198,1,3,None,Individual,4
198,3,7,None,Individual,4
198,4,5,None,Individual,4
199,2,7,None,Individual,4
199,1,9,None,Individual,4
199,3,2,None,Individual,4
199,4,1,None,Individual,4
199,5,1,None,Individual,4
200,2,18,None,Individual,4
200,1,2,None,Individual,4
1,1,10,None,None,1
1,2,10,None,None,1
2,2,10,None,None,1
2,1,4,None,None,1
2,3,6,None,None,1
3,2,10,None,None,1
3,3,4,None,None,1
3,1,6,None,None,1
4,3,7,None,None,1
4,1,7,None,None,1
4,2,4,None,None,1
4,4,1,None,None,1
4,5,1,None,None,1
5,2,9,None,None,1
5,1,6,None,None,1
5,3,5,None,None,1
6,1,5,None,None,1
6,4,2,None,None,1
6,2,4,None,None,1
6,3,6,None,None,1
6,5,2,None,None,1
6,6,1,None,None,1
7,2,5,None,None,1
7,3,11,None,None,1
7,1,4,None,None,1
8,1,6,None,None,1
8,2,4,None,None,1
8,3,6,None,None,1
8,4,4,None,None,1
9,3,7,None,None,1
9,2,11,None,None,1
9,1,2,None,None,1
10,2,6,None,None,1
10,3,6,None,None,1
10,1,7,None,None,1
10,4,1,None,None,1
11,3,8,None,None,1
11,2,5,None,None,1
11,1,7,None,None,1
12,4,4,None,None,1
12,2,8,None,None,1
12,1,5,None,None,1
12,3,3,None,None,1
13,1,9,None,None,1
13,2,11,None,None,1
14,1,11,None,None,1
14,2,8,None,None,1
14,3,1,None,None,1
15,1,6,None,None,1
15,3,1,None,None,1
15,2,8,None,None,1
15,4,1,None,None,1
15,5,1,None,None,1
15,6,1,None,None,1
15,7,1,None,None,1
15,8,1,None,None,1
16,2,13,None,None,1
16,1,5,None,None,1
16,3,1,None,None,1
16,4,1,None,None,1
17,1,11,None,None,1
17,2,5,None,None,1
17,3,3,None,None,1
17,4,1,None,None,1
18,3,6,None,None,1
18,5,5,None,None,1
18,4,3,None,None,1
18,1,2,None,None,1
18,2,4,None,None,1
19,1,10,None,None,1
19,2,10,None,None,1
20,3,12,None,None,1
20,2,2,None,None,1
20,1,6,None,None,1
21,2,7,None,None,1
21,1,7,None,None,1
21,3,6,None,None,1
22,2,7,None,None,1
22,3,6,None,None,1
22,4,1,None,None,1
22,1,4,None,None,1
22,5,1,None,None,1
22,6,1,None,None,1
23,1,7,None,None,1
23,4,3,None,None,1
23,2,5,None,None,1
23,3,5,None,None,1
24,2,10,None,None,1
24,1,6,None,None,1
24,3,1,None,None,1
24,4,1,None,None,1
24,5,1,None,None,1
24,6,1,None,None,1
25,3,7,None,None,1
25,2,8,None,None,1
25,4,1,None,None,1
25,5,1,None,None,1
25,6,1,None,None,1
25,1,2,None,None,1
26,1,8,None,None,1
26,4,1,None,None,1
26,2,5,None,None,1
26,3,4,None,None,1
26,5,1,None,None,1
26,6,1,None,None,1
27,1,7,None,None,1
27,2,8,None,None,1
27,3,5,None,None,1
28,1,9,None,None,1
28,2,11,None,None,1
29,2,4,None,None,1
29,5,4,None,None,1
29,3,4,None,None,1
29,4,6,None,None,1
29,1,2,None,None,1
30,2,13,None,None,1
30,1,7,None,None,1
31,2,18,None,None,1
31,1,2,None,None,1
32,2,7,None,None,1
32,1,9,None,None,1
32,3,3,None,None,1
32,4,1,None,None,1
33,1,6,None,None,1
33,3,4,None,None,1
33,5,4,None,None,1
33,2,4,None,None,1
33,4,2,None,None,1
34,1,4,None,None,1
34,4,6,None,None,1
34,3,2,None,None,1
34,2,6,None,None,1
34,5,2,None,None,1
35,1,2,None,None,1
35,3,5,None,None,1
35,4,3,None,None,1
35,2,3,None,None,1
35,5,4,None,None,1
35,6,1,None,None,1
35,7,1,None,None,1
35,8,1,None,None,1
36,4,9,None,None,1
36,1,4,None,None,1
36,2,3,None,None,1
36,3,4,None,None,1
37,3,3,None,None,1
37,2,5,None,None,1
37,1,9,None,None,1
37,4,1,None,None,1
37,5,1,None,None,1
37,6,1,None,None,1
38,1,6,None,None,1
38,2,14,None,None,1
39,2,11,None,None,1
39,3,7,None,None,1
39,1,2,None,None,1
40,3,4,None,None,1
40,1,9,None,None,1
40,2,5,None,None,1
40,4,1,None,None,1
40,5,1,None,None,1
41,3,6,None,None,1
41,1,8,None,None,1
41,2,4,None,None,1
41,4,1,None,None,1
41,5,1,None,None,1
42,3,11,None,None,1
42,1,7,None,None,1
42,2,2,None,None,1
43,2,16,None,None,1
43,1,4,None,None,1
44,4,1,None,None,1
44,3,3,None,None,1
44,1,8,None,None,1
44,5,1,None,None,1
44,6,1,None,None,1
44,7,1,None,None,1
44,8,1,None,None,1
44,2,3,None,None,1
44,9,1,None,None,1
45,2,12,None,None,1
45,1,8,None,None,1
46,1,12,None,None,1
46,4,2,None,None,1
46,2,4,None,None,1
46,3,2,None,None,1
47,2,11,None,None,1
47,3,6,None,None,1
47,1,3,None,None,1
48,3,7,None,None,1
48,2,8,None,None,1
48,1,5,None,None,1
49,2,13,None,None,1
49,1,6,None,None,1
49,3,1,None,None,1
50,1,6,None,None,1
50,2,6,None,None,1
50,3,3,None,None,1
50,5,1,None,None,1
50,4,4,None,None,1
51,4,11,None,None,2
51,2,3,None,None,2
51,3,3,None,None,2
51,1,3,None,None,2
52,2,13,None,None,2
52,1,7,None,None,2
53,1,7,None,None,2
53,3,11,None,None,2
53,2,2,None,None,2
54,1,10,None,None,2
54,2,10,None,None,2
55,1,7,None,None,2
55,4,1,None,None,2
55,2,4,None,None,2
55,5,1,None,None,2
55,3,7,None,None,2
56,2,8,None,None,2
56,1,6,None,None,2
56,3,2,None,None,2
56,4,4,None,None,2
57,2,3,None,None,2
57,4,6,None,None,2
57,1,5,None,None,2
57,5,1,None,None,2
57,3,3,None,None,2
57,6,1,None,None,2
57,7,1,None,None,2
58,3,7,None,None,2
58,2,9,None,None,2
58,1,4,None,None,2
59,1,3,None,None,2
59,3,10,None,None,2
59,2,7,None,None,2
60,1,8,None,None,2
60,3,5,None,None,2
60,2,7,None,None,2
61,4,6,None,None,2
61,1,5,None,None,2
61,2,3,None,None,2
61,5,1,None,None,2
61,6,1,None,None,2
61,7,1,None,None,2
61,3,2,None,None,2
61,8,1,None,None,2
62,1,5,None,None,2
62,5,1,None,None,2
62,4,5,None,None,2
62,6,1,None,None,2
62,2,3,None,None,2
62,3,4,None,None,2
62,7,1,None,None,2
63,2,5,None,None,2
63,3,9,None,None,2
63,1,4,None,None,2
63,4,2,None,None,2
64,4,5,None,None,2
64,2,8,None,None,2
64,1,3,None,None,2
64,3,3,None,None,2
64,5,1,None,None,2
65,2,10,None,None,2
65,1,10,None,None,2
66,2,11,None,None,2
66,3,7,None,None,2
66,1,2,None,None,2
67,1,6,None,None,2
67,4,6,None,None,2
67,2,2,None,None,2
67,3,6,None,None,2
68,3,7,None,None,2
68,2,9,None,None,2
68,1,4,None,None,2
69,2,5,None,None,2
69,1,7,None,None,2
69,3,3,None,None,2
69,4,1,None,None,2
69,5,1,None,None,2
69,6,1,None,None,2
69,7,1,None,None,2
69,8,1,None,None,2
70,2,8,None,None,2
70,3,7,None,None,2
70,1,5,None,None,2
71,1,8,None,None,2
71,3,2,None,None,2
71,2,10,None,None,2
72,4,5,None,None,2
72,1,4,None,None,2
72,7,1,None,None,2
72,2,3,None,None,2
72,5,2,None,None,2
72,6,2,None,None,2
72,3,3,None,None,2
73,2,12,None,None,2
73,1,2,None,None,2
73,3,6,None,None,2
74,2,11,None,None,2
74,1,9,None,None,2
75,2,9,None,None,2
75,3,3,None,None,2
75,1,8,None,None,2
76,3,10,None,None,2
76,1,5,None,None,2
76,2,4,None,None,2
76,4,1,None,None,2
77,4,1,None,None,2
77,1,6,None,None,2
77,2,5,None,None,2
77,3,6,None,None,2
77,5,1,None,None,2
77,6,1,None,None,2
78,3,8,None,None,2
78,1,2,None,None,2
78,2,10,None,None,2
79,3,8,None,None,2
79,1,4,None,None,2
79,2,5,None,None,2
79,4,1,None,None,2
79,5,1,None,None,2
79,6,1,None,None,2
80,1,9,None,None,2
80,2,11,None,None,2
81,1,11,None,None,2
81,3,4,None,None,2
81,2,5,None,None,2
82,2,8,None,None,2
82,3,4,None,None,2
82,1,6,None,None,2
82,4,1,None,None,2
82,5,1,None,None,2
83,3,10,None,None,2
83,1,7,None,None,2
83,2,3,None,None,2
84,4,1,None,None,2
84,3,8,None,None,2
84,2,7,None,None,2
84,1,2,None,None,2
84,5,1,None,None,2
84,6,1,None,None,2
85,3,2,None,None,2
85,2,6,None,None,2
85,4,7,None,None,2
85,1,5,None,None,2
86,1,7,None,None,2
86,3,10,None,None,2
86,2,3,None,None,2
87,2,5,None,None,2
87,4,10,None,None,2
87,5,1,None,None,2
87,3,2,None,None,2
87,1,2,None,None,2
88,1,13,None,None,2
88,2,7,None,None,2
89,3,14,None,None,2
89,2,2,None,None,2
89,1,4,None,None,2
90,3,8,None,None,2
90,2,10,None,None,2
90,1,2,None,None,2
91,3,8,None,None,2
91,2,7,None,None,2
91,1,4,None,None,2
91,4,1,None,None,2
92,2,10,None,None,2
92,1,7,None,None,2
92,3,3,None,None,2
93,2,8,None,None,2
93,1,12,None,None,2
94,3,9,None,None,2
94,1,6,None,None,2
94,2,3,None,None,2
94,4,1,None,None,2
94,5,1,None,None,2
95,3,2,None,None,2
95,4,4,None,None,2
95,1,8,None,None,2
95,2,3,None,None,2
95,5,1,None,None,2
95,6,1,None,None,2
95,7,1,None,None,2
96,1,5,None,None,2
96,4,3,None,None,2
96,3,6,None,None,2
96,5,1,None,None,2
96,2,5,None,None,2
97,3,9,None,None,2
97,2,4,None,None,2
97,1,7,None,None,2
98,2,9,None,None,2
98,1,11,None,None,2
99,3,7,None,None,2
99,4,6,None,None,2
99,2,2,None,None,2
99,1,4,None,None,2
99,5,1,None,None,2
100,1,6,None,None,2
100,2,11,None,None,2
100,3,1,None,None,2
100,4,1,None,None,2
100,5,1,None,None,2
101,3,10,None,None,3
101,2,4,None,None,3
101,1,6,None,None,3
102,4,10,None,None,3
102,1,4,None,None,3
102,2,4,None,None,3
102,3,2,None,None,3
103,2,6,None,None,3
103,4,5,None,None,3
103,3,7,None,None,3
103,1,2,None,None,3
104,1,5,None,None,3
104,4,6,None,None,3
104,2,6,None,None,3
104,3,3,None,None,3
105,2,9,None,None,3
105,3,9,None,None,3
105,1,2,None,None,3
106,1,2,None,None,3
106,2,9,None,None,3
106,3,9,None,None,3
107,3,4,None,None,3
107,2,12,None,None,3
107,1,2,None,None,3
107,4,1,None,None,3
107,5,1,None,None,3
108,3,15,None,None,3
108,2,3,None,None,3
108,1,2,None,None,3
109,2,11,None,None,3
109,1,9,None,None,3
110,1,10,None,None,3
110,2,10,None,None,3
111,4,1,None,None,3
111,1,3,None,None,3
111,3,9,None,None,3
111,2,4,None,None,3
111,5,1,None,None,3
111,6,1,None,None,3
111,7,1,None,None,3
112,2,9,None,None,3
112,1,4,None,None,3
112,3,7,None,None,3
113,2,5,None,None,3
113,1,4,None,None,3
113,3,4,None,None,3
113,4,6,None,None,3
113,5,1,None,None,3
114,2,4,None,None,3
114,1,8,None,None,3
114,3,8,None,None,3
115,2,9,None,None,3
115,3,6,None,None,3
115,4,1,None,None,3
115,5,1,None,None,3
115,1,2,None,None,3
115,6,1,None,None,3
116,4,4,None,None,3
116,1,2,None,None,3
116,3,7,None,None,3
116,2,7,None,None,3
117,2,16,None,None,3
117,1,4,None,None,3
118,2,14,None,None,3
118,3,4,None,None,3
118,1,2,None,None,3
119,3,9,None,None,3
119,2,8,None,None,3
119,1,3,None,None,3
120,4,7,None,None,3
120,1,2,None,None,3
120,2,2,None,None,3
120,3,9,None,None,3
121,1,8,None,None,3
121,2,8,None,None,3
121,3,1,None,None,3
121,4,1,None,None,3
121,5,1,None,None,3
121,6,1,None,None,3
122,2,9,None,None,3
122,4,1,None,None,3
122,1,3,None,None,3
122,3,4,None,None,3
122,5,1,None,None,3
122,6,1,None,None,3
122,7,1,None,None,3
123,1,10,None,None,3
123,3,8,None,None,3
123,2,2,None,None,3
124,3,9,None,None,3
124,1,2,None,None,3
124,4,4,None,None,3
124,2,5,None,None,3
125,3,6,None,None,3
125,2,6,None,None,3
125,1,4,None,None,3
125,4,1,None,None,3
125,5,1,None,None,3
125,6,1,None,None,3
125,7,1,None,None,3
126,1,7,None,None,3
126,4,7,None,None,3
126,3,3,None,None,3
126,2,3,None,None,3
127,1,8,None,None,3
127,3,6,None,None,3
127,2,6,None,None,3
128,3,7,None,None,3
128,2,8,None,None,3
128,1,3,None,None,3
128,4,1,None,None,3
128,5,1,None,None,3
129,2,2,None,None,3
129,3,6,None,None,3
129,1,9,None,None,3
129,4,3,None,None,3
130,3,6,None,None,3
130,4,2,None,None,3
130,2,8,None,None,3
130,1,2,None,None,3
130,5,2,None,None,3
131,2,7,None,None,3
131,3,11,None,None,3
131,1,2,None,None,3
132,3,5,None,None,3
132,2,9,None,None,3
132,1,2,None,None,3
132,4,4,None,None,3
133,2,16,None,None,3
133,1,4,None,None,3
134,3,8,None,None,3
134,2,3,None,None,3
134,4,7,None,None,3
134,1,2,None,None,3
135,2,6,None,None,3
135,1,14,None,None,3
136,1,3,None,None,3
136,2,9,None,None,3
136,3,7,None,None,3
136,4,1,None,None,3
137,2,8,None,None,3
137,3,3,None,None,3
137,4,6,None,None,3
137,1,3,None,None,3
138,3,2,None,None,3
138,1,9,None,None,3
138,2,9,None,None,3
139,2,7,None,None,3
139,3,5,None,None,3
139,1,8,None,None,3
140,3,7,None,None,3
140,5,1,None,None,3
140,4,4,None,None,3
140,2,5,None,None,3
140,1,2,None,None,3
140,6,1,None,None,3
141,3,7,None,None,3
141,1,9,None,None,3
141,2,4,None,None,3
142,1,4,None,None,3
142,2,12,None,None,3
142,4,2,None,None,3
142,3,2,None,None,3
143,2,3,None,None,3
143,3,14,None,None,3
143,1,3,None,None,3
144,2,5,None,None,3
144,4,1,None,None,3
144,1,8,None,None,3
144,5,1,None,None,3
144,6,1,None,None,3
144,3,4,None,None,3
145,3,9,None,None,3
145,1,7,None,None,3
145,2,4,None,None,3
146,1,18,None,None,3
146,2,2,None,None,3
147,2,9,None,None,3
147,3,5,None,None,3
147,4,1,None,None,3
147,5,1,None,None,3
147,6,1,None,None,3
147,1,2,None,None,3
147,7,1,None,None,3
148,3,16,None,None,3
148,1,2,None,None,3
148,2,2,None,None,3
149,2,17,None,None,3
149,1,3,None,None,3
150,3,10,None,None,3
150,2,4,None,None,3
150,1,6,None,None,3
151,1,6,None,None,4
151,5,5,None,None,4
151,4,3,None,None,4
151,3,3,None,None,4
151,2,3,None,None,4
152,2,8,None,None,4
152,1,12,None,None,4
153,3,3,None,None,4
153,2,6,None,None,4
153,5,1,None,None,4
153,4,4,None,None,4
153,1,3,None,None,4
153,6,1,None,None,4
153,7,1,None,None,4
153,8,1,None,None,4
154,2,13,None,None,4
154,1,7,None,None,4
155,2,7,None,None,4
155,1,6,None,None,4
155,4,1,None,None,4
155,5,1,None,None,4
155,3,5,None,None,4
156,2,11,None,None,4
156,3,7,None,None,4
156,1,2,None,None,4
157,1,4,None,None,4
157,2,16,None,None,4
158,2,5,None,None,4
158,1,12,None,None,4
158,3,3,None,None,4
159,1,2,None,None,4
159,2,10,None,None,4
159,3,8,None,None,4
160,1,7,None,None,4
160,4,2,None,None,4
160,2,8,None,None,4
160,3,2,None,None,4
160,5,1,None,None,4
161,2,5,None,None,4
161,3,3,None,None,4
161,4,7,None,None,4
161,5,2,None,None,4
161,1,3,None,None,4
162,2,6,None,None,4
162,1,11,None,None,4
162,3,1,None,None,4
162,4,1,None,None,4
162,5,1,None,None,4
163,2,14,None,None,4
163,1,6,None,None,4
164,2,2,None,None,4
164,3,10,None,None,4
164,1,8,None,None,4
165,2,11,None,None,4
165,4,4,None,None,4
165,3,3,None,None,4
165,1,2,None,None,4
166,1,2,None,None,4
166,2,13,None,None,4
166,3,5,None,None,4
167,1,3,None,None,4
167,2,4,None,None,4
167,5,3,None,None,4
167,4,3,None,None,4
167,6,3,None,None,4
167,3,4,None,None,4
168,1,9,None,None,4
168,2,3,None,None,4
168,3,8,None,None,4
169,1,5,None,None,4
169,3,4,None,None,4
169,4,5,None,None,4
169,2,6,None,None,4
170,2,15,None,None,4
170,1,5,None,None,4
171,1,2,None,None,4
171,4,4,None,None,4
171,2,6,None,None,4
171,3,2,None,None,4
171,5,3,None,None,4
171,6,3,None,None,4
172,3,7,None,None,4
172,1,10,None,None,4
172,2,3,None,None,4
173,3,12,None,None,4
173,1,6,None,None,4
173,2,2,None,None,4
174,1,6,None,None,4
174,3,5,None,None,4
174,5,1,None,None,4
174,6,1,None,None,4
174,2,4,None,None,4
174,4,2,None,None,4
174,7,1,None,None,4
175,2,18,None,None,4
175,1,2,None,None,4
176,2,18,None,None,4
176,1,2,None,None,4
177,4,3,None,None,4
177,3,7,None,None,4
177,1,4,None,None,4
177,5,1,None,None,4
177,2,3,None,None,4
177,6,1,None,None,4
177,7,1,None,None,4
178,3,3,None,None,4
178,1,5,None,None,4
178,2,12,None,None,4
179,3,4,None,None,4
179,1,8,None,None,4
179,2,3,None,None,4
179,4,5,None,None,4
180,2,12,None,None,4
180,1,8,None,None,4
181,1,8,None,None,4
181,2,4,None,None,4
181,4,4,None,None,4
181,3,4,None,None,4
182,1,11,None,None,4
182,2,9,None,None,4
183,2,4,None,None,4
183,3,5,None,None,4
183,1,10,None,None,4
183,4,1,None,None,4
184,4,2,None,None,4
184,3,11,None,None,4
184,2,2,None,None,4
184,5,1,None,None,4
184,1,2,None,None,4
184,6,1,None,None,4
184,7,1,None,None,4
185,3,7,None,None,4
185,1,3,None,None,4
185,2,8,None,None,4
185,4,1,None,None,4
185,5,1,None,None,4
186,3,8,None,None,4
186,2,7,None,None,4
186,1,2,None,None,4
186,4,3,None,None,4
187,3,13,None,None,4
187,1,2,None,None,4
187,2,5,None,None,4
188,2,10,None,None,4
188,1,10,None,None,4
189,2,5,None,None,4
189,4,6,None,None,4
189,3,4,None,None,4
189,1,5,None,None,4
190,5,5,None,None,4
190,2,3,None,None,4
190,4,7,None,None,4
190,3,3,None,None,4
190,1,2,None,None,4
191,2,4,None,None,4
191,4,5,None,None,4
191,3,9,None,None,4
191,1,2,None,None,4
192,5,1,None,None,4
192,1,3,None,None,4
192,2,7,None,None,4
192,6,1,None,None,4
192,3,4,None,None,4
192,4,4,None,None,4
193,2,9,None,None,4
193,3,9,None,None,4
193,1,2,None,None,4
194,2,7,None,None,4
194,3,7,None,None,4
194,4,1,None,None,4
194,1,4,None,None,4
194,5,1,None,None,4
195,1,4,None,None,4
195,5,1,None,None,4
195,4,3,None,None,4
195,6,1,None,None,4
195,2,3,None,None,4
195,3,3,None,None,4
195,7,1,None,None,4
195,8,1,None,None,4
195,9,1,None,None,4
195,10,1,None,None,4
195,11,1,None,None,4
196,1,17,None,None,4
196,2,3,None,None,4
197,2,12,None,None,4
197,3,6,None,None,4
197,1,2,None,None,4
198,3,5,None,None,4
198,2,5,None,None,4
198,4,1,None,None,4
198,5,1,None,None,4
198,1,4,None,None,4
198,6,1,None,None,4
198,7,1,None,None,4
198,8,1,None,None,4
198,9,1,None,None,4
199,3,9,None,None,4
199,2,7,None,None,4
199,1,4,None,None,4
200,1,11,None,None,4
200,2,9,None,None,4
1,2,10,None,Shared,1
1,3,2,None,Shared,1
1,5,1,None,Shared,1
1,1,2,None,Shared,1
1,6,1,None,Shared,1
1,4,4,None,Shared,1
2,2,6,None,Shared,1
2,3,6,None,Shared,1
2,1,8,None,Shared,1
3,2,13,None,Shared,1
3,3,2,None,Shared,1
3,4,1,None,Shared,1
3,5,1,None,Shared,1
3,1,2,None,Shared,1
3,6,1,None,Shared,1
4,2,10,None,Shared,1
4,1,2,None,Shared,1
4,3,6,None,Shared,1
4,4,1,None,Shared,1
4,5,1,None,Shared,1
5,3,6,None,Shared,1
5,1,8,None,Shared,1
5,2,6,None,Shared,1
6,2,12,None,Shared,1
6,1,7,None,Shared,1
6,3,1,None,Shared,1
7,2,12,None,Shared,1
7,3,4,None,Shared,1
7,1,4,None,Shared,1
8,1,8,None,Shared,1
8,2,12,None,Shared,1
9,4,1,None,Shared,1
9,2,7,None,Shared,1
9,1,3,None,Shared,1
9,5,1,None,Shared,1
9,3,7,None,Shared,1
9,6,1,None,Shared,1
10,2,3,None,Shared,1
10,4,7,None,Shared,1
10,1,4,None,Shared,1
10,3,5,None,Shared,1
10,5,1,None,Shared,1
11,1,9,None,Shared,1
11,2,11,None,Shared,1
12,1,3,None,Shared,1
12,3,8,None,Shared,1
12,2,5,None,Shared,1
12,4,1,None,Shared,1
12,5,1,None,Shared,1
12,6,1,None,Shared,1
12,7,1,None,Shared,1
13,2,6,None,Shared,1
13,4,2,None,Shared,1
13,1,2,None,Shared,1
13,5,6,None,Shared,1
13,3,2,None,Shared,1
13,6,1,None,Shared,1
13,7,1,None,Shared,1
14,1,6,None,Shared,1
14,3,8,None,Shared,1
14,4,1,None,Shared,1
14,5,1,None,Shared,1
14,6,1,None,Shared,1
14,2,2,None,Shared,1
14,7,1,None,Shared,1
15,1,4,None,Shared,1
15,2,6,None,Shared,1
15,3,10,None,Shared,1
16,1,11,None,Shared,1
16,2,5,None,Shared,1
16,3,4,None,Shared,1
17,1,12,None,Shared,1
17,2,8,None,Shared,1
18,2,11,None,Shared,1
18,1,9,None,Shared,1
19,4,8,None,Shared,1
19,3,4,None,Shared,1
19,2,3,None,Shared,1
19,5,1,None,Shared,1
19,6,1,None,Shared,1
19,1,2,None,Shared,1
19,7,1,None,Shared,1
20,2,18,None,Shared,1
20,1,2,None,Shared,1
21,2,15,None,Shared,1
21,1,5,None,Shared,1
22,2,6,None,Shared,1
22,3,7,None,Shared,1
22,4,1,None,Shared,1
22,1,4,None,Shared,1
22,5,1,None,Shared,1
22,6,1,None,Shared,1
23,3,6,None,Shared,1
23,2,7,None,Shared,1
23,1,7,None,Shared,1
24,1,8,None,Shared,1
24,4,1,None,Shared,1
24,2,7,None,Shared,1
24,3,2,None,Shared,1
24,5,1,None,Shared,1
24,6,1,None,Shared,1
25,2,8,None,Shared,1
25,3,6,None,Shared,1
25,1,4,None,Shared,1
25,4,1,None,Shared,1
25,5,1,None,Shared,1
26,2,15,None,Shared,1
26,1,5,None,Shared,1
27,1,8,None,Shared,1
27,2,12,None,Shared,1
28,2,15,None,Shared,1
28,3,1,None,Shared,1
28,1,2,None,Shared,1
28,4,1,None,Shared,1
28,5,1,None,Shared,1
29,3,14,None,Shared,1
29,4,1,None,Shared,1
29,2,2,None,Shared,1
29,5,1,None,Shared,1
29,1,2,None,Shared,1
30,2,11,None,Shared,1
30,3,4,None,Shared,1
30,1,5,None,Shared,1
31,2,9,None,Shared,1
31,3,9,None,Shared,1
31,1,2,None,Shared,1
32,3,10,None,Shared,1
32,1,8,None,Shared,1
32,2,2,None,Shared,1
33,1,9,None,Shared,1
33,3,1,None,Shared,1
33,2,3,None,Shared,1
33,4,1,None,Shared,1
33,5,1,None,Shared,1
33,6,1,None,Shared,1
33,7,1,None,Shared,1
33,8,1,None,Shared,1
33,9,1,None,Shared,1
33,10,1,None,Shared,1
34,2,9,None,Shared,1
34,3,8,None,Shared,1
34,1,2,None,Shared,1
34,4,1,None,Shared,1
35,2,6,None,Shared,1
35,5,5,None,Shared,1
35,4,4,None,Shared,1
35,6,1,None,Shared,1
35,3,2,None,Shared,1
35,1,2,None,Shared,1
36,4,4,None,Shared,1
36,1,7,None,Shared,1
36,2,5,None,Shared,1
36,3,4,None,Shared,1
37,1,5,None,Shared,1
37,2,8,None,Shared,1
37,3,7,None,Shared,1
38,3,3,None,Shared,1
38,2,10,None,Shared,1
38,1,7,None,Shared,1
39,2,6,None,Shared,1
39,1,10,None,Shared,1
39,3,4,None,Shared,1
40,2,10,None,Shared,1
40,4,5,None,Shared,1
40,1,2,None,Shared,1
40,3,3,None,Shared,1
41,2,11,None,Shared,1
41,1,4,None,Shared,1
41,4,1,None,Shared,1
41,3,4,None,Shared,1
42,2,8,None,Shared,1
42,1,3,None,Shared,1
42,3,9,None,Shared,1
43,2,7,None,Shared,1
43,1,9,None,Shared,1
43,3,3,None,Shared,1
43,4,1,None,Shared,1
44,2,9,None,Shared,1
44,3,9,None,Shared,1
44,1,2,None,Shared,1
45,2,6,None,Shared,1
45,1,14,None,Shared,1
46,1,8,None,Shared,1
46,2,9,None,Shared,1
46,3,3,None,Shared,1
47,1,8,None,Shared,1
47,2,11,None,Shared,1
47,3,1,None,Shared,1
48,2,2,None,Shared,1
48,1,5,None,Shared,1
48,3,6,None,Shared,1
48,5,2,None,Shared,1
48,4,5,None,Shared,1
49,1,8,None,Shared,1
49,2,10,None,Shared,1
49,3,1,None,Shared,1
49,4,1,None,Shared,1
50,1,8,None,Shared,1
50,3,7,None,Shared,1
50,2,5,None,Shared,1
51,3,7,None,Shared,2
51,1,5,None,Shared,2
51,4,6,None,Shared,2
51,2,2,None,Shared,2
52,2,6,None,Shared,2
52,4,1,None,Shared,2
52,1,6,None,Shared,2
52,5,1,None,Shared,2
52,6,1,None,Shared,2
52,7,1,None,Shared,2
52,8,1,None,Shared,2
52,3,2,None,Shared,2
52,9,1,None,Shared,2
53,2,18,None,Shared,2
53,1,2,None,Shared,2
54,1,8,None,Shared,2
54,2,8,None,Shared,2
54,3,4,None,Shared,2
55,1,8,None,Shared,2
55,3,6,None,Shared,2
55,2,6,None,Shared,2
56,1,2,None,Shared,2
56,3,15,None,Shared,2
56,2,3,None,Shared,2
57,1,6,None,Shared,2
57,3,6,None,Shared,2
57,4,1,None,Shared,2
57,5,1,None,Shared,2
57,6,1,None,Shared,2
57,2,3,None,Shared,2
57,7,1,None,Shared,2
57,8,1,None,Shared,2
58,3,1,None,Shared,2
58,2,8,None,Shared,2
58,4,1,None,Shared,2
58,1,7,None,Shared,2
58,5,1,None,Shared,2
58,6,1,None,Shared,2
58,7,1,None,Shared,2
59,1,4,None,Shared,2
59,2,16,None,Shared,2
60,1,6,None,Shared,2
60,2,5,None,Shared,2
60,3,6,None,Shared,2
60,4,3,None,Shared,2
61,2,7,None,Shared,2
61,3,3,None,Shared,2
61,1,3,None,Shared,2
61,4,1,None,Shared,2
61,5,1,None,Shared,2
61,6,1,None,Shared,2
61,7,1,None,Shared,2
61,8,1,None,Shared,2
61,9,1,None,Shared,2
61,10,1,None,Shared,2
62,2,12,None,Shared,2
62,3,5,None,Shared,2
62,1,3,None,Shared,2
63,2,10,None,Shared,2
63,1,6,None,Shared,2
63,3,4,None,Shared,2
64,3,4,None,Shared,2
64,2,6,None,Shared,2
64,1,8,None,Shared,2
64,4,2,None,Shared,2
65,3,4,None,Shared,2
65,1,4,None,Shared,2
65,2,12,None,Shared,2
66,2,6,None,Shared,2
66,3,6,None,Shared,2
66,1,8,None,Shared,2
67,2,10,None,Shared,2
67,1,7,None,Shared,2
67,3,3,None,Shared,2
68,2,9,None,Shared,2
68,1,4,None,Shared,2
68,3,7,None,Shared,2
69,1,10,None,Shared,2
69,2,7,None,Shared,2
69,3,3,None,Shared,2
70,3,5,None,Shared,2
70,2,6,None,Shared,2
70,1,9,None,Shared,2
71,1,8,None,Shared,2
71,2,12,None,Shared,2
72,3,2,None,Shared,2
72,2,7,None,Shared,2
72,1,11,None,Shared,2
73,2,5,None,Shared,2
73,3,7,None,Shared,2
73,1,8,None,Shared,2
74,2,2,None,Shared,2
74,5,1,None,Shared,2
74,1,2,None,Shared,2
74,3,7,None,Shared,2
74,6,1,None,Shared,2
74,7,1,None,Shared,2
74,4,5,None,Shared,2
74,8,1,None,Shared,2
75,2,8,None,Shared,2
75,3,4,None,Shared,2
75,4,6,None,Shared,2
75,1,2,None,Shared,2
76,3,3,None,Shared,2
76,1,5,None,Shared,2
76,4,5,None,Shared,2
76,2,7,None,Shared,2
77,1,9,None,Shared,2
77,3,7,None,Shared,2
77,2,4,None,Shared,2
78,4,7,None,Shared,2
78,2,5,None,Shared,2
78,1,2,None,Shared,2
78,3,6,None,Shared,2
79,2,7,None,Shared,2
79,3,4,None,Shared,2
79,4,7,None,Shared,2
79,1,2,None,Shared,2
80,2,11,None,Shared,2
80,3,7,None,Shared,2
80,1,2,None,Shared,2
81,3,6,None,Shared,2
81,2,7,None,Shared,2
81,1,4,None,Shared,2
81,4,1,None,Shared,2
81,5,1,None,Shared,2
81,6,1,None,Shared,2
82,3,8,None,Shared,2
82,2,5,None,Shared,2
82,1,6,None,Shared,2
82,4,1,None,Shared,2
83,1,5,None,Shared,2
83,2,5,None,Shared,2
83,5,2,None,Shared,2
83,3,3,None,Shared,2
83,4,5,None,Shared,2
84,1,7,None,Shared,2
84,2,3,None,Shared,2
84,3,10,None,Shared,2
85,1,9,None,Shared,2
85,2,11,None,Shared,2
86,3,6,None,Shared,2
86,1,3,None,Shared,2
86,4,4,None,Shared,2
86,2,7,None,Shared,2
87,2,15,None,Shared,2
87,3,3,None,Shared,2
87,1,2,None,Shared,2
88,1,6,None,Shared,2
88,4,4,None,Shared,2
88,3,6,None,Shared,2
88,2,4,None,Shared,2
89,2,6,None,Shared,2
89,3,10,None,Shared,2
89,1,4,None,Shared,2
90,2,10,None,Shared,2
90,4,2,None,Shared,2
90,3,5,None,Shared,2
90,1,2,None,Shared,2
90,5,1,None,Shared,2
91,2,7,None,Shared,2
91,3,4,None,Shared,2
91,1,2,None,Shared,2
91,4,4,None,Shared,2
91,5,3,None,Shared,2
92,3,5,None,Shared,2
92,4,6,None,Shared,2
92,2,2,None,Shared,2
92,1,7,None,Shared,2
93,1,7,None,Shared,2
93,4,1,None,Shared,2
93,2,5,None,Shared,2
93,3,5,None,Shared,2
93,5,1,None,Shared,2
93,6,1,None,Shared,2
94,3,5,None,Shared,2
94,1,10,None,Shared,2
94,2,5,None,Shared,2
95,1,8,None,Shared,2
95,2,3,None,Shared,2
95,3,9,None,Shared,2
96,3,5,None,Shared,2
96,4,5,None,Shared,2
96,2,7,None,Shared,2
96,1,3,None,Shared,2
97,2,7,None,Shared,2
97,1,7,None,Shared,2
97,4,3,None,Shared,2
97,3,3,None,Shared,2
98,2,4,None,Shared,2
98,4,4,None,Shared,2
98,1,9,None,Shared,2
98,3,3,None,Shared,2
99,1,8,None,Shared,2
99,2,12,None,Shared,2
100,2,9,None,Shared,2
100,3,7,None,Shared,2
100,4,2,None,Shared,2
100,1,2,None,Shared,2
101,1,3,None,Shared,3
101,3,5,None,Shared,3
101,4,7,None,Shared,3
101,2,5,None,Shared,3
102,2,10,None,Shared,3
102,3,3,None,Shared,3
102,1,7,None,Shared,3
103,2,9,None,Shared,3
103,3,3,None,Shared,3
103,1,8,None,Shared,3
104,1,13,None,Shared,3
104,2,7,None,Shared,3
105,2,18,None,Shared,3
105,1,2,None,Shared,3
106,1,3,None,Shared,3
106,2,3,None,Shared,3
106,6,1,None,Shared,3
106,3,8,None,Shared,3
106,5,2,None,Shared,3
106,4,2,None,Shared,3
106,7,1,None,Shared,3
107,2,2,None,Shared,3
107,3,11,None,Shared,3
107,4,5,None,Shared,3
107,1,2,None,Shared,3
108,3,4,None,Shared,3
108,1,3,None,Shared,3
108,2,9,None,Shared,3
108,4,4,None,Shared,3
109,2,11,None,Shared,3
109,3,4,None,Shared,3
109,1,2,None,Shared,3
109,4,3,None,Shared,3
110,3,6,None,Shared,3
110,2,10,None,Shared,3
110,4,1,None,Shared,3
110,1,3,None,Shared,3
111,1,13,None,Shared,3
111,2,7,None,Shared,3
112,4,9,None,Shared,3
112,1,3,None,Shared,3
112,2,5,None,Shared,3
112,3,3,None,Shared,3
113,2,9,None,Shared,3
113,1,11,None,Shared,3
114,4,1,None,Shared,3
114,2,7,None,Shared,3
114,5,1,None,Shared,3
114,3,5,None,Shared,3
114,1,2,None,Shared,3
114,6,1,None,Shared,3
114,7,1,None,Shared,3
114,8,1,None,Shared,3
114,9,1,None,Shared,3
115,4,3,None,Shared,3
115,3,8,None,Shared,3
115,2,3,None,Shared,3
115,1,6,None,Shared,3
116,3,10,None,Shared,3
116,4,2,None,Shared,3
116,2,6,None,Shared,3
116,1,2,None,Shared,3
117,1,6,None,Shared,3
117,2,14,None,Shared,3
118,3,6,None,Shared,3
118,2,8,None,Shared,3
118,1,6,None,Shared,3
119,1,7,None,Shared,3
119,2,6,None,Shared,3
119,3,5,None,Shared,3
119,4,1,None,Shared,3
119,5,1,None,Shared,3
120,3,10,None,Shared,3
120,2,8,None,Shared,3
120,1,2,None,Shared,3
121,2,9,None,Shared,3
121,3,1,None,Shared,3
121,1,8,None,Shared,3
121,4,1,None,Shared,3
121,5,1,None,Shared,3
122,3,4,None,Shared,3
122,2,9,None,Shared,3
122,1,7,None,Shared,3
123,1,6,None,Shared,3
123,3,8,None,Shared,3
123,2,6,None,Shared,3
124,3,8,None,Shared,3
124,1,4,None,Shared,3
124,2,8,None,Shared,3
125,5,1,None,Shared,3
125,4,3,None,Shared,3
125,1,3,None,Shared,3
125,3,2,None,Shared,3
125,2,8,None,Shared,3
125,6,1,None,Shared,3
125,7,1,None,Shared,3
125,8,1,None,Shared,3
126,3,11,None,Shared,3
126,4,1,None,Shared,3
126,5,1,None,Shared,3
126,1,2,None,Shared,3
126,2,5,None,Shared,3
127,3,5,None,Shared,3
127,2,7,None,Shared,3
127,1,8,None,Shared,3
128,3,11,None,Shared,3
128,1,5,None,Shared,3
128,2,4,None,Shared,3
129,2,12,None,Shared,3
129,1,2,None,Shared,3
129,3,6,None,Shared,3
130,1,9,None,Shared,3
130,2,3,None,Shared,3
130,3,8,None,Shared,3
131,3,5,None,Shared,3
131,4,4,None,Shared,3
131,1,5,None,Shared,3
131,2,6,None,Shared,3
132,3,6,None,Shared,3
132,1,4,None,Shared,3
132,5,1,None,Shared,3
132,4,5,None,Shared,3
132,2,3,None,Shared,3
132,6,1,None,Shared,3
133,2,16,None,Shared,3
133,1,4,None,Shared,3
134,2,7,None,Shared,3
134,3,8,None,Shared,3
134,4,2,None,Shared,3
134,1,2,None,Shared,3
134,5,1,None,Shared,3
135,2,14,None,Shared,3
135,1,2,None,Shared,3
135,3,4,None,Shared,3
136,1,2,None,Shared,3
136,2,18,None,Shared,3
137,1,13,None,Shared,3
137,3,4,None,Shared,3
137,2,3,None,Shared,3
138,2,6,None,Shared,3
138,3,5,None,Shared,3
138,4,3,None,Shared,3
138,1,6,None,Shared,3
139,4,9,None,Shared,3
139,2,4,None,Shared,3
139,3,5,None,Shared,3
139,1,2,None,Shared,3
140,4,6,None,Shared,3
140,3,4,None,Shared,3
140,1,8,None,Shared,3
140,2,2,None,Shared,3
141,3,7,None,Shared,3
141,2,10,None,Shared,3
141,1,3,None,Shared,3
142,2,10,None,Shared,3
142,3,8,None,Shared,3
142,1,2,None,Shared,3
143,2,4,None,Shared,3
143,1,11,None,Shared,3
143,3,4,None,Shared,3
143,4,1,None,Shared,3
144,1,7,None,Shared,3
144,3,4,None,Shared,3
144,4,1,None,Shared,3
144,2,7,None,Shared,3
144,5,1,None,Shared,3
145,2,3,None,Shared,3
145,1,4,None,Shared,3
145,5,7,None,Shared,3
145,3,4,None,Shared,3
145,4,2,None,Shared,3
146,1,11,None,Shared,3
146,2,6,None,Shared,3
146,3,3,None,Shared,3
147,2,3,None,Shared,3
147,3,5,None,Shared,3
147,1,6,None,Shared,3
147,4,6,None,Shared,3
148,1,4,None,Shared,3
148,4,1,None,Shared,3
148,3,7,None,Shared,3
148,2,5,None,Shared,3
148,5,1,None,Shared,3
148,6,1,None,Shared,3
148,7,1,None,Shared,3
149,3,4,None,Shared,3
149,4,2,None,Shared,3
149,1,9,None,Shared,3
149,2,3,None,Shared,3
149,5,1,None,Shared,3
149,6,1,None,Shared,3
150,2,12,None,Shared,3
150,1,8,None,Shared,3
151,2,9,None,Shared,4
151,3,8,None,Shared,4
151,1,3,None,Shared,4
152,3,11,None,Shared,4
152,2,4,None,Shared,4
152,1,2,None,Shared,4
152,4,3,None,Shared,4
153,3,6,None,Shared,4
153,2,6,None,Shared,4
153,1,8,None,Shared,4
154,3,10,None,Shared,4
154,1,5,None,Shared,4
154,2,5,None,Shared,4
155,1,8,None,Shared,4
155,2,10,None,Shared,4
155,3,1,None,Shared,4
155,4,1,None,Shared,4
156,1,2,None,Shared,4
156,2,13,None,Shared,4
156,3,5,None,Shared,4
157,1,5,None,Shared,4
157,3,7,None,Shared,4
157,2,8,None,Shared,4
158,3,9,None,Shared,4
158,2,6,None,Shared,4
158,4,1,None,Shared,4
158,5,1,None,Shared,4
158,1,3,None,Shared,4
159,2,6,None,Shared,4
159,3,6,None,Shared,4
159,4,5,None,Shared,4
159,1,3,None,Shared,4
160,3,9,None,Shared,4
160,2,6,None,Shared,4
160,1,2,None,Shared,4
160,4,1,None,Shared,4
160,5,1,None,Shared,4
160,6,1,None,Shared,4
161,2,2,None,Shared,4
161,3,16,None,Shared,4
161,1,2,None,Shared,4
162,3,5,None,Shared,4
162,2,13,None,Shared,4
162,1,2,None,Shared,4
163,1,7,None,Shared,4
163,4,4,None,Shared,4
163,2,6,None,Shared,4
163,3,3,None,Shared,4
164,2,9,None,Shared,4
164,1,7,None,Shared,4
164,3,4,None,Shared,4
165,2,11,None,Shared,4
165,1,9,None,Shared,4
166,2,11,None,Shared,4
166,3,7,None,Shared,4
166,1,2,None,Shared,4
167,2,10,None,Shared,4
167,4,4,None,Shared,4
167,3,3,None,Shared,4
167,1,3,None,Shared,4
168,3,9,None,Shared,4
168,2,4,None,Shared,4
168,4,5,None,Shared,4
168,1,2,None,Shared,4
169,3,5,None,Shared,4
169,2,13,None,Shared,4
169,1,2,None,Shared,4
170,2,5,None,Shared,4
170,4,5,None,Shared,4
170,3,6,None,Shared,4
170,1,4,None,Shared,4
171,3,5,None,Shared,4
171,2,9,None,Shared,4
171,4,3,None,Shared,4
171,1,3,None,Shared,4
172,1,6,None,Shared,4
172,6,1,None,Shared,4
172,4,4,None,Shared,4
172,5,4,None,Shared,4
172,2,2,None,Shared,4
172,3,3,None,Shared,4
173,2,6,None,Shared,4
173,1,11,None,Shared,4
173,3,3,None,Shared,4
174,6,1,None,Shared,4
174,4,2,None,Shared,4
174,5,4,None,Shared,4
174,3,6,None,Shared,4
174,2,2,None,Shared,4
174,7,1,None,Shared,4
174,1,2,None,Shared,4
174,8,1,None,Shared,4
174,9,1,None,Shared,4
175,5,1,None,Shared,4
175,1,4,None,Shared,4
175,4,4,None,Shared,4
175,3,4,None,Shared,4
175,2,5,None,Shared,4
175,6,1,None,Shared,4
175,7,1,None,Shared,4
176,2,13,None,Shared,4
176,1,2,None,Shared,4
176,3,5,None,Shared,4
177,2,6,None,Shared,4
177,1,8,None,Shared,4
177,3,2,None,Shared,4
177,4,1,None,Shared,4
177,5,1,None,Shared,4
177,6,1,None,Shared,4
177,7,1,None,Shared,4
178,2,9,None,Shared,4
178,1,7,None,Shared,4
178,3,4,None,Shared,4
179,2,2,None,Shared,4
179,4,6,None,Shared,4
179,3,4,None,Shared,4
179,1,7,None,Shared,4
179,5,1,None,Shared,4
180,3,6,None,Shared,4
180,2,11,None,Shared,4
180,1,3,None,Shared,4
181,2,14,None,Shared,4
181,3,3,None,Shared,4
181,1,3,None,Shared,4
182,7,1,None,Shared,4
182,1,6,None,Shared,4
182,8,1,None,Shared,4
182,2,2,None,Shared,4
182,6,2,None,Shared,4
182,5,3,None,Shared,4
182,4,3,None,Shared,4
182,3,2,None,Shared,4
183,1,3,None,Shared,4
183,3,5,None,Shared,4
183,4,4,None,Shared,4
183,5,4,None,Shared,4
183,2,4,None,Shared,4
184,3,7,None,Shared,4
184,2,5,None,Shared,4
184,1,8,None,Shared,4
185,5,1,None,Shared,4
185,1,2,None,Shared,4
185,6,1,None,Shared,4
185,4,4,None,Shared,4
185,3,8,None,Shared,4
185,2,2,None,Shared,4
185,7,1,None,Shared,4
185,8,1,None,Shared,4
186,5,1,None,Shared,4
186,1,3,None,Shared,4
186,2,9,None,Shared,4
186,4,3,None,Shared,4
186,3,3,None,Shared,4
186,6,1,None,Shared,4
187,3,3,None,Shared,4
187,1,2,None,Shared,4
187,2,6,None,Shared,4
187,4,9,None,Shared,4
188,3,7,None,Shared,4
188,2,9,None,Shared,4
188,4,1,None,Shared,4
188,1,2,None,Shared,4
188,5,1,None,Shared,4
189,3,15,None,Shared,4
189,1,2,None,Shared,4
189,2,3,None,Shared,4
190,1,9,None,Shared,4
190,3,5,None,Shared,4
190,2,6,None,Shared,4
191,1,7,None,Shared,4
191,3,8,None,Shared,4
191,2,5,None,Shared,4
192,2,12,None,Shared,4
192,1,5,None,Shared,4
192,3,3,None,Shared,4
193,2,3,None,Shared,4
193,4,8,None,Shared,4
193,1,5,None,Shared,4
193,3,2,None,Shared,4
193,5,1,None,Shared,4
193,6,1,None,Shared,4
194,3,10,None,Shared,4
194,1,4,None,Shared,4
194,2,6,None,Shared,4
195,1,4,None,Shared,4
195,3,3,None,Shared,4
195,2,4,None,Shared,4
195,4,9,None,Shared,4
196,3,7,None,Shared,4
196,2,8,None,Shared,4
196,4,3,None,Shared,4
196,1,2,None,Shared,4
197,1,9,None,Shared,4
197,2,8,None,Shared,4
197,3,1,None,Shared,4
197,4,1,None,Shared,4
197,5,1,None,Shared,4
198,3,3,None,Shared,4
198,2,10,None,Shared,4
198,1,7,None,Shared,4
199,2,12,None,Shared,4
199,3,6,None,Shared,4
199,1,2,None,Shared,4
200,3,6,None,Shared,4
200,2,12,None,Shared,4
200,1,2,None,Shared,4
1,2,13,Pred,Individual,1
1,1,7,Pred,Individual,1
2,3,7,Pred,Individual,1
2,1,5,Pred,Individual,1
2,5,3,Pred,Individual,1
2,2,2,Pred,Individual,1
2,4,3,Pred,Individual,1
3,3,4,Pred,Individual,1
3,2,10,Pred,Individual,1
3,4,3,Pred,Individual,1
3,1,3,Pred,Individual,1
4,2,11,Pred,Individual,1
4,1,4,Pred,Individual,1
4,3,2,Pred,Individual,1
4,4,3,Pred,Individual,1
5,3,11,Pred,Individual,1
5,2,2,Pred,Individual,1
5,4,5,Pred,Individual,1
5,1,2,Pred,Individual,1
6,2,7,Pred,Individual,1
6,1,7,Pred,Individual,1
6,3,6,Pred,Individual,1
7,3,10,Pred,Individual,1
7,1,3,Pred,Individual,1
7,2,7,Pred,Individual,1
8,1,11,Pred,Individual,1
8,3,6,Pred,Individual,1
8,2,3,Pred,Individual,1
9,2,18,Pred,Individual,1
9,1,2,Pred,Individual,1
10,2,9,Pred,Individual,1
10,1,10,Pred,Individual,1
10,3,1,Pred,Individual,1
11,3,13,Pred,Individual,1
11,1,5,Pred,Individual,1
11,2,2,Pred,Individual,1
12,2,11,Pred,Individual,1
12,1,9,Pred,Individual,1
13,1,8,Pred,Individual,1
13,2,9,Pred,Individual,1
13,3,3,Pred,Individual,1
14,2,6,Pred,Individual,1
14,3,4,Pred,Individual,1
14,1,10,Pred,Individual,1
15,2,7,Pred,Individual,1
15,5,1,Pred,Individual,1
15,3,4,Pred,Individual,1
15,1,2,Pred,Individual,1
15,4,3,Pred,Individual,1
15,6,1,Pred,Individual,1
15,7,1,Pred,Individual,1
15,8,1,Pred,Individual,1
16,3,13,Pred,Individual,1
16,4,1,Pred,Individual,1
16,1,2,Pred,Individual,1
16,2,4,Pred,Individual,1
17,2,13,Pred,Individual,1
17,1,5,Pred,Individual,1
17,3,1,Pred,Individual,1
17,4,1,Pred,Individual,1
18,1,4,Pred,Individual,1
18,3,13,Pred,Individual,1
18,2,3,Pred,Individual,1
19,3,3,Pred,Individual,1
19,2,13,Pred,Individual,1
19,1,4,Pred,Individual,1
20,1,5,Pred,Individual,1
20,2,7,Pred,Individual,1
20,3,5,Pred,Individual,1
20,4,3,Pred,Individual,1
21,1,8,Pred,Individual,1
21,2,12,Pred,Individual,1
22,3,9,Pred,Individual,1
22,1,5,Pred,Individual,1
22,2,5,Pred,Individual,1
22,4,1,Pred,Individual,1
23,1,9,Pred,Individual,1
23,2,11,Pred,Individual,1
24,1,7,Pred,Individual,1
24,2,13,Pred,Individual,1
25,1,10,Pred,Individual,1
25,2,3,Pred,Individual,1
25,3,3,Pred,Individual,1
25,4,4,Pred,Individual,1
26,2,10,Pred,Individual,1
26,3,3,Pred,Individual,1
26,4,4,Pred,Individual,1
26,1,3,Pred,Individual,1
27,1,8,Pred,Individual,1
27,2,5,Pred,Individual,1
27,4,3,Pred,Individual,1
27,3,3,Pred,Individual,1
27,5,1,Pred,Individual,1
28,3,10,Pred,Individual,1
28,2,6,Pred,Individual,1
28,1,4,Pred,Individual,1
29,3,4,Pred,Individual,1
29,2,7,Pred,Individual,1
29,1,8,Pred,Individual,1
29,4,1,Pred,Individual,1
30,1,7,Pred,Individual,1
30,4,3,Pred,Individual,1
30,3,4,Pred,Individual,1
30,2,6,Pred,Individual,1
31,2,7,Pred,Individual,1
31,1,13,Pred,Individual,1
32,3,4,Pred,Individual,1
32,2,9,Pred,Individual,1
32,1,3,Pred,Individual,1
32,4,1,Pred,Individual,1
32,5,1,Pred,Individual,1
32,6,1,Pred,Individual,1
32,7,1,Pred,Individual,1
33,1,9,Pred,Individual,1
33,2,11,Pred,Individual,1
34,2,13,Pred,Individual,1
34,1,7,Pred,Individual,1
35,4,5,Pred,Individual,1
35,3,5,Pred,Individual,1
35,2,6,Pred,Individual,1
35,1,4,Pred,Individual,1
36,3,10,Pred,Individual,1
36,1,6,Pred,Individual,1
36,2,4,Pred,Individual,1
37,2,15,Pred,Individual,1
37,1,4,Pred,Individual,1
37,3,1,Pred,Individual,1
38,2,11,Pred,Individual,1
38,1,9,Pred,Individual,1
39,2,7,Pred,Individual,1
39,3,10,Pred,Individual,1
39,1,3,Pred,Individual,1
40,1,8,Pred,Individual,1
40,2,9,Pred,Individual,1
40,3,1,Pred,Individual,1
40,4,1,Pred,Individual,1
40,5,1,Pred,Individual,1
41,2,9,Pred,Individual,1
41,1,8,Pred,Individual,1
41,3,1,Pred,Individual,1
41,4,1,Pred,Individual,1
41,5,1,Pred,Individual,1
42,2,9,Pred,Individual,1
42,1,5,Pred,Individual,1
42,3,6,Pred,Individual,1
43,3,5,Pred,Individual,1
43,2,4,Pred,Individual,1
43,1,8,Pred,Individual,1
43,4,1,Pred,Individual,1
43,5,1,Pred,Individual,1
43,6,1,Pred,Individual,1
44,2,7,Pred,Individual,1
44,1,13,Pred,Individual,1
45,3,8,Pred,Individual,1
45,1,9,Pred,Individual,1
45,2,3,Pred,Individual,1
46,1,4,Pred,Individual,1
46,2,12,Pred,Individual,1
46,3,1,Pred,Individual,1
46,4,1,Pred,Individual,1
46,5,1,Pred,Individual,1
46,6,1,Pred,Individual,1
47,2,3,Pred,Individual,1
47,1,14,Pred,Individual,1
47,3,3,Pred,Individual,1
48,2,6,Pred,Individual,1
48,1,8,Pred,Individual,1
48,4,3,Pred,Individual,1
48,3,2,Pred,Individual,1
48,5,1,Pred,Individual,1
49,2,5,Pred,Individual,1
49,4,4,Pred,Individual,1
49,1,6,Pred,Individual,1
49,3,5,Pred,Individual,1
50,1,6,Pred,Individual,1
50,2,9,Pred,Individual,1
50,4,2,Pred,Individual,1
50,3,3,Pred,Individual,1
51,2,6,Pred,Individual,2
51,1,8,Pred,Individual,2
51,3,4,Pred,Individual,2
51,4,1,Pred,Individual,2
51,5,1,Pred,Individual,2
52,3,4,Pred,Individual,2
52,2,5,Pred,Individual,2
52,4,4,Pred,Individual,2
52,1,3,Pred,Individual,2
52,5,1,Pred,Individual,2
52,6,1,Pred,Individual,2
52,7,1,Pred,Individual,2
52,8,1,Pred,Individual,2
53,1,7,Pred,Individual,2
53,2,9,Pred,Individual,2
53,3,4,Pred,Individual,2
54,2,13,Pred,Individual,2
54,1,3,Pred,Individual,2
54,3,4,Pred,Individual,2
55,2,18,Pred,Individual,2
55,1,2,Pred,Individual,2
56,1,2,Pred,Individual,2
56,3,4,Pred,Individual,2
56,4,10,Pred,Individual,2
56,2,4,Pred,Individual,2
57,2,13,Pred,Individual,2
57,3,5,Pred,Individual,2
57,1,2,Pred,Individual,2
58,4,3,Pred,Individual,2
58,3,3,Pred,Individual,2
58,5,4,Pred,Individual,2
58,2,5,Pred,Individual,2
58,1,3,Pred,Individual,2
58,6,2,Pred,Individual,2
59,2,11,Pred,Individual,2
59,3,6,Pred,Individual,2
59,1,3,Pred,Individual,2
60,1,3,Pred,Individual,2
60,2,15,Pred,Individual,2
60,3,1,Pred,Individual,2
60,4,1,Pred,Individual,2
61,2,6,Pred,Individual,2
61,1,10,Pred,Individual,2
61,3,4,Pred,Individual,2
62,3,14,Pred,Individual,2
62,1,2,Pred,Individual,2
62,2,4,Pred,Individual,2
63,1,7,Pred,Individual,2
63,3,4,Pred,Individual,2
63,2,9,Pred,Individual,2
64,2,5,Pred,Individual,2
64,3,8,Pred,Individual,2
64,1,2,Pred,Individual,2
64,4,5,Pred,Individual,2
65,3,1,Pred,Individual,2
65,1,9,Pred,Individual,2
65,2,8,Pred,Individual,2
65,4,1,Pred,Individual,2
65,5,1,Pred,Individual,2
66,3,15,Pred,Individual,2
66,2,3,Pred,Individual,2
66,1,2,Pred,Individual,2
67,2,7,Pred,Individual,2
67,3,5,Pred,Individual,2
67,1,4,Pred,Individual,2
67,4,3,Pred,Individual,2
67,5,1,Pred,Individual,2
68,1,3,Pred,Individual,2
68,3,12,Pred,Individual,2
68,2,5,Pred,Individual,2
69,1,2,Pred,Individual,2
69,6,3,Pred,Individual,2
69,4,6,Pred,Individual,2
69,5,2,Pred,Individual,2
69,3,4,Pred,Individual,2
69,2,3,Pred,Individual,2
70,1,10,Pred,Individual,2
70,2,6,Pred,Individual,2
70,3,4,Pred,Individual,2
71,3,11,Pred,Individual,2
71,2,7,Pred,Individual,2
71,1,2,Pred,Individual,2
72,2,8,Pred,Individual,2
72,1,12,Pred,Individual,2
73,3,15,Pred,Individual,2
73,1,2,Pred,Individual,2
73,2,3,Pred,Individual,2
74,4,8,Pred,Individual,2
74,3,2,Pred,Individual,2
74,2,4,Pred,Individual,2
74,1,6,Pred,Individual,2
75,3,6,Pred,Individual,2
75,4,4,Pred,Individual,2
75,2,7,Pred,Individual,2
75,1,3,Pred,Individual,2
76,2,8,Pred,Individual,2
76,3,10,Pred,Individual,2
76,1,2,Pred,Individual,2
77,1,2,Pred,Individual,2
77,4,2,Pred,Individual,2
77,2,7,Pred,Individual,2
77,3,5,Pred,Individual,2
77,5,1,Pred,Individual,2
77,6,1,Pred,Individual,2
77,7,1,Pred,Individual,2
77,8,1,Pred,Individual,2
78,1,8,Pred,Individual,2
78,2,12,Pred,Individual,2
79,3,11,Pred,Individual,2
79,2,7,Pred,Individual,2
79,1,2,Pred,Individual,2
80,3,5,Pred,Individual,2
80,2,2,Pred,Individual,2
80,1,4,Pred,Individual,2
80,5,4,Pred,Individual,2
80,4,5,Pred,Individual,2
81,1,6,Pred,Individual,2
81,2,13,Pred,Individual,2
81,3,1,Pred,Individual,2
82,2,6,Pred,Individual,2
82,3,3,Pred,Individual,2
82,1,5,Pred,Individual,2
82,5,3,Pred,Individual,2
82,4,3,Pred,Individual,2
83,3,6,Pred,Individual,2
83,4,6,Pred,Individual,2
83,2,6,Pred,Individual,2
83,1,2,Pred,Individual,2
84,3,8,Pred,Individual,2
84,2,3,Pred,Individual,2
84,1,9,Pred,Individual,2
85,3,2,Pred,Individual,2
85,2,13,Pred,Individual,2
85,1,3,Pred,Individual,2
85,4,1,Pred,Individual,2
85,5,1,Pred,Individual,2
86,2,3,Pred,Individual,2
86,3,7,Pred,Individual,2
86,1,3,Pred,Individual,2
86,4,3,Pred,Individual,2
86,5,4,Pred,Individual,2
87,2,13,Pred,Individual,2
87,3,5,Pred,Individual,2
87,1,2,Pred,Individual,2
88,1,9,Pred,Individual,2
88,3,6,Pred,Individual,2
88,2,5,Pred,Individual,2
89,2,5,Pred,Individual,2
89,1,7,Pred,Individual,2
89,3,8,Pred,Individual,2
90,2,6,Pred,Individual,2
90,3,1,Pred,Individual,2
90,1,9,Pred,Individual,2
90,4,1,Pred,Individual,2
90,5,1,Pred,Individual,2
90,6,1,Pred,Individual,2
90,7,1,Pred,Individual,2
91,3,12,Pred,Individual,2
91,1,6,Pred,Individual,2
91,2,2,Pred,Individual,2
92,1,12,Pred,Individual,2
92,3,5,Pred,Individual,2
92,2,3,Pred,Individual,2
93,2,9,Pred,Individual,2
93,3,9,Pred,Individual,2
93,1,2,Pred,Individual,2
94,4,6,Pred,Individual,2
94,3,10,Pred,Individual,2
94,1,2,Pred,Individual,2
94,2,2,Pred,Individual,2
95,3,6,Pred,Individual,2
95,2,10,Pred,Individual,2
95,4,1,Pred,Individual,2
95,5,1,Pred,Individual,2
95,1,2,Pred,Individual,2
96,3,6,Pred,Individual,2
96,1,5,Pred,Individual,2
96,2,5,Pred,Individual,2
96,4,4,Pred,Individual,2
97,1,12,Pred,Individual,2
97,2,8,Pred,Individual,2
98,2,6,Pred,Individual,2
98,4,2,Pred,Individual,2
98,5,1,Pred,Individual,2
98,3,5,Pred,Individual,2
98,6,1,Pred,Individual,2
98,7,1,Pred,Individual,2
98,8,1,Pred,Individual,2
98,9,1,Pred,Individual,2
98,1,2,Pred,Individual,2
99,3,11,Pred,Individual,2
99,2,7,Pred,Individual,2
99,1,2,Pred,Individual,2
100,4,4,Pred,Individual,2
100,3,7,Pred,Individual,2
100,1,2,Pred,Individual,2
100,5,1,Pred,Individual,2
100,2,6,Pred,Individual,2
101,2,7,Pred,Individual,3
101,1,7,Pred,Individual,3
101,3,6,Pred,Individual,3
102,2,13,Pred,Individual,3
102,1,2,Pred,Individual,3
102,3,5,Pred,Individual,3
103,1,9,Pred,Individual,3
103,2,11,Pred,Individual,3
104,4,4,Pred,Individual,3
104,3,4,Pred,Individual,3
104,5,6,Pred,Individual,3
104,6,1,Pred,Individual,3
104,1,3,Pred,Individual,3
104,2,2,Pred,Individual,3
105,3,5,Pred,Individual,3
105,1,9,Pred,Individual,3
105,2,6,Pred,Individual,3
106,5,4,Pred,Individual,3
106,2,3,Pred,Individual,3
106,3,6,Pred,Individual,3
106,4,3,Pred,Individual,3
106,1,4,Pred,Individual,3
107,2,7,Pred,Individual,3
107,1,6,Pred,Individual,3
107,3,7,Pred,Individual,3
108,4,3,Pred,Individual,3
108,2,9,Pred,Individual,3
108,1,4,Pred,Individual,3
108,3,3,Pred,Individual,3
108,5,1,Pred,Individual,3
109,4,4,Pred,Individual,3
109,2,11,Pred,Individual,3
109,3,3,Pred,Individual,3
109,1,2,Pred,Individual,3
110,2,10,Pred,Individual,3
110,4,6,Pred,Individual,3
110,3,2,Pred,Individual,3
110,1,2,Pred,Individual,3
111,3,11,Pred,Individual,3
111,2,5,Pred,Individual,3
111,1,4,Pred,Individual,3
112,1,5,Pred,Individual,3
112,2,9,Pred,Individual,3
112,3,1,Pred,Individual,3
112,4,1,Pred,Individual,3
112,5,1,Pred,Individual,3
112,6,1,Pred,Individual,3
112,7,1,Pred,Individual,3
112,8,1,Pred,Individual,3
113,2,8,Pred,Individual,3
113,4,1,Pred,Individual,3
113,5,1,Pred,Individual,3
113,1,4,Pred,Individual,3
113,6,1,Pred,Individual,3
113,3,3,Pred,Individual,3
113,7,1,Pred,Individual,3
113,8,1,Pred,Individual,3
114,3,16,Pred,Individual,3
114,1,2,Pred,Individual,3
114,2,2,Pred,Individual,3
115,3,7,Pred,Individual,3
115,1,10,Pred,Individual,3
115,2,3,Pred,Individual,3
116,3,1,Pred,Individual,3
116,1,12,Pred,Individual,3
116,2,5,Pred,Individual,3
116,4,1,Pred,Individual,3
116,5,1,Pred,Individual,3
117,2,9,Pred,Individual,3
117,3,9,Pred,Individual,3
117,1,2,Pred,Individual,3
118,1,8,Pred,Individual,3
118,2,6,Pred,Individual,3
118,3,6,Pred,Individual,3
119,2,18,Pred,Individual,3
119,1,2,Pred,Individual,3
120,3,10,Pred,Individual,3
120,2,8,Pred,Individual,3
120,1,2,Pred,Individual,3
121,5,3,Pred,Individual,3
121,4,7,Pred,Individual,3
121,1,3,Pred,Individual,3
121,3,4,Pred,Individual,3
121,2,3,Pred,Individual,3
122,1,3,Pred,Individual,3
122,3,9,Pred,Individual,3
122,2,3,Pred,Individual,3
122,4,5,Pred,Individual,3
123,2,14,Pred,Individual,3
123,1,2,Pred,Individual,3
123,3,4,Pred,Individual,3
124,2,14,Pred,Individual,3
124,1,6,Pred,Individual,3
125,1,11,Pred,Individual,3
125,2,9,Pred,Individual,3
126,1,2,Pred,Individual,3
126,2,18,Pred,Individual,3
127,1,10,Pred,Individual,3
127,2,10,Pred,Individual,3
128,1,11,Pred,Individual,3
128,2,3,Pred,Individual,3
128,3,1,Pred,Individual,3
128,4,1,Pred,Individual,3
128,5,1,Pred,Individual,3
128,6,1,Pred,Individual,3
128,7,1,Pred,Individual,3
128,8,1,Pred,Individual,3
129,1,3,Pred,Individual,3
129,3,12,Pred,Individual,3
129,2,5,Pred,Individual,3
130,1,3,Pred,Individual,3
130,6,5,Pred,Individual,3
130,4,2,Pred,Individual,3
130,5,2,Pred,Individual,3
130,3,5,Pred,Individual,3
130,2,3,Pred,Individual,3
131,4,3,Pred,Individual,3
131,2,3,Pred,Individual,3
131,1,5,Pred,Individual,3
131,3,5,Pred,Individual,3
131,5,1,Pred,Individual,3
131,6,1,Pred,Individual,3
131,7,1,Pred,Individual,3
131,8,1,Pred,Individual,3
132,2,3,Pred,Individual,3
132,1,8,Pred,Individual,3
132,4,2,Pred,Individual,3
132,3,7,Pred,Individual,3
133,5,6,Pred,Individual,3
133,4,5,Pred,Individual,3
133,3,4,Pred,Individual,3
133,2,3,Pred,Individual,3
133,1,2,Pred,Individual,3
134,4,8,Pred,Individual,3
134,3,5,Pred,Individual,3
134,1,5,Pred,Individual,3
134,2,2,Pred,Individual,3
135,2,5,Pred,Individual,3
135,3,10,Pred,Individual,3
135,4,2,Pred,Individual,3
135,1,3,Pred,Individual,3
136,3,8,Pred,Individual,3
136,2,8,Pred,Individual,3
136,1,4,Pred,Individual,3
137,2,18,Pred,Individual,3
137,1,2,Pred,Individual,3
138,3,10,Pred,Individual,3
138,2,3,Pred,Individual,3
138,1,7,Pred,Individual,3
139,2,7,Pred,Individual,3
139,1,13,Pred,Individual,3
140,3,9,Pred,Individual,3
140,1,8,Pred,Individual,3
140,2,3,Pred,Individual,3
141,2,5,Pred,Individual,3
141,4,8,Pred,Individual,3
141,3,2,Pred,Individual,3
141,1,5,Pred,Individual,3
142,3,7,Pred,Individual,3
142,2,7,Pred,Individual,3
142,1,5,Pred,Individual,3
142,4,1,Pred,Individual,3
143,4,5,Pred,Individual,3
143,1,6,Pred,Individual,3
143,3,7,Pred,Individual,3
143,2,2,Pred,Individual,3
144,3,5,Pred,Individual,3
144,4,7,Pred,Individual,3
144,1,4,Pred,Individual,3
144,2,4,Pred,Individual,3
145,2,2,Pred,Individual,3
145,3,16,Pred,Individual,3
145,1,2,Pred,Individual,3
146,5,1,Pred,Individual,3
146,2,4,Pred,Individual,3
146,3,8,Pred,Individual,3
146,6,1,Pred,Individual,3
146,4,3,Pred,Individual,3
146,7,1,Pred,Individual,3
146,1,2,Pred,Individual,3
147,1,14,Pred,Individual,3
147,2,6,Pred,Individual,3
148,3,4,Pred,Individual,3
148,4,10,Pred,Individual,3
148,2,4,Pred,Individual,3
148,1,2,Pred,Individual,3
149,2,8,Pred,Individual,3
149,1,9,Pred,Individual,3
149,3,3,Pred,Individual,3
150,2,6,Pred,Individual,3
150,1,7,Pred,Individual,3
150,4,3,Pred,Individual,3
150,5,1,Pred,Individual,3
150,3,3,Pred,Individual,3
151,2,9,Pred,Individual,4
151,3,4,Pred,Individual,4
151,4,1,Pred,Individual,4
151,1,5,Pred,Individual,4
151,5,1,Pred,Individual,4
152,2,9,Pred,Individual,4
152,3,7,Pred,Individual,4
152,1,2,Pred,Individual,4
152,4,1,Pred,Individual,4
152,5,1,Pred,Individual,4
153,1,2,Pred,Individual,4
153,3,6,Pred,Individual,4
153,4,5,Pred,Individual,4
153,2,4,Pred,Individual,4
153,5,1,Pred,Individual,4
153,6,1,Pred,Individual,4
153,7,1,Pred,Individual,4
154,3,13,Pred,Individual,4
154,1,2,Pred,Individual,4
154,2,5,Pred,Individual,4
155,3,9,Pred,Individual,4
155,2,6,Pred,Individual,4
155,1,5,Pred,Individual,4
156,4,5,Pred,Individual,4
156,1,2,Pred,Individual,4
156,3,8,Pred,Individual,4
156,5,1,Pred,Individual,4
156,6,1,Pred,Individual,4
156,7,1,Pred,Individual,4
156,2,2,Pred,Individual,4
157,1,14,Pred,Individual,4
157,3,3,Pred,Individual,4
157,2,3,Pred,Individual,4
158,2,9,Pred,Individual,4
158,1,2,Pred,Individual,4
158,4,7,Pred,Individual,4
158,3,2,Pred,Individual,4
159,2,5,Pred,Individual,4
159,4,4,Pred,Individual,4
159,3,4,Pred,Individual,4
159,1,7,Pred,Individual,4
160,2,11,Pred,Individual,4
160,4,3,Pred,Individual,4
160,3,4,Pred,Individual,4
160,1,2,Pred,Individual,4
161,1,5,Pred,Individual,4
161,3,12,Pred,Individual,4
161,2,3,Pred,Individual,4
162,2,13,Pred,Individual,4
162,3,2,Pred,Individual,4
162,4,3,Pred,Individual,4
162,1,2,Pred,Individual,4
163,4,11,Pred,Individual,4
163,1,5,Pred,Individual,4
163,3,2,Pred,Individual,4
163,2,2,Pred,Individual,4
164,1,8,Pred,Individual,4
164,2,10,Pred,Individual,4
164,3,1,Pred,Individual,4
164,4,1,Pred,Individual,4
165,1,5,Pred,Individual,4
165,3,9,Pred,Individual,4
165,4,4,Pred,Individual,4
165,2,2,Pred,Individual,4
166,4,4,Pred,Individual,4
166,1,4,Pred,Individual,4
166,5,3,Pred,Individual,4
166,2,4,Pred,Individual,4
166,3,5,Pred,Individual,4
167,3,10,Pred,Individual,4
167,1,8,Pred,Individual,4
167,2,2,Pred,Individual,4
168,3,8,Pred,Individual,4
168,2,6,Pred,Individual,4
168,4,4,Pred,Individual,4
168,1,2,Pred,Individual,4
169,2,5,Pred,Individual,4
169,3,3,Pred,Individual,4
169,1,9,Pred,Individual,4
169,4,3,Pred,Individual,4
170,1,9,Pred,Individual,4
170,4,1,Pred,Individual,4
170,5,1,Pred,Individual,4
170,2,3,Pred,Individual,4
170,3,3,Pred,Individual,4
170,6,1,Pred,Individual,4
170,7,1,Pred,Individual,4
170,8,1,Pred,Individual,4
171,3,4,Pred,Individual,4
171,2,9,Pred,Individual,4
171,1,7,Pred,Individual,4
172,2,4,Pred,Individual,4
172,4,8,Pred,Individual,4
172,1,6,Pred,Individual,4
172,3,2,Pred,Individual,4
173,3,8,Pred,Individual,4
173,4,2,Pred,Individual,4
173,1,6,Pred,Individual,4
173,2,4,Pred,Individual,4
174,2,13,Pred,Individual,4
174,3,5,Pred,Individual,4
174,1,2,Pred,Individual,4
175,1,2,Pred,Individual,4
175,4,6,Pred,Individual,4
175,3,9,Pred,Individual,4
175,2,3,Pred,Individual,4
176,2,4,Pred,Individual,4
176,5,3,Pred,Individual,4
176,1,3,Pred,Individual,4
176,4,5,Pred,Individual,4
176,3,5,Pred,Individual,4
177,3,7,Pred,Individual,4
177,4,6,Pred,Individual,4
177,2,3,Pred,Individual,4
177,1,4,Pred,Individual,4
178,3,7,Pred,Individual,4
178,2,8,Pred,Individual,4
178,4,1,Pred,Individual,4
178,5,1,Pred,Individual,4
178,1,2,Pred,Individual,4
178,6,1,Pred,Individual,4
179,4,7,Pred,Individual,4
179,1,5,Pred,Individual,4
179,2,4,Pred,Individual,4
179,3,4,Pred,Individual,4
180,4,8,Pred,Individual,4
180,3,8,Pred,Individual,4
180,1,2,Pred,Individual,4
180,2,2,Pred,Individual,4
181,1,10,Pred,Individual,4
181,3,7,Pred,Individual,4
181,2,3,Pred,Individual,4
182,2,9,Pred,Individual,4
182,1,5,Pred,Individual,4
182,4,1,Pred,Individual,4
182,3,4,Pred,Individual,4
182,5,1,Pred,Individual,4
183,2,5,Pred,Individual,4
183,3,13,Pred,Individual,4
183,1,2,Pred,Individual,4
184,1,10,Pred,Individual,4
184,2,10,Pred,Individual,4
185,3,14,Pred,Individual,4
185,4,1,Pred,Individual,4
185,1,2,Pred,Individual,4
185,2,2,Pred,Individual,4
185,5,1,Pred,Individual,4
186,1,2,Pred,Individual,4
186,3,7,Pred,Individual,4
186,2,11,Pred,Individual,4
187,3,16,Pred,Individual,4
187,1,2,Pred,Individual,4
187,2,2,Pred,Individual,4
188,2,15,Pred,Individual,4
188,3,3,Pred,Individual,4
188,1,2,Pred,Individual,4
189,2,9,Pred,Individual,4
189,4,6,Pred,Individual,4
189,1,2,Pred,Individual,4
189,3,3,Pred,Individual,4
190,3,4,Pred,Individual,4
190,2,7,Pred,Individual,4
190,4,4,Pred,Individual,4
190,1,5,Pred,Individual,4
191,3,6,Pred,Individual,4
191,4,4,Pred,Individual,4
191,2,8,Pred,Individual,4
191,1,2,Pred,Individual,4
192,3,6,Pred,Individual,4
192,1,2,Pred,Individual,4
192,2,9,Pred,Individual,4
192,4,1,Pred,Individual,4
192,5,1,Pred,Individual,4
192,6,1,Pred,Individual,4
193,3,12,Pred,Individual,4
193,2,5,Pred,Individual,4
193,1,3,Pred,Individual,4
194,2,11,Pred,Individual,4
194,3,5,Pred,Individual,4
194,1,4,Pred,Individual,4
195,1,9,Pred,Individual,4
195,3,5,Pred,Individual,4
195,2,6,Pred,Individual,4
196,1,11,Pred,Individual,4
196,3,7,Pred,Individual,4
196,2,2,Pred,Individual,4
197,3,3,Pred,Individual,4
197,2,3,Pred,Individual,4
197,4,6,Pred,Individual,4
197,1,8,Pred,Individual,4
198,4,5,Pred,Individual,4
198,3,6,Pred,Individual,4
198,1,6,Pred,Individual,4
198,2,3,Pred,Individual,4
199,1,12,Pred,Individual,4
199,2,3,Pred,Individual,4
199,3,5,Pred,Individual,4
200,2,17,Pred,Individual,4
200,1,3,Pred,Individual,4
1,2,10,Pred,None,1
1,3,7,Pred,None,1
1,1,3,Pred,None,1
2,1,13,Pred,None,1
2,2,7,Pred,None,1
3,3,9,Pred,None,1
3,2,4,Pred,None,1
3,1,7,Pred,None,1
4,3,6,Pred,None,1
4,2,3,Pred,None,1
4,1,5,Pred,None,1
4,4,6,Pred,None,1
5,1,8,Pred,None,1
5,2,12,Pred,None,1
6,1,10,Pred,None,1
6,2,10,Pred,None,1
7,2,11,Pred,None,1
7,3,7,Pred,None,1
7,1,2,Pred,None,1
8,2,11,Pred,None,1
8,1,6,Pred,None,1
8,3,3,Pred,None,1
9,2,4,Pred,None,1
9,4,7,Pred,None,1
9,3,6,Pred,None,1
9,1,2,Pred,None,1
9,5,1,Pred,None,1
10,1,11,Pred,None,1
10,2,9,Pred,None,1
11,3,14,Pred,None,1
11,1,3,Pred,None,1
11,2,3,Pred,None,1
12,2,9,Pred,None,1
12,1,11,Pred,None,1
13,1,5,Pred,None,1
13,2,5,Pred,None,1
13,3,7,Pred,None,1
13,4,3,Pred,None,1
14,5,1,Pred,None,1
14,3,5,Pred,None,1
14,1,6,Pred,None,1
14,2,3,Pred,None,1
14,4,5,Pred,None,1
15,2,10,Pred,None,1
15,4,4,Pred,None,1
15,3,4,Pred,None,1
15,1,2,Pred,None,1
16,3,13,Pred,None,1
16,4,2,Pred,None,1
16,1,2,Pred,None,1
16,2,2,Pred,None,1
16,5,1,Pred,None,1
17,1,10,Pred,None,1
17,2,7,Pred,None,1
17,3,3,Pred,None,1
18,2,8,Pred,None,1
18,1,12,Pred,None,1
19,1,7,Pred,None,1
19,4,1,Pred,None,1
19,2,6,Pred,None,1
19,3,4,Pred,None,1
19,5,1,Pred,None,1
19,6,1,Pred,None,1
20,1,2,Pred,None,1
20,3,5,Pred,None,1
20,2,11,Pred,None,1
20,4,1,Pred,None,1
20,5,1,Pred,None,1
21,3,10,Pred,None,1
21,1,7,Pred,None,1
21,2,2,Pred,None,1
21,4,1,Pred,None,1
22,3,9,Pred,None,1
22,2,9,Pred,None,1
22,1,2,Pred,None,1
23,2,13,Pred,None,1
23,3,5,Pred,None,1
23,1,2,Pred,None,1
24,5,2,Pred,None,1
24,4,5,Pred,None,1
24,1,4,Pred,None,1
24,2,4,Pred,None,1
24,3,3,Pred,None,1
24,6,1,Pred,None,1
24,7,1,Pred,None,1
25,2,10,Pred,None,1
25,1,6,Pred,None,1
25,3,4,Pred,None,1
26,2,8,Pred,None,1
26,3,9,Pred,None,1
26,1,3,Pred,None,1
27,2,11,Pred,None,1
27,4,5,Pred,None,1
27,3,2,Pred,None,1
27,1,2,Pred,None,1
28,4,4,Pred,None,1
28,2,10,Pred,None,1
28,3,4,Pred,None,1
28,1,2,Pred,None,1
29,3,4,Pred,None,1
29,4,4,Pred,None,1
29,2,7,Pred,None,1
29,1,5,Pred,None,1
30,2,18,Pred,None,1
30,1,2,Pred,None,1
31,1,10,Pred,None,1
31,3,5,Pred,None,1
31,2,4,Pred,None,1
31,4,1,Pred,None,1
32,3,7,Pred,None,1
32,2,7,Pred,None,1
32,1,6,Pred,None,1
33,1,7,Pred,None,1
33,2,11,Pred,None,1
33,3,1,Pred,None,1
33,4,1,Pred,None,1
34,2,8,Pred,None,1
34,3,7,Pred,None,1
34,1,5,Pred,None,1
35,2,7,Pred,None,1
35,3,9,Pred,None,1
35,1,4,Pred,None,1
36,1,10,Pred,None,1
36,2,6,Pred,None,1
36,3,4,Pred,None,1
37,1,5,Pred,None,1
37,4,7,Pred,None,1
37,2,2,Pred,None,1
37,5,4,Pred,None,1
37,3,2,Pred,None,1
38,3,10,Pred,None,1
38,1,4,Pred,None,1
38,2,6,Pred,None,1
39,2,5,Pred,None,1
39,1,4,Pred,None,1
39,3,7,Pred,None,1
39,4,4,Pred,None,1
40,3,1,Pred,None,1
40,1,12,Pred,None,1
40,2,3,Pred,None,1
40,4,1,Pred,None,1
40,5,1,Pred,None,1
40,6,1,Pred,None,1
40,7,1,Pred,None,1
41,2,10,Pred,None,1
41,3,1,Pred,None,1
41,1,5,Pred,None,1
41,4,1,Pred,None,1
41,5,1,Pred,None,1
41,6,1,Pred,None,1
41,7,1,Pred,None,1
42,2,7,Pred,None,1
42,3,8,Pred,None,1
42,4,2,Pred,None,1
42,1,3,Pred,None,1
43,2,16,Pred,None,1
43,1,4,Pred,None,1
44,1,11,Pred,None,1
44,2,4,Pred,None,1
44,3,5,Pred,None,1
45,4,6,Pred,None,1
45,2,9,Pred,None,1
45,3,3,Pred,None,1
45,1,2,Pred,None,1
46,1,6,Pred,None,1
46,2,11,Pred,None,1
46,3,3,Pred,None,1
47,1,9,Pred,None,1
47,2,11,Pred,None,1
48,1,10,Pred,None,1
48,3,7,Pred,None,1
48,2,3,Pred,None,1
49,2,6,Pred,None,1
49,1,5,Pred,None,1
49,3,3,Pred,None,1
49,4,1,Pred,None,1
49,5,1,Pred,None,1
49,6,1,Pred,None,1
49,7,1,Pred,None,1
49,8,1,Pred,None,1
49,9,1,Pred,None,1
50,3,3,Pred,None,1
50,1,4,Pred,None,1
50,5,2,Pred,None,1
50,4,3,Pred,None,1
50,2,8,Pred,None,1
51,2,18,Pred,None,2
51,1,2,Pred,None,2
52,1,2,Pred,None,2
52,2,13,Pred,None,2
52,3,5,Pred,None,2
53,2,9,Pred,None,2
53,3,4,Pred,None,2
53,1,7,Pred,None,2
54,1,6,Pred,None,2
54,2,2,Pred,None,2
54,3,12,Pred,None,2
55,4,1,Pred,None,2
55,1,9,Pred,None,2
55,2,6,Pred,None,2
55,3,3,Pred,None,2
55,5,1,Pred,None,2
56,2,6,Pred,None,2
56,4,7,Pred,None,2
56,3,4,Pred,None,2
56,1,3,Pred,None,2
57,3,11,Pred,None,2
57,2,6,Pred,None,2
57,1,3,Pred,None,2
58,2,6,Pred,None,2
58,1,5,Pred,None,2
58,3,9,Pred,None,2
59,1,2,Pred,None,2
59,2,9,Pred,None,2
59,4,3,Pred,None,2
59,3,6,Pred,None,2
60,4,4,Pred,None,2
60,3,4,Pred,None,2
60,5,1,Pred,None,2
60,2,5,Pred,None,2
60,1,6,Pred,None,2
61,2,7,Pred,None,2
61,3,5,Pred,None,2
61,4,1,Pred,None,2
61,1,6,Pred,None,2
61,5,1,Pred,None,2
62,3,11,Pred,None,2
62,2,7,Pred,None,2
62,1,2,Pred,None,2
63,1,12,Pred,None,2
63,2,8,Pred,None,2
64,1,3,Pred,None,2
64,3,3,Pred,None,2
64,5,1,Pred,None,2
64,4,7,Pred,None,2
64,2,4,Pred,None,2
64,6,1,Pred,None,2
64,7,1,Pred,None,2
65,3,9,Pred,None,2
65,2,4,Pred,None,2
65,1,7,Pred,None,2
66,1,8,Pred,None,2
66,2,9,Pred,None,2
66,3,1,Pred,None,2
66,4,1,Pred,None,2
66,5,1,Pred,None,2
67,4,5,Pred,None,2
67,2,4,Pred,None,2
67,3,2,Pred,None,2
67,1,8,Pred,None,2
67,5,1,Pred,None,2
68,1,6,Pred,None,2
68,4,1,Pred,None,2
68,5,1,Pred,None,2
68,6,1,Pred,None,2
68,3,4,Pred,None,2
68,2,3,Pred,None,2
68,7,1,Pred,None,2
68,8,1,Pred,None,2
68,9,1,Pred,None,2
68,10,1,Pred,None,2
69,1,5,Pred,None,2
69,4,1,Pred,None,2
69,3,7,Pred,None,2
69,2,5,Pred,None,2
69,5,1,Pred,None,2
69,6,1,Pred,None,2
70,3,3,Pred,None,2
70,2,13,Pred,None,2
70,1,4,Pred,None,2
71,1,5,Pred,None,2
71,3,10,Pred,None,2
71,2,2,Pred,None,2
71,4,3,Pred,None,2
72,2,13,Pred,None,2
72,1,7,Pred,None,2
73,2,11,Pred,None,2
73,3,1,Pred,None,2
73,4,1,Pred,None,2
73,1,5,Pred,None,2
73,5,1,Pred,None,2
73,6,1,Pred,None,2
74,1,4,Pred,None,2
74,5,3,Pred,None,2
74,2,6,Pred,None,2
74,4,3,Pred,None,2
74,3,4,Pred,None,2
75,3,11,Pred,None,2
75,2,5,Pred,None,2
75,1,4,Pred,None,2
76,4,2,Pred,None,2
76,1,5,Pred,None,2
76,2,8,Pred,None,2
76,3,2,Pred,None,2
76,5,3,Pred,None,2
77,2,12,Pred,None,2
77,3,4,Pred,None,2
77,1,4,Pred,None,2
78,2,18,Pred,None,2
78,1,2,Pred,None,2
79,1,15,Pred,None,2
79,2,5,Pred,None,2
80,1,3,Pred,None,2
80,2,14,Pred,None,2
80,3,1,Pred,None,2
80,4,1,Pred,None,2
80,5,1,Pred,None,2
81,4,9,Pred,None,2
81,5,1,Pred,None,2
81,3,4,Pred,None,2
81,6,1,Pred,None,2
81,7,1,Pred,None,2
81,2,2,Pred,None,2
81,1,2,Pred,None,2
82,4,1,Pred,None,2
82,1,4,Pred,None,2
82,3,4,Pred,None,2
82,2,10,Pred,None,2
82,5,1,Pred,None,2
83,2,18,Pred,None,2
83,1,2,Pred,None,2
84,3,10,Pred,None,2
84,1,8,Pred,None,2
84,2,2,Pred,None,2
85,2,18,Pred,None,2
85,1,2,Pred,None,2
86,3,15,Pred,None,2
86,2,3,Pred,None,2
86,1,2,Pred,None,2
87,1,9,Pred,None,2
87,2,11,Pred,None,2
88,5,8,Pred,None,2
88,4,5,Pred,None,2
88,2,2,Pred,None,2
88,1,3,Pred,None,2
88,3,2,Pred,None,2
89,1,9,Pred,None,2
89,2,4,Pred,None,2
89,3,7,Pred,None,2
90,2,7,Pred,None,2
90,3,7,Pred,None,2
90,1,6,Pred,None,2
91,3,4,Pred,None,2
91,1,9,Pred,None,2
91,4,1,Pred,None,2
91,5,1,Pred,None,2
91,2,2,Pred,None,2
91,6,1,Pred,None,2
91,7,1,Pred,None,2
91,8,1,Pred,None,2
92,4,3,Pred,None,2
92,3,7,Pred,None,2
92,5,1,Pred,None,2
92,2,6,Pred,None,2
92,1,3,Pred,None,2
93,5,1,Pred,None,2
93,2,5,Pred,None,2
93,1,4,Pred,None,2
93,4,5,Pred,None,2
93,3,2,Pred,None,2
93,6,1,Pred,None,2
93,7,1,Pred,None,2
93,8,1,Pred,None,2
94,2,7,Pred,None,2
94,1,9,Pred,None,2
94,3,4,Pred,None,2
95,2,7,Pred,None,2
95,3,11,Pred,None,2
95,1,2,Pred,None,2
96,2,7,Pred,None,2
96,1,7,Pred,None,2
96,3,6,Pred,None,2
97,1,8,Pred,None,2
97,2,12,Pred,None,2
98,1,15,Pred,None,2
98,3,1,Pred,None,2
98,4,1,Pred,None,2
98,2,3,Pred,None,2
99,3,6,Pred,None,2
99,2,5,Pred,None,2
99,1,9,Pred,None,2
100,3,8,Pred,None,2
100,2,9,Pred,None,2
100,1,3,Pred,None,2
101,2,18,Pred,None,3
101,1,2,Pred,None,3
102,1,7,Pred,None,3
102,4,4,Pred,None,3
102,3,6,Pred,None,3
102,2,3,Pred,None,3
103,2,12,Pred,None,3
103,3,5,Pred,None,3
103,4,1,Pred,None,3
103,1,2,Pred,None,3
104,2,4,Pred,None,3
104,1,7,Pred,None,3
104,3,5,Pred,None,3
104,4,4,Pred,None,3
105,2,8,Pred,None,3
105,3,10,Pred,None,3
105,1,2,Pred,None,3
106,3,8,Pred,None,3
106,1,4,Pred,None,3
106,2,8,Pred,None,3
107,2,7,Pred,None,3
107,3,5,Pred,None,3
107,1,3,Pred,None,3
107,4,1,Pred,None,3
107,5,1,Pred,None,3
107,6,1,Pred,None,3
107,7,1,Pred,None,3
107,8,1,Pred,None,3
108,3,11,Pred,None,3
108,2,5,Pred,None,3
108,1,4,Pred,None,3
109,1,2,Pred,None,3
109,3,5,Pred,None,3
109,2,9,Pred,None,3
109,4,2,Pred,None,3
109,5,1,Pred,None,3
109,6,1,Pred,None,3
110,1,9,Pred,None,3
110,3,4,Pred,None,3
110,2,5,Pred,None,3
110,4,1,Pred,None,3
110,5,1,Pred,None,3
111,2,3,Pred,None,3
111,1,6,Pred,None,3
111,3,11,Pred,None,3
112,2,10,Pred,None,3
112,3,6,Pred,None,3
112,1,3,Pred,None,3
112,4,1,Pred,None,3
113,2,11,Pred,None,3
113,1,9,Pred,None,3
114,2,3,Pred,None,3
114,3,13,Pred,None,3
114,4,2,Pred,None,3
114,1,2,Pred,None,3
115,4,6,Pred,None,3
115,2,2,Pred,None,3
115,1,2,Pred,None,3
115,3,10,Pred,None,3
116,3,4,Pred,None,3
116,2,10,Pred,None,3
116,1,6,Pred,None,3
117,4,6,Pred,None,3
117,3,8,Pred,None,3
117,2,4,Pred,None,3
117,1,2,Pred,None,3
118,2,9,Pred,None,3
118,1,4,Pred,None,3
118,4,1,Pred,None,3
118,5,1,Pred,None,3
118,3,3,Pred,None,3
118,6,1,Pred,None,3
118,7,1,Pred,None,3
119,2,10,Pred,None,3
119,3,7,Pred,None,3
119,1,3,Pred,None,3
120,3,4,Pred,None,3
120,2,5,Pred,None,3
120,1,11,Pred,None,3
121,3,6,Pred,None,3
121,2,5,Pred,None,3
121,1,8,Pred,None,3
121,4,1,Pred,None,3
122,4,1,Pred,None,3
122,2,13,Pred,None,3
122,3,3,Pred,None,3
122,1,2,Pred,None,3
122,5,1,Pred,None,3
123,1,7,Pred,None,3
123,2,13,Pred,None,3
124,1,8,Pred,None,3
124,2,12,Pred,None,3
125,2,9,Pred,None,3
125,1,11,Pred,None,3
126,1,4,Pred,None,3
126,2,6,Pred,None,3
126,4,7,Pred,None,3
126,3,3,Pred,None,3
127,3,16,Pred,None,3
127,2,2,Pred,None,3
127,1,2,Pred,None,3
128,1,13,Pred,None,3
128,2,7,Pred,None,3
129,1,12,Pred,None,3
129,2,8,Pred,None,3
130,1,3,Pred,None,3
130,4,6,Pred,None,3
130,3,5,Pred,None,3
130,2,3,Pred,None,3
130,5,1,Pred,None,3
130,6,1,Pred,None,3
130,7,1,Pred,None,3
131,2,2,Pred,None,3
131,4,10,Pred,None,3
131,3,6,Pred,None,3
131,1,2,Pred,None,3
132,2,10,Pred,None,3
132,4,1,Pred,None,3
132,1,2,Pred,None,3
132,3,6,Pred,None,3
132,5,1,Pred,None,3
133,3,8,Pred,None,3
133,2,5,Pred,None,3
133,4,5,Pred,None,3
133,1,2,Pred,None,3
134,3,9,Pred,None,3
134,2,5,Pred,None,3
134,4,1,Pred,None,3
134,1,3,Pred,None,3
134,5,1,Pred,None,3
134,6,1,Pred,None,3
135,3,5,Pred,None,3
135,2,6,Pred,None,3
135,1,9,Pred,None,3
136,3,4,Pred,None,3
136,1,4,Pred,None,3
136,2,3,Pred,None,3
136,4,9,Pred,None,3
137,2,12,Pred,None,3
137,1,6,Pred,None,3
137,3,2,Pred,None,3
138,2,3,Pred,None,3
138,1,3,Pred,None,3
138,5,1,Pred,None,3
138,3,9,Pred,None,3
138,6,1,Pred,None,3
138,4,3,Pred,None,3
139,3,13,Pred,None,3
139,1,3,Pred,None,3
139,2,4,Pred,None,3
140,1,3,Pred,None,3
140,3,10,Pred,None,3
140,2,7,Pred,None,3
141,3,13,Pred,None,3
141,1,3,Pred,None,3
141,2,4,Pred,None,3
142,1,6,Pred,None,3
142,2,14,Pred,None,3
143,1,2,Pred,None,3
143,2,3,Pred,None,3
143,4,13,Pred,None,3
143,3,2,Pred,None,3
144,2,7,Pred,None,3
144,1,7,Pred,None,3
144,3,3,Pred,None,3
144,4,1,Pred,None,3
144,5,1,Pred,None,3
144,6,1,Pred,None,3
145,1,4,Pred,None,3
145,4,5,Pred,None,3
145,3,7,Pred,None,3
145,2,4,Pred,None,3
146,1,7,Pred,None,3
146,2,13,Pred,None,3
147,1,6,Pred,None,3
147,3,11,Pred,None,3
147,2,3,Pred,None,3
148,1,5,Pred,None,3
148,3,5,Pred,None,3
148,2,10,Pred,None,3
149,3,10,Pred,None,3
149,4,6,Pred,None,3
149,2,2,Pred,None,3
149,1,2,Pred,None,3
150,3,10,Pred,None,3
150,1,7,Pred,None,3
150,2,3,Pred,None,3
151,3,11,Pred,None,4
151,2,7,Pred,None,4
151,1,2,Pred,None,4
152,2,3,Pred,None,4
152,3,9,Pred,None,4
152,1,2,Pred,None,4
152,4,6,Pred,None,4
153,2,5,Pred,None,4
153,3,9,Pred,None,4
153,4,3,Pred,None,4
153,5,1,Pred,None,4
153,1,2,Pred,None,4
154,3,13,Pred,None,4
154,2,2,Pred,None,4
154,4,3,Pred,None,4
154,1,2,Pred,None,4
155,3,11,Pred,None,4
155,2,7,Pred,None,4
155,1,2,Pred,None,4
156,1,6,Pred,None,4
156,3,5,Pred,None,4
156,2,5,Pred,None,4
156,4,4,Pred,None,4
157,3,6,Pred,None,4
157,2,12,Pred,None,4
157,1,2,Pred,None,4
158,4,8,Pred,None,4
158,3,4,Pred,None,4
158,1,6,Pred,None,4
158,2,2,Pred,None,4
159,4,4,Pred,None,4
159,1,7,Pred,None,4
159,2,6,Pred,None,4
159,3,3,Pred,None,4
160,2,3,Pred,None,4
160,3,13,Pred,None,4
160,1,3,Pred,None,4
160,4,1,Pred,None,4
161,2,14,Pred,None,4
161,1,6,Pred,None,4
162,3,8,Pred,None,4
162,2,9,Pred,None,4
162,1,3,Pred,None,4
163,1,7,Pred,None,4
163,2,6,Pred,None,4
163,3,4,Pred,None,4
163,4,1,Pred,None,4
163,5,1,Pred,None,4
163,6,1,Pred,None,4
164,3,8,Pred,None,4
164,1,9,Pred,None,4
164,2,3,Pred,None,4
165,2,6,Pred,None,4
165,1,10,Pred,None,4
165,3,4,Pred,None,4
166,1,5,Pred,None,4
166,2,6,Pred,None,4
166,3,9,Pred,None,4
167,3,8,Pred,None,4
167,5,1,Pred,None,4
167,2,5,Pred,None,4
167,1,4,Pred,None,4
167,4,2,Pred,None,4
168,1,9,Pred,None,4
168,2,11,Pred,None,4
169,1,4,Pred,None,4
169,3,13,Pred,None,4
169,2,3,Pred,None,4
170,3,14,Pred,None,4
170,2,4,Pred,None,4
170,1,2,Pred,None,4
171,5,3,Pred,None,4
171,6,4,Pred,None,4
171,2,5,Pred,None,4
171,1,2,Pred,None,4
171,4,3,Pred,None,4
171,3,3,Pred,None,4
172,2,15,Pred,None,4
172,3,3,Pred,None,4
172,1,2,Pred,None,4
173,2,12,Pred,None,4
173,1,2,Pred,None,4
173,3,4,Pred,None,4
173,4,1,Pred,None,4
173,5,1,Pred,None,4
174,3,6,Pred,None,4
174,1,4,Pred,None,4
174,2,10,Pred,None,4
175,3,5,Pred,None,4
175,4,6,Pred,None,4
175,2,4,Pred,None,4
175,5,1,Pred,None,4
175,1,2,Pred,None,4
175,6,1,Pred,None,4
175,7,1,Pred,None,4
176,2,6,Pred,None,4
176,3,8,Pred,None,4
176,1,6,Pred,None,4
177,2,9,Pred,None,4
177,4,1,Pred,None,4
177,1,2,Pred,None,4
177,3,5,Pred,None,4
177,5,1,Pred,None,4
177,6,1,Pred,None,4
177,7,1,Pred,None,4
178,2,10,Pred,None,4
178,1,7,Pred,None,4
178,3,3,Pred,None,4
179,2,5,Pred,None,4
179,1,4,Pred,None,4
179,3,7,Pred,None,4
179,4,4,Pred,None,4
180,1,9,Pred,None,4
180,3,5,Pred,None,4
180,2,5,Pred,None,4
180,4,1,Pred,None,4
181,2,8,Pred,None,4
181,4,4,Pred,None,4
181,3,5,Pred,None,4
181,1,3,Pred,None,4
182,2,12,Pred,None,4
182,3,5,Pred,None,4
182,1,3,Pred,None,4
183,1,2,Pred,None,4
183,3,12,Pred,None,4
183,2,4,Pred,None,4
183,4,1,Pred,None,4
183,5,1,Pred,None,4
184,3,10,Pred,None,4
184,2,7,Pred,None,4
184,1,2,Pred,None,4
184,4,1,Pred,None,4
185,2,4,Pred,None,4
185,1,13,Pred,None,4
185,3,3,Pred,None,4
186,2,16,Pred,None,4
186,3,1,Pred,None,4
186,1,2,Pred,None,4
186,4,1,Pred,None,4
187,2,12,Pred,None,4
187,3,4,Pred,None,4
187,1,4,Pred,None,4
188,1,10,Pred,None,4
188,4,4,Pred,None,4
188,3,4,Pred,None,4
188,2,2,Pred,None,4
189,4,5,Pred,None,4
189,2,8,Pred,None,4
189,5,3,Pred,None,4
189,1,2,Pred,None,4
189,3,2,Pred,None,4
190,4,1,Pred,None,4
190,1,4,Pred,None,4
190,3,3,Pred,None,4
190,5,1,Pred,None,4
190,6,1,Pred,None,4
190,7,1,Pred,None,4
190,8,1,Pred,None,4
190,2,6,Pred,None,4
190,9,1,Pred,None,4
190,10,1,Pred,None,4
191,4,1,Pred,None,4
191,2,6,Pred,None,4
191,1,6,Pred,None,4
191,3,6,Pred,None,4
191,5,1,Pred,None,4
192,1,3,Pred,None,4
192,3,6,Pred,None,4
192,2,11,Pred,None,4
193,3,11,Pred,None,4
193,2,2,Pred,None,4
193,4,5,Pred,None,4
193,1,2,Pred,None,4
194,4,11,Pred,None,4
194,2,4,Pred,None,4
194,3,3,Pred,None,4
194,1,2,Pred,None,4
195,4,6,Pred,None,4
195,2,5,Pred,None,4
195,1,5,Pred,None,4
195,5,1,Pred,None,4
195,3,3,Pred,None,4
196,2,2,Pred,None,4
196,1,8,Pred,None,4
196,3,10,Pred,None,4
197,1,5,Pred,None,4
197,3,10,Pred,None,4
197,4,1,Pred,None,4
197,2,3,Pred,None,4
197,5,1,Pred,None,4
198,2,10,Pred,None,4
198,1,6,Pred,None,4
198,3,1,Pred,None,4
198,4,1,Pred,None,4
198,5,1,Pred,None,4
198,6,1,Pred,None,4
199,4,1,Pred,None,4
199,1,7,Pred,None,4
199,2,8,Pred,None,4
199,3,3,Pred,None,4
199,5,1,Pred,None,4
200,3,7,Pred,None,4
200,2,4,Pred,None,4
200,1,9,Pred,None,4
1,2,10,Pred,Shared,1
1,3,2,Pred,Shared,1
1,1,8,Pred,Shared,1
2,1,15,Pred,Shared,1
2,2,5,Pred,Shared,1
3,2,9,Pred,Shared,1
3,1,11,Pred,Shared,1
4,1,6,Pred,Shared,1
4,3,11,Pred,Shared,1
4,2,3,Pred,Shared,1
5,1,8,Pred,Shared,1
5,2,12,Pred,Shared,1
6,4,4,Pred,Shared,1
6,3,6,Pred,Shared,1
6,2,8,Pred,Shared,1
6,1,2,Pred,Shared,1
7,1,8,Pred,Shared,1
7,3,5,Pred,Shared,1
7,4,1,Pred,Shared,1
7,2,5,Pred,Shared,1
7,5,1,Pred,Shared,1
8,2,8,Pred,Shared,1
8,4,5,Pred,Shared,1
8,3,4,Pred,Shared,1
8,1,2,Pred,Shared,1
8,5,1,Pred,Shared,1
9,2,9,Pred,Shared,1
9,1,11,Pred,Shared,1
10,2,18,Pred,Shared,1
10,1,2,Pred,Shared,1
11,2,10,Pred,Shared,1
11,4,6,Pred,Shared,1
11,1,2,Pred,Shared,1
11,3,2,Pred,Shared,1
12,4,12,Pred,Shared,1
12,1,2,Pred,Shared,1
12,3,4,Pred,Shared,1
12,2,2,Pred,Shared,1
13,2,6,Pred,Shared,1
13,1,4,Pred,Shared,1
13,3,10,Pred,Shared,1
14,2,7,Pred,Shared,1
14,1,13,Pred,Shared,1
15,1,9,Pred,Shared,1
15,2,11,Pred,Shared,1
16,4,8,Pred,Shared,1
16,1,2,Pred,Shared,1
16,2,8,Pred,Shared,1
16,3,2,Pred,Shared,1
17,3,5,Pred,Shared,1
17,4,5,Pred,Shared,1
17,2,8,Pred,Shared,1
17,1,2,Pred,Shared,1
18,3,5,Pred,Shared,1
18,1,13,Pred,Shared,1
18,2,2,Pred,Shared,1
19,2,13,Pred,Shared,1
19,1,2,Pred,Shared,1
19,4,1,Pred,Shared,1
19,3,3,Pred,Shared,1
19,5,1,Pred,Shared,1
20,1,2,Pred,Shared,1
20,3,3,Pred,Shared,1
20,2,13,Pred,Shared,1
20,4,1,Pred,Shared,1
20,5,1,Pred,Shared,1
21,5,1,Pred,Shared,1
21,6,1,Pred,Shared,1
21,4,3,Pred,Shared,1
21,3,8,Pred,Shared,1
21,2,3,Pred,Shared,1
21,1,3,Pred,Shared,1
21,7,1,Pred,Shared,1
22,1,7,Pred,Shared,1
22,3,3,Pred,Shared,1
22,2,10,Pred,Shared,1
23,1,11,Pred,Shared,1
23,2,9,Pred,Shared,1
24,1,3,Pred,Shared,1
24,3,6,Pred,Shared,1
24,2,11,Pred,Shared,1
25,5,1,Pred,Shared,1
25,2,3,Pred,Shared,1
25,1,6,Pred,Shared,1
25,6,1,Pred,Shared,1
25,3,5,Pred,Shared,1
25,4,3,Pred,Shared,1
25,7,1,Pred,Shared,1
26,1,9,Pred,Shared,1
26,2,11,Pred,Shared,1
27,2,2,Pred,Shared,1
27,3,14,Pred,Shared,1
27,1,2,Pred,Shared,1
27,4,1,Pred,Shared,1
27,5,1,Pred,Shared,1
28,4,1,Pred,Shared,1
28,1,2,Pred,Shared,1
28,2,8,Pred,Shared,1
28,3,7,Pred,Shared,1
28,5,1,Pred,Shared,1
28,6,1,Pred,Shared,1
29,4,7,Pred,Shared,1
29,3,2,Pred,Shared,1
29,1,5,Pred,Shared,1
29,2,3,Pred,Shared,1
29,5,3,Pred,Shared,1
30,1,3,Pred,Shared,1
30,4,1,Pred,Shared,1
30,2,7,Pred,Shared,1
30,5,1,Pred,Shared,1
30,6,1,Pred,Shared,1
30,7,1,Pred,Shared,1
30,8,1,Pred,Shared,1
30,9,1,Pred,Shared,1
30,10,1,Pred,Shared,1
30,11,1,Pred,Shared,1
30,3,2,Pred,Shared,1
31,1,2,Pred,Shared,1
31,3,7,Pred,Shared,1
31,2,11,Pred,Shared,1
32,2,18,Pred,Shared,1
32,1,2,Pred,Shared,1
33,1,7,Pred,Shared,1
33,2,6,Pred,Shared,1
33,5,1,Pred,Shared,1
33,3,2,Pred,Shared,1
33,4,3,Pred,Shared,1
33,6,1,Pred,Shared,1
34,2,9,Pred,Shared,1
34,3,5,Pred,Shared,1
34,1,6,Pred,Shared,1
35,2,10,Pred,Shared,1
35,3,5,Pred,Shared,1
35,1,5,Pred,Shared,1
36,2,10,Pred,Shared,1
36,1,2,Pred,Shared,1
36,4,5,Pred,Shared,1
36,3,3,Pred,Shared,1
37,2,10,Pred,Shared,1
37,3,8,Pred,Shared,1
37,1,2,Pred,Shared,1
38,3,4,Pred,Shared,1
38,4,1,Pred,Shared,1
38,5,1,Pred,Shared,1
38,1,10,Pred,Shared,1
38,2,2,Pred,Shared,1
38,6,1,Pred,Shared,1
38,7,1,Pred,Shared,1
39,3,7,Pred,Shared,1
39,1,3,Pred,Shared,1
39,4,4,Pred,Shared,1
39,5,1,Pred,Shared,1
39,6,1,Pred,Shared,1
39,2,3,Pred,Shared,1
39,7,1,Pred,Shared,1
40,1,6,Pred,Shared,1
40,2,11,Pred,Shared,1
40,3,3,Pred,Shared,1
41,2,10,Pred,Shared,1
41,1,3,Pred,Shared,1
41,3,4,Pred,Shared,1
41,4,3,Pred,Shared,1
42,1,9,Pred,Shared,1
42,2,8,Pred,Shared,1
42,3,3,Pred,Shared,1
43,1,2,Pred,Shared,1
43,2,12,Pred,Shared,1
43,3,6,Pred,Shared,1
44,3,4,Pred,Shared,1
44,1,7,Pred,Shared,1
44,2,9,Pred,Shared,1
45,3,3,Pred,Shared,1
45,1,3,Pred,Shared,1
45,2,6,Pred,Shared,1
45,4,8,Pred,Shared,1
46,1,7,Pred,Shared,1
46,2,10,Pred,Shared,1
46,3,1,Pred,Shared,1
46,4,1,Pred,Shared,1
46,5,1,Pred,Shared,1
47,2,11,Pred,Shared,1
47,4,4,Pred,Shared,1
47,1,3,Pred,Shared,1
47,3,2,Pred,Shared,1
48,3,11,Pred,Shared,1
48,1,2,Pred,Shared,1
48,2,7,Pred,Shared,1
49,2,9,Pred,Shared,1
49,1,11,Pred,Shared,1
50,2,6,Pred,Shared,1
50,1,3,Pred,Shared,1
50,4,4,Pred,Shared,1
50,3,7,Pred,Shared,1
51,2,8,Pred,Shared,2
51,1,12,Pred,Shared,2
52,2,6,Pred,Shared,2
52,3,7,Pred,Shared,2
52,4,5,Pred,Shared,2
52,1,2,Pred,Shared,2
53,1,2,Pred,Shared,2
53,4,1,Pred,Shared,2
53,3,9,Pred,Shared,2
53,2,6,Pred,Shared,2
53,5,1,Pred,Shared,2
53,6,1,Pred,Shared,2
54,2,8,Pred,Shared,2
54,1,6,Pred,Shared,2
54,3,6,Pred,Shared,2
55,3,6,Pred,Shared,2
55,2,7,Pred,Shared,2
55,1,7,Pred,Shared,2
56,2,6,Pred,Shared,2
56,3,11,Pred,Shared,2
56,1,3,Pred,Shared,2
57,3,1,Pred,Shared,2
57,2,8,Pred,Shared,2
57,4,1,Pred,Shared,2
57,1,9,Pred,Shared,2
57,5,1,Pred,Shared,2
58,2,17,Pred,Shared,2
58,1,3,Pred,Shared,2
59,6,1,Pred,Shared,2
59,2,3,Pred,Shared,2
59,3,7,Pred,Shared,2
59,4,2,Pred,Shared,2
59,5,4,Pred,Shared,2
59,1,3,Pred,Shared,2
60,3,10,Pred,Shared,2
60,2,3,Pred,Shared,2
60,1,2,Pred,Shared,2
60,4,1,Pred,Shared,2
60,5,1,Pred,Shared,2
60,6,1,Pred,Shared,2
60,7,1,Pred,Shared,2
60,8,1,Pred,Shared,2
61,3,12,Pred,Shared,2
61,2,6,Pred,Shared,2
61,1,2,Pred,Shared,2
62,1,5,Pred,Shared,2
62,3,8,Pred,Shared,2
62,2,7,Pred,Shared,2
63,2,6,Pred,Shared,2
63,3,11,Pred,Shared,2
63,1,3,Pred,Shared,2
64,2,11,Pred,Shared,2
64,1,9,Pred,Shared,2
65,4,9,Pred,Shared,2
65,3,2,Pred,Shared,2
65,1,4,Pred,Shared,2
65,2,3,Pred,Shared,2
65,5,1,Pred,Shared,2
65,6,1,Pred,Shared,2
66,2,9,Pred,Shared,2
66,1,7,Pred,Shared,2
66,3,3,Pred,Shared,2
66,4,1,Pred,Shared,2
67,4,1,Pred,Shared,2
67,2,8,Pred,Shared,2
67,5,1,Pred,Shared,2
67,1,7,Pred,Shared,2
67,3,2,Pred,Shared,2
67,6,1,Pred,Shared,2
68,4,3,Pred,Shared,2
68,3,9,Pred,Shared,2
68,5,2,Pred,Shared,2
68,1,2,Pred,Shared,2
68,6,1,Pred,Shared,2
68,7,1,Pred,Shared,2
68,2,2,Pred,Shared,2
69,2,7,Pred,Shared,2
69,3,7,Pred,Shared,2
69,1,6,Pred,Shared,2
70,2,4,Pred,Shared,2
70,1,4,Pred,Shared,2
70,3,11,Pred,Shared,2
70,4,1,Pred,Shared,2
71,2,4,Pred,Shared,2
71,3,2,Pred,Shared,2
71,4,3,Pred,Shared,2
71,5,2,Pred,Shared,2
71,1,6,Pred,Shared,2
71,6,1,Pred,Shared,2
71,7,1,Pred,Shared,2
71,8,1,Pred,Shared,2
72,3,8,Pred,Shared,2
72,1,2,Pred,Shared,2
72,2,5,Pred,Shared,2
72,4,5,Pred,Shared,2
73,2,4,Pred,Shared,2
73,3,7,Pred,Shared,2
73,1,9,Pred,Shared,2
74,1,11,Pred,Shared,2
74,2,9,Pred,Shared,2
75,3,1,Pred,Shared,2
75,2,9,Pred,Shared,2
75,1,9,Pred,Shared,2
75,4,1,Pred,Shared,2
76,3,7,Pred,Shared,2
76,2,11,Pred,Shared,2
76,1,2,Pred,Shared,2
77,3,6,Pred,Shared,2
77,2,7,Pred,Shared,2
77,4,1,Pred,Shared,2
77,5,1,Pred,Shared,2
77,6,1,Pred,Shared,2
77,7,1,Pred,Shared,2
77,1,2,Pred,Shared,2
77,8,1,Pred,Shared,2
78,2,4,Pred,Shared,2
78,1,5,Pred,Shared,2
78,3,4,Pred,Shared,2
78,4,7,Pred,Shared,2
79,3,6,Pred,Shared,2
79,1,8,Pred,Shared,2
79,2,6,Pred,Shared,2
80,5,1,Pred,Shared,2
80,2,3,Pred,Shared,2
80,3,6,Pred,Shared,2
80,1,3,Pred,Shared,2
80,4,7,Pred,Shared,2
81,2,6,Pred,Shared,2
81,3,7,Pred,Shared,2
81,1,3,Pred,Shared,2
81,4,4,Pred,Shared,2
82,1,9,Pred,Shared,2
82,3,8,Pred,Shared,2
82,2,3,Pred,Shared,2
83,1,5,Pred,Shared,2
83,2,15,Pred,Shared,2
84,2,10,Pred,Shared,2
84,4,3,Pred,Shared,2
84,3,5,Pred,Shared,2
84,1,2,Pred,Shared,2
85,2,9,Pred,Shared,2
85,3,3,Pred,Shared,2
85,1,6,Pred,Shared,2
85,4,1,Pred,Shared,2
85,5,1,Pred,Shared,2
86,1,5,Pred,Shared,2
86,2,7,Pred,Shared,2
86,3,8,Pred,Shared,2
87,3,7,Pred,Shared,2
87,1,5,Pred,Shared,2
87,2,8,Pred,Shared,2
88,2,8,Pred,Shared,2
88,4,6,Pred,Shared,2
88,1,4,Pred,Shared,2
88,3,2,Pred,Shared,2
89,2,8,Pred,Shared,2
89,3,5,Pred,Shared,2
89,1,4,Pred,Shared,2
89,4,1,Pred,Shared,2
89,5,1,Pred,Shared,2
89,6,1,Pred,Shared,2
90,2,7,Pred,Shared,2
90,1,9,Pred,Shared,2
90,3,4,Pred,Shared,2
91,3,7,Pred,Shared,2
91,2,8,Pred,Shared,2
91,1,3,Pred,Shared,2
91,4,2,Pred,Shared,2
92,3,15,Pred,Shared,2
92,1,2,Pred,Shared,2
92,2,3,Pred,Shared,2
93,3,12,Pred,Shared,2
93,2,3,Pred,Shared,2
93,1,5,Pred,Shared,2
94,3,14,Pred,Shared,2
94,2,2,Pred,Shared,2
94,1,4,Pred,Shared,2
95,2,7,Pred,Shared,2
95,1,8,Pred,Shared,2
95,3,5,Pred,Shared,2
96,1,5,Pred,Shared,2
96,2,15,Pred,Shared,2
97,1,10,Pred,Shared,2
97,2,10,Pred,Shared,2
98,2,14,Pred,Shared,2
98,3,3,Pred,Shared,2
98,1,3,Pred,Shared,2
99,1,9,Pred,Shared,2
99,3,3,Pred,Shared,2
99,2,8,Pred,Shared,2
100,1,9,Pred,Shared,2
100,3,4,Pred,Shared,2
100,2,7,Pred,Shared,2
101,4,1,Pred,Shared,3
101,3,13,Pred,Shared,3
101,1,3,Pred,Shared,3
101,2,3,Pred,Shared,3
102,2,14,Pred,Shared,3
102,1,6,Pred,Shared,3
103,4,1,Pred,Shared,3
103,2,8,Pred,Shared,3
103,3,7,Pred,Shared,3
103,1,4,Pred,Shared,3
104,1,15,Pred,Shared,3
104,2,5,Pred,Shared,3
105,2,6,Pred,Shared,3
105,3,6,Pred,Shared,3
105,5,1,Pred,Shared,3
105,1,2,Pred,Shared,3
105,4,4,Pred,Shared,3
105,6,1,Pred,Shared,3
106,1,8,Pred,Shared,3
106,3,6,Pred,Shared,3
106,2,6,Pred,Shared,3
107,2,7,Pred,Shared,3
107,4,4,Pred,Shared,3
107,3,5,Pred,Shared,3
107,1,4,Pred,Shared,3
108,2,12,Pred,Shared,3
108,1,8,Pred,Shared,3
109,2,8,Pred,Shared,3
109,4,1,Pred,Shared,3
109,3,6,Pred,Shared,3
109,1,3,Pred,Shared,3
109,5,1,Pred,Shared,3
109,6,1,Pred,Shared,3
110,4,8,Pred,Shared,3
110,5,1,Pred,Shared,3
110,3,2,Pred,Shared,3
110,1,2,Pred,Shared,3
110,2,7,Pred,Shared,3
111,3,7,Pred,Shared,3
111,2,10,Pred,Shared,3
111,1,3,Pred,Shared,3
112,2,8,Pred,Shared,3
112,4,5,Pred,Shared,3
112,1,2,Pred,Shared,3
112,3,5,Pred,Shared,3
113,1,11,Pred,Shared,3
113,3,5,Pred,Shared,3
113,2,4,Pred,Shared,3
114,2,11,Pred,Shared,3
114,1,9,Pred,Shared,3
115,5,3,Pred,Shared,3
115,6,1,Pred,Shared,3
115,2,3,Pred,Shared,3
115,1,2,Pred,Shared,3
115,3,7,Pred,Shared,3
115,4,2,Pred,Shared,3
115,7,1,Pred,Shared,3
115,8,1,Pred,Shared,3
116,1,4,Pred,Shared,3
116,2,10,Pred,Shared,3
116,3,4,Pred,Shared,3
116,4,2,Pred,Shared,3
117,5,4,Pred,Shared,3
117,3,4,Pred,Shared,3
117,4,7,Pred,Shared,3
117,1,3,Pred,Shared,3
117,2,2,Pred,Shared,3
118,5,1,Pred,Shared,3
118,2,4,Pred,Shared,3
118,1,5,Pred,Shared,3
118,4,4,Pred,Shared,3
118,6,1,Pred,Shared,3
118,3,4,Pred,Shared,3
118,7,1,Pred,Shared,3
119,3,5,Pred,Shared,3
119,1,11,Pred,Shared,3
119,2,4,Pred,Shared,3
120,1,9,Pred,Shared,3
120,2,11,Pred,Shared,3
121,5,1,Pred,Shared,3
121,3,5,Pred,Shared,3
121,6,1,Pred,Shared,3
121,2,3,Pred,Shared,3
121,4,7,Pred,Shared,3
121,1,3,Pred,Shared,3
122,3,3,Pred,Shared,3
122,2,11,Pred,Shared,3
122,1,6,Pred,Shared,3
123,3,4,Pred,Shared,3
123,4,7,Pred,Shared,3
123,1,6,Pred,Shared,3
123,2,3,Pred,Shared,3
124,2,5,Pred,Shared,3
124,1,15,Pred,Shared,3
125,1,2,Pred,Shared,3
125,2,12,Pred,Shared,3
125,3,6,Pred,Shared,3
126,2,13,Pred,Shared,3
126,1,3,Pred,Shared,3
126,3,4,Pred,Shared,3
127,4,4,Pred,Shared,3
127,1,2,Pred,Shared,3
127,2,12,Pred,Shared,3
127,3,2,Pred,Shared,3
128,4,3,Pred,Shared,3
128,3,4,Pred,Shared,3
128,2,4,Pred,Shared,3
128,1,9,Pred,Shared,3
129,2,18,Pred,Shared,3
129,1,2,Pred,Shared,3
130,3,5,Pred,Shared,3
130,1,6,Pred,Shared,3
130,2,9,Pred,Shared,3
131,2,13,Pred,Shared,3
131,1,7,Pred,Shared,3
132,2,13,Pred,Shared,3
132,3,5,Pred,Shared,3
132,1,2,Pred,Shared,3
133,1,5,Pred,Shared,3
133,2,4,Pred,Shared,3
133,3,6,Pred,Shared,3
133,4,4,Pred,Shared,3
133,5,1,Pred,Shared,3
134,2,5,Pred,Shared,3
134,4,10,Pred,Shared,3
134,3,3,Pred,Shared,3
134,1,2,Pred,Shared,3
135,2,7,Pred,Shared,3
135,1,6,Pred,Shared,3
135,4,4,Pred,Shared,3
135,3,3,Pred,Shared,3
136,1,10,Pred,Shared,3
136,2,5,Pred,Shared,3
136,3,5,Pred,Shared,3
137,1,2,Pred,Shared,3
137,2,8,Pred,Shared,3
137,3,7,Pred,Shared,3
137,4,1,Pred,Shared,3
137,5,1,Pred,Shared,3
137,6,1,Pred,Shared,3
138,2,9,Pred,Shared,3
138,1,2,Pred,Shared,3
138,3,9,Pred,Shared,3
139,1,7,Pred,Shared,3
139,2,13,Pred,Shared,3
140,3,8,Pred,Shared,3
140,4,2,Pred,Shared,3
140,5,1,Pred,Shared,3
140,2,4,Pred,Shared,3
140,6,1,Pred,Shared,3
140,7,1,Pred,Shared,3
140,1,2,Pred,Shared,3
140,8,1,Pred,Shared,3
141,5,1,Pred,Shared,3
141,3,4,Pred,Shared,3
141,4,3,Pred,Shared,3
141,2,5,Pred,Shared,3
141,6,1,Pred,Shared,3
141,7,1,Pred,Shared,3
141,1,4,Pred,Shared,3
141,8,1,Pred,Shared,3
142,1,9,Pred,Shared,3
142,3,8,Pred,Shared,3
142,2,3,Pred,Shared,3
143,4,3,Pred,Shared,3
143,1,6,Pred,Shared,3
143,3,9,Pred,Shared,3
143,2,2,Pred,Shared,3
144,2,4,Pred,Shared,3
144,1,6,Pred,Shared,3
144,3,9,Pred,Shared,3
144,4,1,Pred,Shared,3
145,3,8,Pred,Shared,3
145,2,6,Pred,Shared,3
145,4,3,Pred,Shared,3
145,1,3,Pred,Shared,3
146,2,13,Pred,Shared,3
146,1,7,Pred,Shared,3
147,2,18,Pred,Shared,3
147,1,2,Pred,Shared,3
148,3,9,Pred,Shared,3
148,1,8,Pred,Shared,3
148,2,3,Pred,Shared,3
149,2,7,Pred,Shared,3
149,3,8,Pred,Shared,3
149,4,3,Pred,Shared,3
149,1,2,Pred,Shared,3
150,1,8,Pred,Shared,3
150,2,10,Pred,Shared,3
150,3,2,Pred,Shared,3
151,1,2,Pred,Shared,4
151,3,7,Pred,Shared,4
151,2,11,Pred,Shared,4
152,2,15,Pred,Shared,4
152,1,5,Pred,Shared,4
153,4,1,Pred,Shared,4
153,1,5,Pred,Shared,4
153,3,3,Pred,Shared,4
153,2,7,Pred,Shared,4
153,5,1,Pred,Shared,4
153,6,1,Pred,Shared,4
153,7,1,Pred,Shared,4
153,8,1,Pred,Shared,4
154,3,4,Pred,Shared,4
154,2,13,Pred,Shared,4
154,1,3,Pred,Shared,4
155,3,12,Pred,Shared,4
155,1,4,Pred,Shared,4
155,2,4,Pred,Shared,4
156,1,8,Pred,Shared,4
156,3,1,Pred,Shared,4
156,2,10,Pred,Shared,4
156,4,1,Pred,Shared,4
157,2,10,Pred,Shared,4
157,3,4,Pred,Shared,4
157,1,6,Pred,Shared,4
158,3,4,Pred,Shared,4
158,1,4,Pred,Shared,4
158,2,7,Pred,Shared,4
158,4,5,Pred,Shared,4
159,2,18,Pred,Shared,4
159,1,2,Pred,Shared,4
160,4,2,Pred,Shared,4
160,3,4,Pred,Shared,4
160,1,8,Pred,Shared,4
160,5,4,Pred,Shared,4
160,2,2,Pred,Shared,4
161,1,9,Pred,Shared,4
161,2,11,Pred,Shared,4
162,4,3,Pred,Shared,4
162,5,2,Pred,Shared,4
162,2,4,Pred,Shared,4
162,3,8,Pred,Shared,4
162,1,3,Pred,Shared,4
163,3,12,Pred,Shared,4
163,2,5,Pred,Shared,4
163,1,3,Pred,Shared,4
164,2,8,Pred,Shared,4
164,1,2,Pred,Shared,4
164,3,10,Pred,Shared,4
165,2,6,Pred,Shared,4
165,3,3,Pred,Shared,4
165,1,6,Pred,Shared,4
165,4,5,Pred,Shared,4
166,3,6,Pred,Shared,4
166,1,8,Pred,Shared,4
166,2,6,Pred,Shared,4
167,4,4,Pred,Shared,4
167,1,6,Pred,Shared,4
167,2,6,Pred,Shared,4
167,3,4,Pred,Shared,4
168,2,3,Pred,Shared,4
168,3,10,Pred,Shared,4
168,1,7,Pred,Shared,4
169,1,2,Pred,Shared,4
169,2,12,Pred,Shared,4
169,3,5,Pred,Shared,4
169,4,1,Pred,Shared,4
170,4,1,Pred,Shared,4
170,3,4,Pred,Shared,4
170,1,4,Pred,Shared,4
170,5,1,Pred,Shared,4
170,2,7,Pred,Shared,4
170,6,1,Pred,Shared,4
170,7,1,Pred,Shared,4
170,8,1,Pred,Shared,4
171,3,5,Pred,Shared,4
171,2,9,Pred,Shared,4
171,4,4,Pred,Shared,4
171,1,2,Pred,Shared,4
172,3,7,Pred,Shared,4
172,2,2,Pred,Shared,4
172,1,11,Pred,Shared,4
173,4,1,Pred,Shared,4
173,1,4,Pred,Shared,4
173,5,1,Pred,Shared,4
173,3,6,Pred,Shared,4
173,2,6,Pred,Shared,4
173,6,1,Pred,Shared,4
173,7,1,Pred,Shared,4
174,2,2,Pred,Shared,4
174,1,11,Pred,Shared,4
174,3,4,Pred,Shared,4
174,4,1,Pred,Shared,4
174,5,1,Pred,Shared,4
174,6,1,Pred,Shared,4
175,2,7,Pred,Shared,4
175,3,3,Pred,Shared,4
175,1,6,Pred,Shared,4
175,4,4,Pred,Shared,4
176,2,13,Pred,Shared,4
176,1,4,Pred,Shared,4
176,3,3,Pred,Shared,4
177,2,12,Pred,Shared,4
177,1,8,Pred,Shared,4
178,2,12,Pred,Shared,4
178,3,3,Pred,Shared,4
178,4,3,Pred,Shared,4
178,1,2,Pred,Shared,4
179,3,10,Pred,Shared,4
179,2,7,Pred,Shared,4
179,1,2,Pred,Shared,4
179,4,1,Pred,Shared,4
180,2,5,Pred,Shared,4
180,3,10,Pred,Shared,4
180,1,5,Pred,Shared,4
181,1,14,Pred,Shared,4
181,2,4,Pred,Shared,4
181,3,2,Pred,Shared,4
182,2,11,Pred,Shared,4
182,1,6,Pred,Shared,4
182,3,3,Pred,Shared,4
183,1,5,Pred,Shared,4
183,2,11,Pred,Shared,4
183,3,4,Pred,Shared,4
184,2,8,Pred,Shared,4
184,3,5,Pred,Shared,4
184,1,3,Pred,Shared,4
184,4,4,Pred,Shared,4
185,3,11,Pred,Shared,4
185,2,6,Pred,Shared,4
185,1,3,Pred,Shared,4
186,1,8,Pred,Shared,4
186,2,7,Pred,Shared,4
186,3,5,Pred,Shared,4
187,1,11,Pred,Shared,4
187,2,9,Pred,Shared,4
188,4,8,Pred,Shared,4
188,1,3,Pred,Shared,4
188,3,6,Pred,Shared,4
188,2,3,Pred,Shared,4
189,2,14,Pred,Shared,4
189,3,4,Pred,Shared,4
189,1,2,Pred,Shared,4
190,1,3,Pred,Shared,4
190,2,7,Pred,Shared,4
190,5,1,Pred,Shared,4
190,3,3,Pred,Shared,4
190,6,1,Pred,Shared,4
190,4,4,Pred,Shared,4
190,7,1,Pred,Shared,4
191,2,10,Pred,Shared,4
191,1,5,Pred,Shared,4
191,3,3,Pred,Shared,4
191,4,1,Pred,Shared,4
191,5,1,Pred,Shared,4
192,1,11,Pred,Shared,4
192,2,3,Pred,Shared,4
192,3,6,Pred,Shared,4
193,2,6,Pred,Shared,4
193,3,10,Pred,Shared,4
193,1,4,Pred,Shared,4
194,3,4,Pred,Shared,4
194,4,7,Pred,Shared,4
194,1,5,Pred,Shared,4
194,2,4,Pred,Shared,4
195,3,4,Pred,Shared,4
195,2,9,Pred,Shared,4
195,4,4,Pred,Shared,4
195,1,3,Pred,Shared,4
196,4,4,Pred,Shared,4
196,3,6,Pred,Shared,4
196,2,3,Pred,Shared,4
196,1,5,Pred,Shared,4
196,5,1,Pred,Shared,4
196,6,1,Pred,Shared,4
197,3,7,Pred,Shared,4
197,4,5,Pred,Shared,4
197,2,3,Pred,Shared,4
197,1,5,Pred,Shared,4
198,4,9,Pred,Shared,4
198,2,4,Pred,Shared,4
198,1,3,Pred,Shared,4
198,3,4,Pred,Shared,4
199,1,9,Pred,Shared,4
199,3,6,Pred,Shared,4
199,2,5,Pred,Shared,4
200,2,17,Pred,Shared,4
200,1,3,Pred,Shared,4
1,2,11,Prey,Individual,1
1,1,5,Prey,Individual,1
1,4,1,Prey,Individual,1
1,3,3,Prey,Individual,1
2,2,4,Prey,Individual,1
2,4,7,Prey,Individual,1
2,1,2,Prey,Individual,1
2,3,7,Prey,Individual,1
3,3,12,Prey,Individual,1
3,1,6,Prey,Individual,1
3,2,2,Prey,Individual,1
4,3,5,Prey,Individual,1
4,2,13,Prey,Individual,1
4,1,2,Prey,Individual,1
5,1,8,Prey,Individual,1
5,2,12,Prey,Individual,1
6,1,2,Prey,Individual,1
6,5,4,Prey,Individual,1
6,2,5,Prey,Individual,1
6,4,3,Prey,Individual,1
6,3,4,Prey,Individual,1
6,6,1,Prey,Individual,1
6,7,1,Prey,Individual,1
7,2,5,Prey,Individual,1
7,3,5,Prey,Individual,1
7,1,10,Prey,Individual,1
8,1,7,Prey,Individual,1
8,2,7,Prey,Individual,1
8,3,6,Prey,Individual,1
9,2,4,Prey,Individual,1
9,4,5,Prey,Individual,1
9,5,3,Prey,Individual,1
9,3,6,Prey,Individual,1
9,1,2,Prey,Individual,1
10,2,10,Prey,Individual,1
10,1,7,Prey,Individual,1
10,3,3,Prey,Individual,1
11,2,10,Prey,Individual,1
11,1,10,Prey,Individual,1
12,3,9,Prey,Individual,1
12,2,9,Prey,Individual,1
12,1,2,Prey,Individual,1
13,2,8,Prey,Individual,1
13,3,8,Prey,Individual,1
13,1,4,Prey,Individual,1
14,2,5,Prey,Individual,1
14,3,8,Prey,Individual,1
14,1,7,Prey,Individual,1
15,2,7,Prey,Individual,1
15,3,4,Prey,Individual,1
15,1,4,Prey,Individual,1
15,4,5,Prey,Individual,1
16,4,4,Prey,Individual,1
16,2,7,Prey,Individual,1
16,1,6,Prey,Individual,1
16,3,3,Prey,Individual,1
17,2,13,Prey,Individual,1
17,1,2,Prey,Individual,1
17,3,5,Prey,Individual,1
18,1,5,Prey,Individual,1
18,2,11,Prey,Individual,1
18,4,1,Prey,Individual,1
18,3,3,Prey,Individual,1
19,1,9,Prey,Individual,1
19,3,5,Prey,Individual,1
19,2,4,Prey,Individual,1
19,4,1,Prey,Individual,1
19,5,1,Prey,Individual,1
20,2,2,Prey,Individual,1
20,3,11,Prey,Individual,1
20,1,7,Prey,Individual,1
21,2,10,Prey,Individual,1
21,3,6,Prey,Individual,1
21,4,1,Prey,Individual,1
21,1,2,Prey,Individual,1
21,5,1,Prey,Individual,1
22,2,6,Prey,Individual,1
22,1,11,Prey,Individual,1
22,3,3,Prey,Individual,1
23,1,4,Prey,Individual,1
23,4,3,Prey,Individual,1
23,2,5,Prey,Individual,1
23,5,1,Prey,Individual,1
23,6,1,Prey,Individual,1
23,3,4,Prey,Individual,1
23,7,1,Prey,Individual,1
23,8,1,Prey,Individual,1
24,4,13,Prey,Individual,1
24,3,2,Prey,Individual,1
24,2,2,Prey,Individual,1
24,5,1,Prey,Individual,1
24,1,2,Prey,Individual,1
25,3,4,Prey,Individual,1
25,4,6,Prey,Individual,1
25,5,3,Prey,Individual,1
25,6,1,Prey,Individual,1
25,2,3,Prey,Individual,1
25,1,2,Prey,Individual,1
25,7,1,Prey,Individual,1
26,3,13,Prey,Individual,1
26,2,2,Prey,Individual,1
26,1,5,Prey,Individual,1
27,2,10,Prey,Individual,1
27,3,8,Prey,Individual,1
27,1,2,Prey,Individual,1
28,2,15,Prey,Individual,1
28,1,5,Prey,Individual,1
29,3,10,Prey,Individual,1
29,2,8,Prey,Individual,1
29,1,2,Prey,Individual,1
30,2,11,Prey,Individual,1
30,1,3,Prey,Individual,1
30,3,6,Prey,Individual,1
31,1,9,Prey,Individual,1
31,3,3,Prey,Individual,1
31,2,2,Prey,Individual,1
31,4,6,Prey,Individual,1
32,3,4,Prey,Individual,1
32,4,5,Prey,Individual,1
32,2,5,Prey,Individual,1
32,1,6,Prey,Individual,1
33,1,6,Prey,Individual,1
33,3,7,Prey,Individual,1
33,2,7,Prey,Individual,1
34,2,6,Prey,Individual,1
34,3,9,Prey,Individual,1
34,1,5,Prey,Individual,1
35,4,1,Prey,Individual,1
35,2,7,Prey,Individual,1
35,3,5,Prey,Individual,1
35,5,1,Prey,Individual,1
35,1,6,Prey,Individual,1
36,3,10,Prey,Individual,1
36,2,4,Prey,Individual,1
36,1,6,Prey,Individual,1
37,2,12,Prey,Individual,1
37,3,6,Prey,Individual,1
37,1,2,Prey,Individual,1
38,2,9,Prey,Individual,1
38,3,5,Prey,Individual,1
38,1,5,Prey,Individual,1
38,4,1,Prey,Individual,1
39,3,3,Prey,Individual,1
39,5,1,Prey,Individual,1
39,1,3,Prey,Individual,1
39,4,8,Prey,Individual,1
39,2,5,Prey,Individual,1
40,2,3,Prey,Individual,1
40,1,11,Prey,Individual,1
40,3,6,Prey,Individual,1
41,1,2,Prey,Individual,1
41,5,2,Prey,Individual,1
41,4,6,Prey,Individual,1
41,3,4,Prey,Individual,1
41,2,6,Prey,Individual,1
42,2,13,Prey,Individual,1
42,1,7,Prey,Individual,1
43,1,11,Prey,Individual,1
43,3,7,Prey,Individual,1
43,2,2,Prey,Individual,1
44,3,6,Prey,Individual,1
44,2,8,Prey,Individual,1
44,1,6,Prey,Individual,1
45,1,5,Prey,Individual,1
45,2,15,Prey,Individual,1
46,1,9,Prey,Individual,1
46,2,11,Prey,Individual,1
47,3,8,Prey,Individual,1
47,2,5,Prey,Individual,1
47,1,7,Prey,Individual,1
48,2,5,Prey,Individual,1
48,3,9,Prey,Individual,1
48,4,4,Prey,Individual,1
48,1,2,Prey,Individual,1
49,2,11,Prey,Individual,1
49,3,6,Prey,Individual,1
49,1,3,Prey,Individual,1
50,3,5,Prey,Individual,1
50,1,5,Prey,Individual,1
50,2,10,Prey,Individual,1
51,1,9,Prey,Individual,2
51,2,11,Prey,Individual,2
52,5,1,Prey,Individual,2
52,4,4,Prey,Individual,2
52,3,3,Prey,Individual,2
52,2,8,Prey,Individual,2
52,1,4,Prey,Individual,2
53,2,7,Prey,Individual,2
53,4,2,Prey,Individual,2
53,1,7,Prey,Individual,2
53,3,3,Prey,Individual,2
53,5,1,Prey,Individual,2
54,1,3,Prey,Individual,2
54,2,15,Prey,Individual,2
54,3,1,Prey,Individual,2
54,4,1,Prey,Individual,2
55,3,5,Prey,Individual,2
55,2,6,Prey,Individual,2
55,1,9,Prey,Individual,2
56,5,6,Prey,Individual,2
56,2,5,Prey,Individual,2
56,1,3,Prey,Individual,2
56,4,3,Prey,Individual,2
56,3,3,Prey,Individual,2
57,2,9,Prey,Individual,2
57,1,11,Prey,Individual,2
58,1,2,Prey,Individual,2
58,2,2,Prey,Individual,2
58,5,3,Prey,Individual,2
58,7,1,Prey,Individual,2
58,3,4,Prey,Individual,2
58,6,3,Prey,Individual,2
58,8,1,Prey,Individual,2
58,9,1,Prey,Individual,2
58,4,2,Prey,Individual,2
58,10,1,Prey,Individual,2
59,2,10,Prey,Individual,2
59,3,8,Prey,Individual,2
59,1,2,Prey,Individual,2
60,2,14,Prey,Individual,2
60,1,6,Prey,Individual,2
61,2,17,Prey,Individual,2
61,1,3,Prey,Individual,2
62,2,9,Prey,Individual,2
62,1,8,Prey,Individual,2
62,3,3,Prey,Individual,2
63,4,5,Prey,Individual,2
63,2,6,Prey,Individual,2
63,1,5,Prey,Individual,2
63,3,4,Prey,Individual,2
64,2,7,Prey,Individual,2
64,1,9,Prey,Individual,2
64,3,2,Prey,Individual,2
64,4,1,Prey,Individual,2
64,5,1,Prey,Individual,2
65,2,13,Prey,Individual,2
65,1,7,Prey,Individual,2
66,1,8,Prey,Individual,2
66,2,12,Prey,Individual,2
67,2,8,Prey,Individual,2
67,1,12,Prey,Individual,2
68,3,7,Prey,Individual,2
68,2,6,Prey,Individual,2
68,4,4,Prey,Individual,2
68,1,3,Prey,Individual,2
69,2,8,Prey,Individual,2
69,4,1,Prey,Individual,2
69,3,8,Prey,Individual,2
69,1,2,Prey,Individual,2
69,5,1,Prey,Individual,2
70,1,2,Prey,Individual,2
70,2,18,Prey,Individual,2
71,1,9,Prey,Individual,2
71,2,5,Prey,Individual,2
71,3,6,Prey,Individual,2
72,2,6,Prey,Individual,2
72,1,5,Prey,Individual,2
72,3,9,Prey,Individual,2
73,2,2,Prey,Individual,2
73,4,1,Prey,Individual,2
73,3,5,Prey,Individual,2
73,1,9,Prey,Individual,2
73,5,1,Prey,Individual,2
73,6,1,Prey,Individual,2
73,7,1,Prey,Individual,2
74,1,9,Prey,Individual,2
74,3,8,Prey,Individual,2
74,2,3,Prey,Individual,2
75,3,9,Prey,Individual,2
75,2,2,Prey,Individual,2
75,4,1,Prey,Individual,2
75,1,6,Prey,Individual,2
75,5,1,Prey,Individual,2
75,6,1,Prey,Individual,2
76,5,1,Prey,Individual,2
76,3,6,Prey,Individual,2
76,1,2,Prey,Individual,2
76,4,5,Prey,Individual,2
76,2,3,Prey,Individual,2
76,6,1,Prey,Individual,2
76,7,1,Prey,Individual,2
76,8,1,Prey,Individual,2
77,3,9,Prey,Individual,2
77,2,8,Prey,Individual,2
77,1,3,Prey,Individual,2
78,4,7,Prey,Individual,2
78,1,3,Prey,Individual,2
78,3,4,Prey,Individual,2
78,2,2,Prey,Individual,2
78,5,1,Prey,Individual,2
78,6,1,Prey,Individual,2
78,7,1,Prey,Individual,2
78,8,1,Prey,Individual,2
79,2,3,Prey,Individual,2
79,3,2,Prey,Individual,2
79,4,7,Prey,Individual,2
79,6,1,Prey,Individual,2
79,1,2,Prey,Individual,2
79,7,1,Prey,Individual,2
79,5,2,Prey,Individual,2
79,8,1,Prey,Individual,2
79,9,1,Prey,Individual,2
80,3,6,Prey,Individual,2
80,1,10,Prey,Individual,2
80,2,4,Prey,Individual,2
81,1,11,Prey,Individual,2
81,3,6,Prey,Individual,2
81,2,3,Prey,Individual,2
82,2,9,Prey,Individual,2
82,1,11,Prey,Individual,2
83,4,1,Prey,Individual,2
83,2,7,Prey,Individual,2
83,3,4,Prey,Individual,2
83,5,1,Prey,Individual,2
83,6,1,Prey,Individual,2
83,1,3,Prey,Individual,2
83,7,1,Prey,Individual,2
83,8,1,Prey,Individual,2
83,9,1,Prey,Individual,2
84,2,11,Prey,Individual,2
84,3,4,Prey,Individual,2
84,1,5,Prey,Individual,2
85,1,6,Prey,Individual,2
85,3,6,Prey,Individual,2
85,2,8,Prey,Individual,2
86,2,7,Prey,Individual,2
86,3,8,Prey,Individual,2
86,1,5,Prey,Individual,2
87,2,10,Prey,Individual,2
87,3,8,Prey,Individual,2
87,1,2,Prey,Individual,2
88,2,6,Prey,Individual,2
88,1,2,Prey,Individual,2
88,3,5,Prey,Individual,2
88,4,7,Prey,Individual,2
89,3,1,Prey,Individual,2
89,1,12,Prey,Individual,2
89,4,1,Prey,Individual,2
89,5,1,Prey,Individual,2
89,2,4,Prey,Individual,2
89,6,1,Prey,Individual,2
90,1,5,Prey,Individual,2
90,2,7,Prey,Individual,2
90,3,8,Prey,Individual,2
91,1,10,Prey,Individual,2
91,3,5,Prey,Individual,2
91,2,5,Prey,Individual,2
92,2,16,Prey,Individual,2
92,3,2,Prey,Individual,2
92,1,2,Prey,Individual,2
93,5,5,Prey,Individual,2
93,3,4,Prey,Individual,2
93,1,2,Prey,Individual,2
93,4,3,Prey,Individual,2
93,2,4,Prey,Individual,2
93,6,1,Prey,Individual,2
93,7,1,Prey,Individual,2
94,2,18,Prey,Individual,2
94,1,2,Prey,Individual,2
95,1,2,Prey,Individual,2
95,4,6,Prey,Individual,2
95,2,7,Prey,Individual,2
95,3,5,Prey,Individual,2
96,2,6,Prey,Individual,2
96,3,4,Prey,Individual,2
96,1,2,Prey,Individual,2
96,4,8,Prey,Individual,2
97,1,8,Prey,Individual,2
97,2,7,Prey,Individual,2
97,3,5,Prey,Individual,2
98,1,11,Prey,Individual,2
98,2,9,Prey,Individual,2
99,2,5,Prey,Individual,2
99,4,3,Prey,Individual,2
99,1,7,Prey,Individual,2
99,3,5,Prey,Individual,2
100,2,10,Prey,Individual,2
100,1,10,Prey,Individual,2
101,1,9,Prey,Individual,3
101,3,9,Prey,Individual,3
101,2,2,Prey,Individual,3
102,2,6,Prey,Individual,3
102,3,2,Prey,Individual,3
102,4,6,Prey,Individual,3
102,1,6,Prey,Individual,3
103,4,7,Prey,Individual,3
103,2,3,Prey,Individual,3
103,3,4,Prey,Individual,3
103,1,4,Prey,Individual,3
103,5,2,Prey,Individual,3
104,2,5,Prey,Individual,3
104,1,5,Prey,Individual,3
104,3,2,Prey,Individual,3
104,4,8,Prey,Individual,3
105,1,10,Prey,Individual,3
105,2,10,Prey,Individual,3
106,1,5,Prey,Individual,3
106,2,10,Prey,Individual,3
106,3,5,Prey,Individual,3
107,1,7,Prey,Individual,3
107,2,10,Prey,Individual,3
107,3,3,Prey,Individual,3
108,1,4,Prey,Individual,3
108,3,9,Prey,Individual,3
108,2,7,Prey,Individual,3
109,1,6,Prey,Individual,3
109,2,11,Prey,Individual,3
109,3,1,Prey,Individual,3
109,4,1,Prey,Individual,3
109,5,1,Prey,Individual,3
110,1,4,Prey,Individual,3
110,2,16,Prey,Individual,3
111,5,4,Prey,Individual,3
111,1,3,Prey,Individual,3
111,3,8,Prey,Individual,3
111,2,2,Prey,Individual,3
111,4,3,Prey,Individual,3
112,2,6,Prey,Individual,3
112,1,7,Prey,Individual,3
112,3,7,Prey,Individual,3
113,2,12,Prey,Individual,3
113,1,8,Prey,Individual,3
114,3,4,Prey,Individual,3
114,2,6,Prey,Individual,3
114,1,10,Prey,Individual,3
115,1,13,Prey,Individual,3
115,2,7,Prey,Individual,3
116,1,5,Prey,Individual,3
116,2,15,Prey,Individual,3
117,1,8,Prey,Individual,3
117,4,4,Prey,Individual,3
117,2,5,Prey,Individual,3
117,3,3,Prey,Individual,3
118,2,9,Prey,Individual,3
118,1,8,Prey,Individual,3
118,3,3,Prey,Individual,3
119,3,6,Prey,Individual,3
119,1,8,Prey,Individual,3
119,2,6,Prey,Individual,3
120,1,2,Prey,Individual,3
120,2,14,Prey,Individual,3
120,3,4,Prey,Individual,3
121,2,10,Prey,Individual,3
121,1,10,Prey,Individual,3
122,1,6,Prey,Individual,3
122,2,14,Prey,Individual,3
123,3,5,Prey,Individual,3
123,1,2,Prey,Individual,3
123,6,1,Prey,Individual,3
123,7,1,Prey,Individual,3
123,2,2,Prey,Individual,3
123,8,1,Prey,Individual,3
123,5,4,Prey,Individual,3
123,9,1,Prey,Individual,3
123,4,2,Prey,Individual,3
123,10,1,Prey,Individual,3
124,3,12,Prey,Individual,3
124,1,4,Prey,Individual,3
124,2,4,Prey,Individual,3
125,3,7,Prey,Individual,3
125,2,6,Prey,Individual,3
125,4,5,Prey,Individual,3
125,1,2,Prey,Individual,3
126,1,9,Prey,Individual,3
126,2,5,Prey,Individual,3
126,3,3,Prey,Individual,3
126,4,3,Prey,Individual,3
127,2,10,Prey,Individual,3
127,3,3,Prey,Individual,3
127,1,7,Prey,Individual,3
128,3,10,Prey,Individual,3
128,2,8,Prey,Individual,3
128,1,2,Prey,Individual,3
129,2,18,Prey,Individual,3
129,1,2,Prey,Individual,3
130,2,8,Prey,Individual,3
130,1,12,Prey,Individual,3
131,3,9,Prey,Individual,3
131,1,8,Prey,Individual,3
131,2,3,Prey,Individual,3
132,3,11,Prey,Individual,3
132,2,7,Prey,Individual,3
132,1,2,Prey,Individual,3
133,2,9,Prey,Individual,3
133,1,8,Prey,Individual,3
133,3,3,Prey,Individual,3
134,4,3,Prey,Individual,3
134,1,8,Prey,Individual,3
134,2,6,Prey,Individual,3
134,3,3,Prey,Individual,3
135,2,6,Prey,Individual,3
135,3,10,Prey,Individual,3
135,1,2,Prey,Individual,3
135,4,1,Prey,Individual,3
135,5,1,Prey,Individual,3
136,3,8,Prey,Individual,3
136,4,3,Prey,Individual,3
136,1,5,Prey,Individual,3
136,5,2,Prey,Individual,3
136,2,2,Prey,Individual,3
137,2,11,Prey,Individual,3
137,1,8,Prey,Individual,3
137,3,1,Prey,Individual,3
138,1,14,Prey,Individual,3
138,2,6,Prey,Individual,3
139,2,7,Prey,Individual,3
139,3,5,Prey,Individual,3
139,4,3,Prey,Individual,3
139,1,5,Prey,Individual,3
140,2,18,Prey,Individual,3
140,1,2,Prey,Individual,3
141,3,9,Prey,Individual,3
141,1,6,Prey,Individual,3
141,4,3,Prey,Individual,3
141,2,2,Prey,Individual,3
142,1,7,Prey,Individual,3
142,2,9,Prey,Individual,3
142,3,4,Prey,Individual,3
143,1,8,Prey,Individual,3
143,2,12,Prey,Individual,3
144,4,6,Prey,Individual,3
144,1,5,Prey,Individual,3
144,3,4,Prey,Individual,3
144,2,5,Prey,Individual,3
145,3,6,Prey,Individual,3
145,4,5,Prey,Individual,3
145,1,6,Prey,Individual,3
145,2,3,Prey,Individual,3
146,3,13,Prey,Individual,3
146,4,1,Prey,Individual,3
146,1,3,Prey,Individual,3
146,2,2,Prey,Individual,3
146,5,1,Prey,Individual,3
147,5,5,Prey,Individual,3
147,6,1,Prey,Individual,3
147,3,6,Prey,Individual,3
147,7,1,Prey,Individual,3
147,2,3,Prey,Individual,3
147,4,2,Prey,Individual,3
147,1,2,Prey,Individual,3
148,2,8,Prey,Individual,3
148,1,12,Prey,Individual,3
149,3,11,Prey,Individual,3
149,1,5,Prey,Individual,3
149,2,4,Prey,Individual,3
150,3,11,Prey,Individual,3
150,2,7,Prey,Individual,3
150,1,2,Prey,Individual,3
151,4,1,Prey,Individual,4
151,2,8,Prey,Individual,4
151,3,5,Prey,Individual,4
151,1,5,Prey,Individual,4
151,5,1,Prey,Individual,4
152,3,4,Prey,Individual,4
152,2,5,Prey,Individual,4
152,1,11,Prey,Individual,4
153,3,8,Prey,Individual,4
153,2,4,Prey,Individual,4
153,1,3,Prey,Individual,4
153,5,1,Prey,Individual,4
153,4,3,Prey,Individual,4
153,6,1,Prey,Individual,4
154,2,14,Prey,Individual,4
154,3,4,Prey,Individual,4
154,1,2,Prey,Individual,4
155,1,11,Prey,Individual,4
155,3,6,Prey,Individual,4
155,2,2,Prey,Individual,4
155,4,1,Prey,Individual,4
156,1,8,Prey,Individual,4
156,2,6,Prey,Individual,4
156,3,4,Prey,Individual,4
156,4,2,Prey,Individual,4
157,2,11,Prey,Individual,4
157,1,9,Prey,Individual,4
158,2,9,Prey,Individual,4
158,1,11,Prey,Individual,4
159,1,3,Prey,Individual,4
159,2,13,Prey,Individual,4
159,3,4,Prey,Individual,4
160,1,10,Prey,Individual,4
160,3,7,Prey,Individual,4
160,2,3,Prey,Individual,4
161,1,6,Prey,Individual,4
161,3,7,Prey,Individual,4
161,4,1,Prey,Individual,4
161,2,2,Prey,Individual,4
161,5,1,Prey,Individual,4
161,6,1,Prey,Individual,4
161,7,1,Prey,Individual,4
161,8,1,Prey,Individual,4
162,1,9,Prey,Individual,4
162,2,4,Prey,Individual,4
162,3,7,Prey,Individual,4
163,2,10,Prey,Individual,4
163,1,6,Prey,Individual,4
163,3,4,Prey,Individual,4
164,3,2,Prey,Individual,4
164,2,14,Prey,Individual,4
164,1,4,Prey,Individual,4
165,1,7,Prey,Individual,4
165,4,1,Prey,Individual,4
165,3,7,Prey,Individual,4
165,2,2,Prey,Individual,4
165,5,1,Prey,Individual,4
165,6,1,Prey,Individual,4
165,7,1,Prey,Individual,4
166,2,6,Prey,Individual,4
166,5,3,Prey,Individual,4
166,4,4,Prey,Individual,4
166,1,3,Prey,Individual,4
166,3,4,Prey,Individual,4
167,1,4,Prey,Individual,4
167,3,10,Prey,Individual,4
167,2,6,Prey,Individual,4
168,2,7,Prey,Individual,4
168,3,5,Prey,Individual,4
168,1,2,Prey,Individual,4
168,4,4,Prey,Individual,4
168,5,1,Prey,Individual,4
168,6,1,Prey,Individual,4
169,2,17,Prey,Individual,4
169,1,3,Prey,Individual,4
170,1,2,Prey,Individual,4
170,2,12,Prey,Individual,4
170,3,6,Prey,Individual,4
171,1,9,Prey,Individual,4
171,3,2,Prey,Individual,4
171,4,5,Prey,Individual,4
171,5,1,Prey,Individual,4
171,6,1,Prey,Individual,4
171,2,2,Prey,Individual,4
172,1,13,Prey,Individual,4
172,2,7,Prey,Individual,4
173,3,3,Prey,Individual,4
173,4,3,Prey,Individual,4
173,1,8,Prey,Individual,4
173,2,6,Prey,Individual,4
174,2,11,Prey,Individual,4
174,1,7,Prey,Individual,4
174,3,2,Prey,Individual,4
175,3,2,Prey,Individual,4
175,4,4,Prey,Individual,4
175,2,8,Prey,Individual,4
175,1,6,Prey,Individual,4
176,3,11,Prey,Individual,4
176,2,3,Prey,Individual,4
176,1,4,Prey,Individual,4
176,4,1,Prey,Individual,4
176,5,1,Prey,Individual,4
177,1,8,Prey,Individual,4
177,3,9,Prey,Individual,4
177,2,3,Prey,Individual,4
178,1,7,Prey,Individual,4
178,3,7,Prey,Individual,4
178,4,3,Prey,Individual,4
178,2,3,Prey,Individual,4
179,4,9,Prey,Individual,4
179,3,3,Prey,Individual,4
179,2,6,Prey,Individual,4
179,1,2,Prey,Individual,4
180,1,6,Prey,Individual,4
180,3,7,Prey,Individual,4
180,2,2,Prey,Individual,4
180,4,5,Prey,Individual,4
181,1,2,Prey,Individual,4
181,3,10,Prey,Individual,4
181,2,8,Prey,Individual,4
182,1,5,Prey,Individual,4
182,5,4,Prey,Individual,4
182,4,4,Prey,Individual,4
182,3,3,Prey,Individual,4
182,2,4,Prey,Individual,4
183,1,8,Prey,Individual,4
183,2,8,Prey,Individual,4
183,3,4,Prey,Individual,4
184,3,12,Prey,Individual,4
184,2,2,Prey,Individual,4
184,1,6,Prey,Individual,4
185,4,5,Prey,Individual,4
185,1,7,Prey,Individual,4
185,3,2,Prey,Individual,4
185,2,6,Prey,Individual,4
186,2,7,Prey,Individual,4
186,3,11,Prey,Individual,4
186,1,2,Prey,Individual,4
187,1,2,Prey,Individual,4
187,4,7,Prey,Individual,4
187,3,5,Prey,Individual,4
187,2,6,Prey,Individual,4
188,2,8,Prey,Individual,4
188,3,10,Prey,Individual,4
188,1,2,Prey,Individual,4
189,1,8,Prey,Individual,4
189,2,7,Prey,Individual,4
189,3,5,Prey,Individual,4
190,2,6,Prey,Individual,4
190,3,8,Prey,Individual,4
190,1,5,Prey,Individual,4
190,4,1,Prey,Individual,4
191,2,11,Prey,Individual,4
191,3,5,Prey,Individual,4
191,1,3,Prey,Individual,4
191,4,1,Prey,Individual,4
192,1,9,Prey,Individual,4
192,2,5,Prey,Individual,4
192,3,6,Prey,Individual,4
193,2,6,Prey,Individual,4
193,1,10,Prey,Individual,4
193,3,4,Prey,Individual,4
194,2,18,Prey,Individual,4
194,1,2,Prey,Individual,4
195,1,7,Prey,Individual,4
195,2,13,Prey,Individual,4
196,2,9,Prey,Individual,4
196,3,9,Prey,Individual,4
196,1,2,Prey,Individual,4
197,4,2,Prey,Individual,4
197,6,4,Prey,Individual,4
197,1,2,Prey,Individual,4
197,5,5,Prey,Individual,4
197,3,4,Prey,Individual,4
197,2,3,Prey,Individual,4
198,2,18,Prey,Individual,4
198,1,2,Prey,Individual,4
199,1,7,Prey,Individual,4
199,2,13,Prey,Individual,4
200,4,5,Prey,Individual,4
200,2,8,Prey,Individual,4
200,1,2,Prey,Individual,4
200,3,5,Prey,Individual,4
1,4,6,Prey,None,1
1,2,6,Prey,None,1
1,3,4,Prey,None,1
1,1,3,Prey,None,1
1,5,1,Prey,None,1
2,2,9,Prey,None,1
2,3,9,Prey,None,1
2,1,2,Prey,None,1
3,1,8,Prey,None,1
3,3,4,Prey,None,1
3,4,3,Prey,None,1
3,2,5,Prey,None,1
4,3,9,Prey,None,1
4,2,9,Prey,None,1
4,1,2,Prey,None,1
5,3,8,Prey,None,1
5,2,7,Prey,None,1
5,1,5,Prey,None,1
6,1,3,Prey,None,1
6,4,11,Prey,None,1
6,2,4,Prey,None,1
6,3,2,Prey,None,1
7,2,12,Prey,None,1
7,3,5,Prey,None,1
7,1,3,Prey,None,1
8,4,9,Prey,None,1
8,2,3,Prey,None,1
8,5,3,Prey,None,1
8,3,3,Prey,None,1
8,1,2,Prey,None,1
9,2,18,Prey,None,1
9,1,2,Prey,None,1
10,3,4,Prey,None,1
10,4,5,Prey,None,1
10,1,4,Prey,None,1
10,2,6,Prey,None,1
10,5,1,Prey,None,1
11,2,7,Prey,None,1
11,3,5,Prey,None,1
11,1,8,Prey,None,1
12,2,10,Prey,None,1
12,1,10,Prey,None,1
13,2,8,Prey,None,1
13,1,8,Prey,None,1
13,3,4,Prey,None,1
14,3,5,Prey,None,1
14,1,5,Prey,None,1
14,2,10,Prey,None,1
15,1,7,Prey,None,1
15,3,2,Prey,None,1
15,2,9,Prey,None,1
15,4,2,Prey,None,1
16,2,6,Prey,None,1
16,1,5,Prey,None,1
16,3,4,Prey,None,1
16,4,1,Prey,None,1
16,5,1,Prey,None,1
16,6,1,Prey,None,1
16,7,1,Prey,None,1
16,8,1,Prey,None,1
17,2,10,Prey,None,1
17,1,4,Prey,None,1
17,3,6,Prey,None,1
18,3,6,Prey,None,1
18,1,7,Prey,None,1
18,4,5,Prey,None,1
18,2,2,Prey,None,1
19,3,5,Prey,None,1
19,2,7,Prey,None,1
19,1,8,Prey,None,1
20,5,1,Prey,None,1
20,4,4,Prey,None,1
20,6,1,Prey,None,1
20,1,5,Prey,None,1
20,2,2,Prey,None,1
20,7,1,Prey,None,1
20,3,6,Prey,None,1
21,1,7,Prey,None,1
21,5,1,Prey,None,1
21,2,2,Prey,None,1
21,4,3,Prey,None,1
21,3,3,Prey,None,1
21,6,1,Prey,None,1
21,7,1,Prey,None,1
21,8,1,Prey,None,1
21,9,1,Prey,None,1
22,3,4,Prey,None,1
22,1,7,Prey,None,1
22,2,9,Prey,None,1
23,4,5,Prey,None,1
23,1,3,Prey,None,1
23,3,9,Prey,None,1
23,5,1,Prey,None,1
23,2,2,Prey,None,1
24,2,12,Prey,None,1
24,1,8,Prey,None,1
25,1,8,Prey,None,1
25,2,8,Prey,None,1
25,3,4,Prey,None,1
26,1,7,Prey,None,1
26,2,13,Prey,None,1
27,1,4,Prey,None,1
27,5,8,Prey,None,1
27,3,2,Prey,None,1
27,4,3,Prey,None,1
27,2,3,Prey,None,1
28,2,8,Prey,None,1
28,1,12,Prey,None,1
29,5,4,Prey,None,1
29,3,2,Prey,None,1
29,4,7,Prey,None,1
29,2,3,Prey,None,1
29,1,4,Prey,None,1
30,2,8,Prey,None,1
30,3,10,Prey,None,1
30,1,2,Prey,None,1
31,2,13,Prey,None,1
31,1,7,Prey,None,1
32,1,2,Prey,None,1
32,2,10,Prey,None,1
32,3,3,Prey,None,1
32,4,1,Prey,None,1
32,5,1,Prey,None,1
32,6,1,Prey,None,1
32,7,1,Prey,None,1
32,8,1,Prey,None,1
33,3,7,Prey,None,1
33,4,5,Prey,None,1
33,2,6,Prey,None,1
33,1,2,Prey,None,1
34,1,14,Prey,None,1
34,2,6,Prey,None,1
35,2,6,Prey,None,1
35,1,5,Prey,None,1
35,4,1,Prey,None,1
35,3,7,Prey,None,1
35,5,1,Prey,None,1
36,3,5,Prey,None,1
36,1,8,Prey,None,1
36,2,3,Prey,None,1
36,4,4,Prey,None,1
37,2,14,Prey,None,1
37,1,6,Prey,None,1
38,3,6,Prey,None,1
38,2,12,Prey,None,1
38,1,2,Prey,None,1
39,2,10,Prey,None,1
39,3,4,Prey,None,1
39,1,6,Prey,None,1
40,2,6,Prey,None,1
40,1,6,Prey,None,1
40,3,5,Prey,None,1
40,4,3,Prey,None,1
41,2,17,Prey,None,1
41,1,3,Prey,None,1
42,1,6,Prey,None,1
42,4,1,Prey,None,1
42,5,1,Prey,None,1
42,3,8,Prey,None,1
42,2,4,Prey,None,1
43,2,14,Prey,None,1
43,1,5,Prey,None,1
43,3,1,Prey,None,1
44,2,7,Prey,None,1
44,3,7,Prey,None,1
44,1,5,Prey,None,1
44,4,1,Prey,None,1
45,4,5,Prey,None,1
45,3,3,Prey,None,1
45,2,7,Prey,None,1
45,1,5,Prey,None,1
46,3,10,Prey,None,1
46,4,1,Prey,None,1
46,1,6,Prey,None,1
46,2,2,Prey,None,1
46,5,1,Prey,None,1
47,1,8,Prey,None,1
47,2,7,Prey,None,1
47,3,5,Prey,None,1
48,2,8,Prey,None,1
48,1,7,Prey,None,1
48,3,3,Prey,None,1
48,4,1,Prey,None,1
48,5,1,Prey,None,1
49,4,7,Prey,None,1
49,3,6,Prey,None,1
49,1,3,Prey,None,1
49,5,1,Prey,None,1
49,2,2,Prey,None,1
49,6,1,Prey,None,1
50,2,15,Prey,None,1
50,1,3,Prey,None,1
50,3,2,Prey,None,1
51,2,2,Prey,None,2
51,3,12,Prey,None,2
51,1,6,Prey,None,2
52,1,15,Prey,None,2
52,2,5,Prey,None,2
53,1,9,Prey,None,2
53,4,1,Prey,None,2
53,2,6,Prey,None,2
53,3,2,Prey,None,2
53,5,1,Prey,None,2
53,6,1,Prey,None,2
54,2,10,Prey,None,2
54,3,5,Prey,None,2
54,1,5,Prey,None,2
55,2,3,Prey,None,2
55,3,10,Prey,None,2
55,1,7,Prey,None,2
56,2,9,Prey,None,2
56,3,4,Prey,None,2
56,1,7,Prey,None,2
57,1,13,Prey,None,2
57,2,7,Prey,None,2
58,4,1,Prey,None,2
58,3,5,Prey,None,2
58,1,5,Prey,None,2
58,5,1,Prey,None,2
58,2,6,Prey,None,2
58,6,1,Prey,None,2
58,7,1,Prey,None,2
59,1,8,Prey,None,2
59,4,1,Prey,None,2
59,2,3,Prey,None,2
59,5,1,Prey,None,2
59,6,1,Prey,None,2
59,3,4,Prey,None,2
59,7,1,Prey,None,2
59,8,1,Prey,None,2
60,2,10,Prey,None,2
60,1,10,Prey,None,2
61,1,12,Prey,None,2
61,2,8,Prey,None,2
62,1,4,Prey,None,2
62,2,16,Prey,None,2
63,3,4,Prey,None,2
63,2,7,Prey,None,2
63,1,6,Prey,None,2
63,4,1,Prey,None,2
63,5,1,Prey,None,2
63,6,1,Prey,None,2
64,3,10,Prey,None,2
64,1,3,Prey,None,2
64,2,7,Prey,None,2
65,2,8,Prey,None,2
65,1,6,Prey,None,2
65,3,5,Prey,None,2
65,4,1,Prey,None,2
66,4,1,Prey,None,2
66,2,6,Prey,None,2
66,3,8,Prey,None,2
66,5,1,Prey,None,2
66,1,4,Prey,None,2
67,4,2,Prey,None,2
67,1,5,Prey,None,2
67,3,5,Prey,None,2
67,2,8,Prey,None,2
68,1,5,Prey,None,2
68,2,15,Prey,None,2
69,2,7,Prey,None,2
69,1,7,Prey,None,2
69,4,3,Prey,None,2
69,3,3,Prey,None,2
70,2,7,Prey,None,2
70,1,2,Prey,None,2
70,4,1,Prey,None,2
70,5,1,Prey,None,2
70,6,1,Prey,None,2
70,3,5,Prey,None,2
70,7,1,Prey,None,2
70,8,1,Prey,None,2
70,9,1,Prey,None,2
71,2,10,Prey,None,2
71,1,10,Prey,None,2
72,2,4,Prey,None,2
72,1,9,Prey,None,2
72,3,7,Prey,None,2
73,1,12,Prey,None,2
73,2,8,Prey,None,2
74,1,10,Prey,None,2
74,2,5,Prey,None,2
74,3,5,Prey,None,2
75,3,2,Prey,None,2
75,1,7,Prey,None,2
75,2,6,Prey,None,2
75,4,2,Prey,None,2
75,5,1,Prey,None,2
75,6,1,Prey,None,2
75,7,1,Prey,None,2
76,3,4,Prey,None,2
76,2,8,Prey,None,2
76,1,8,Prey,None,2
77,1,5,Prey,None,2
77,3,8,Prey,None,2
77,2,7,Prey,None,2
78,2,3,Prey,None,2
78,1,4,Prey,None,2
78,4,7,Prey,None,2
78,3,6,Prey,None,2
79,2,13,Prey,None,2
79,1,7,Prey,None,2
80,2,18,Prey,None,2
80,1,2,Prey,None,2
81,1,9,Prey,None,2
81,2,11,Prey,None,2
82,2,6,Prey,None,2
82,3,9,Prey,None,2
82,1,5,Prey,None,2
83,3,11,Prey,None,2
83,1,2,Prey,None,2
83,2,7,Prey,None,2
84,2,7,Prey,None,2
84,1,7,Prey,None,2
84,3,6,Prey,None,2
85,3,3,Prey,None,2
85,5,1,Prey,None,2
85,1,2,Prey,None,2
85,2,9,Prey,None,2
85,4,3,Prey,None,2
85,6,1,Prey,None,2
85,7,1,Prey,None,2
86,4,4,Prey,None,2
86,2,8,Prey,None,2
86,1,5,Prey,None,2
86,3,3,Prey,None,2
87,2,8,Prey,None,2
87,1,8,Prey,None,2
87,3,1,Prey,None,2
87,4,1,Prey,None,2
87,5,1,Prey,None,2
87,6,1,Prey,None,2
88,1,8,Prey,None,2
88,2,12,Prey,None,2
89,2,5,Prey,None,2
89,3,7,Prey,None,2
89,1,8,Prey,None,2
90,1,3,Prey,None,2
90,2,7,Prey,None,2
90,3,3,Prey,None,2
90,4,7,Prey,None,2
91,3,7,Prey,None,2
91,1,9,Prey,None,2
91,2,4,Prey,None,2
92,1,10,Prey,None,2
92,2,10,Prey,None,2
93,2,17,Prey,None,2
93,1,3,Prey,None,2
94,6,3,Prey,None,2
94,5,4,Prey,None,2
94,7,1,Prey,None,2
94,1,2,Prey,None,2
94,3,4,Prey,None,2
94,2,2,Prey,None,2
94,4,3,Prey,None,2
94,8,1,Prey,None,2
95,3,7,Prey,None,2
95,1,3,Prey,None,2
95,2,10,Prey,None,2
96,2,10,Prey,None,2
96,1,6,Prey,None,2
96,3,4,Prey,None,2
97,2,9,Prey,None,2
97,4,1,Prey,None,2
97,3,5,Prey,None,2
97,5,1,Prey,None,2
97,1,2,Prey,None,2
97,6,1,Prey,None,2
97,7,1,Prey,None,2
98,2,10,Prey,None,2
98,1,10,Prey,None,2
99,1,12,Prey,None,2
99,3,3,Prey,None,2
99,2,5,Prey,None,2
100,3,12,Prey,None,2
100,2,2,Prey,None,2
100,4,4,Prey,None,2
100,1,2,Prey,None,2
101,3,8,Prey,None,3
101,1,2,Prey,None,3
101,2,10,Prey,None,3
102,1,7,Prey,None,3
102,3,4,Prey,None,3
102,2,9,Prey,None,3
103,1,2,Prey,None,3
103,2,18,Prey,None,3
104,3,7,Prey,None,3
104,2,4,Prey,None,3
104,1,9,Prey,None,3
105,3,7,Prey,None,3
105,1,4,Prey,None,3
105,4,1,Prey,None,3
105,5,1,Prey,None,3
105,2,4,Prey,None,3
105,6,1,Prey,None,3
105,7,1,Prey,None,3
105,8,1,Prey,None,3
106,2,4,Prey,None,3
106,1,5,Prey,None,3
106,3,11,Prey,None,3
107,3,3,Prey,None,3
107,4,1,Prey,None,3
107,2,7,Prey,None,3
107,1,8,Prey,None,3
107,5,1,Prey,None,3
108,3,11,Prey,None,3
108,2,6,Prey,None,3
108,1,3,Prey,None,3
109,2,14,Prey,None,3
109,3,4,Prey,None,3
109,1,2,Prey,None,3
110,2,9,Prey,None,3
110,1,7,Prey,None,3
110,3,4,Prey,None,3
111,2,12,Prey,None,3
111,1,8,Prey,None,3
112,2,12,Prey,None,3
112,1,8,Prey,None,3
113,1,8,Prey,None,3
113,3,7,Prey,None,3
113,2,2,Prey,None,3
113,4,3,Prey,None,3
114,2,5,Prey,None,3
114,3,3,Prey,None,3
114,4,8,Prey,None,3
114,1,4,Prey,None,3
115,1,7,Prey,None,3
115,2,10,Prey,None,3
115,3,3,Prey,None,3
116,1,3,Prey,None,3
116,2,5,Prey,None,3
116,3,12,Prey,None,3
117,4,9,Prey,None,3
117,3,2,Prey,None,3
117,2,5,Prey,None,3
117,1,2,Prey,None,3
117,5,1,Prey,None,3
117,6,1,Prey,None,3
118,3,10,Prey,None,3
118,1,4,Prey,None,3
118,2,6,Prey,None,3
119,1,8,Prey,None,3
119,2,8,Prey,None,3
119,3,4,Prey,None,3
120,3,1,Prey,None,3
120,2,9,Prey,None,3
120,1,8,Prey,None,3
120,4,1,Prey,None,3
120,5,1,Prey,None,3
121,3,10,Prey,None,3
121,1,4,Prey,None,3
121,2,6,Prey,None,3
122,1,5,Prey,None,3
122,2,8,Prey,None,3
122,3,7,Prey,None,3
123,2,9,Prey,None,3
123,1,9,Prey,None,3
123,3,1,Prey,None,3
123,4,1,Prey,None,3
124,1,6,Prey,None,3
124,3,6,Prey,None,3
124,2,7,Prey,None,3
124,4,1,Prey,None,3
125,1,6,Prey,None,3
125,3,5,Prey,None,3
125,2,9,Prey,None,3
126,2,8,Prey,None,3
126,3,6,Prey,None,3
126,1,3,Prey,None,3
126,4,1,Prey,None,3
126,5,1,Prey,None,3
126,6,1,Prey,None,3
127,2,8,Prey,None,3
127,3,2,Prey,None,3
127,4,4,Prey,None,3
127,1,6,Prey,None,3
128,1,9,Prey,None,3
128,2,9,Prey,None,3
128,3,2,Prey,None,3
129,3,6,Prey,None,3
129,1,7,Prey,None,3
129,4,5,Prey,None,3
129,2,2,Prey,None,3
130,3,3,Prey,None,3
130,2,8,Prey,None,3
130,1,3,Prey,None,3
130,4,5,Prey,None,3
130,5,1,Prey,None,3
131,1,11,Prey,None,3
131,2,4,Prey,None,3
131,3,5,Prey,None,3
132,2,7,Prey,None,3
132,1,13,Prey,None,3
133,2,11,Prey,None,3
133,3,7,Prey,None,3
133,1,2,Prey,None,3
134,2,4,Prey,None,3
134,3,5,Prey,None,3
134,1,5,Prey,None,3
134,5,1,Prey,None,3
134,4,4,Prey,None,3
134,6,1,Prey,None,3
135,2,16,Prey,None,3
135,1,4,Prey,None,3
136,1,6,Prey,None,3
136,4,2,Prey,None,3
136,2,5,Prey,None,3
136,3,7,Prey,None,3
137,3,3,Prey,None,3
137,4,4,Prey,None,3
137,1,4,Prey,None,3
137,2,7,Prey,None,3
137,5,2,Prey,None,3
138,3,7,Prey,None,3
138,1,3,Prey,None,3
138,2,8,Prey,None,3
138,4,1,Prey,None,3
138,5,1,Prey,None,3
139,4,4,Prey,None,3
139,5,1,Prey,None,3
139,6,1,Prey,None,3
139,1,2,Prey,None,3
139,7,1,Prey,None,3
139,3,8,Prey,None,3
139,2,3,Prey,None,3
140,2,7,Prey,None,3
140,3,11,Prey,None,3
140,1,2,Prey,None,3
141,5,1,Prey,None,3
141,2,4,Prey,None,3
141,3,10,Prey,None,3
141,1,3,Prey,None,3
141,4,2,Prey,None,3
142,4,1,Prey,None,3
142,1,11,Prey,None,3
142,5,1,Prey,None,3
142,3,2,Prey,None,3
142,2,4,Prey,None,3
142,6,1,Prey,None,3
143,4,7,Prey,None,3
143,2,7,Prey,None,3
143,1,2,Prey,None,3
143,3,4,Prey,None,3
144,3,9,Prey,None,3
144,2,4,Prey,None,3
144,1,7,Prey,None,3
145,1,14,Prey,None,3
145,2,3,Prey,None,3
145,3,3,Prey,None,3
146,2,18,Prey,None,3
146,1,2,Prey,None,3
147,2,9,Prey,None,3
147,1,7,Prey,None,3
147,3,1,Prey,None,3
147,4,1,Prey,None,3
147,5,1,Prey,None,3
147,6,1,Prey,None,3
148,3,4,Prey,None,3
148,1,6,Prey,None,3
148,2,7,Prey,None,3
148,4,1,Prey,None,3
148,5,1,Prey,None,3
148,6,1,Prey,None,3
149,1,10,Prey,None,3
149,3,3,Prey,None,3
149,4,5,Prey,None,3
149,2,2,Prey,None,3
150,2,18,Prey,None,3
150,1,2,Prey,None,3
151,2,4,Prey,None,4
151,1,6,Prey,None,4
151,3,10,Prey,None,4
152,2,17,Prey,None,4
152,1,3,Prey,None,4
153,1,8,Prey,None,4
153,2,10,Prey,None,4
153,3,1,Prey,None,4
153,4,1,Prey,None,4
154,1,10,Prey,None,4
154,2,10,Prey,None,4
155,1,8,Prey,None,4
155,4,3,Prey,None,4
155,3,6,Prey,None,4
155,2,3,Prey,None,4
156,4,5,Prey,None,4
156,3,3,Prey,None,4
156,1,3,Prey,None,4
156,2,8,Prey,None,4
156,5,1,Prey,None,4
157,1,5,Prey,None,4
157,2,8,Prey,None,4
157,3,6,Prey,None,4
157,4,1,Prey,None,4
158,2,11,Prey,None,4
158,1,2,Prey,None,4
158,3,2,Prey,None,4
158,4,5,Prey,None,4
159,5,1,Prey,None,4
159,3,7,Prey,None,4
159,2,4,Prey,None,4
159,4,3,Prey,None,4
159,1,5,Prey,None,4
160,1,7,Prey,None,4
160,2,6,Prey,None,4
160,4,5,Prey,None,4
160,3,2,Prey,None,4
161,4,2,Prey,None,4
161,3,4,Prey,None,4
161,2,8,Prey,None,4
161,5,1,Prey,None,4
161,6,1,Prey,None,4
161,7,1,Prey,None,4
161,1,2,Prey,None,4
161,8,1,Prey,None,4
162,2,7,Prey,None,4
162,4,6,Prey,None,4
162,1,3,Prey,None,4
162,3,4,Prey,None,4
163,2,10,Prey,None,4
163,4,5,Prey,None,4
163,3,2,Prey,None,4
163,1,3,Prey,None,4
164,2,11,Prey,None,4
164,1,7,Prey,None,4
164,3,2,Prey,None,4
165,2,13,Prey,None,4
165,1,2,Prey,None,4
165,3,5,Prey,None,4
166,3,5,Prey,None,4
166,2,10,Prey,None,4
166,1,5,Prey,None,4
167,3,4,Prey,None,4
167,2,5,Prey,None,4
167,1,9,Prey,None,4
167,4,1,Prey,None,4
167,5,1,Prey,None,4
168,2,5,Prey,None,4
168,1,8,Prey,None,4
168,3,7,Prey,None,4
169,2,15,Prey,None,4
169,1,5,Prey,None,4
170,1,7,Prey,None,4
170,2,6,Prey,None,4
170,4,2,Prey,None,4
170,3,5,Prey,None,4
171,3,14,Prey,None,4
171,2,4,Prey,None,4
171,1,2,Prey,None,4
172,2,7,Prey,None,4
172,3,5,Prey,None,4
172,1,2,Prey,None,4
172,4,1,Prey,None,4
172,5,1,Prey,None,4
172,6,1,Prey,None,4
172,7,1,Prey,None,4
172,8,1,Prey,None,4
172,9,1,Prey,None,4
173,1,8,Prey,None,4
173,2,10,Prey,None,4
173,3,1,Prey,None,4
173,4,1,Prey,None,4
174,3,4,Prey,None,4
174,2,4,Prey,None,4
174,1,6,Prey,None,4
174,4,6,Prey,None,4
175,2,10,Prey,None,4
175,3,4,Prey,None,4
175,1,6,Prey,None,4
176,2,2,Prey,None,4
176,3,5,Prey,None,4
176,5,7,Prey,None,4
176,4,3,Prey,None,4
176,1,3,Prey,None,4
177,1,8,Prey,None,4
177,2,10,Prey,None,4
177,3,2,Prey,None,4
178,1,7,Prey,None,4
178,2,4,Prey,None,4
178,5,1,Prey,None,4
178,3,4,Prey,None,4
178,4,3,Prey,None,4
178,6,1,Prey,None,4
179,3,12,Prey,None,4
179,1,3,Prey,None,4
179,2,5,Prey,None,4
180,1,7,Prey,None,4
180,2,2,Prey,None,4
180,4,6,Prey,None,4
180,3,5,Prey,None,4
181,1,7,Prey,None,4
181,3,7,Prey,None,4
181,2,4,Prey,None,4
181,4,1,Prey,None,4
181,5,1,Prey,None,4
182,1,8,Prey,None,4
182,2,12,Prey,None,4
183,3,11,Prey,None,4
183,2,6,Prey,None,4
183,1,3,Prey,None,4
184,4,5,Prey,None,4
184,1,7,Prey,None,4
184,3,4,Prey,None,4
184,2,4,Prey,None,4
185,1,13,Prey,None,4
185,2,7,Prey,None,4
186,2,10,Prey,None,4
186,3,8,Prey,None,4
186,1,2,Prey,None,4
187,3,3,Prey,None,4
187,1,8,Prey,None,4
187,2,9,Prey,None,4
188,1,2,Prey,None,4
188,3,5,Prey,None,4
188,7,1,Prey,None,4
188,6,4,Prey,None,4
188,5,2,Prey,None,4
188,8,1,Prey,None,4
188,4,2,Prey,None,4
188,2,2,Prey,None,4
188,9,1,Prey,None,4
189,3,6,Prey,None,4
189,2,7,Prey,None,4
189,1,7,Prey,None,4
190,3,5,Prey,None,4
190,1,6,Prey,None,4
190,2,6,Prey,None,4
190,4,3,Prey,None,4
191,3,12,Prey,None,4
191,4,2,Prey,None,4
191,1,3,Prey,None,4
191,2,3,Prey,None,4
192,2,15,Prey,None,4
192,3,3,Prey,None,4
192,1,2,Prey,None,4
193,2,10,Prey,None,4
193,1,8,Prey,None,4
193,3,1,Prey,None,4
193,4,1,Prey,None,4
194,1,5,Prey,None,4
194,2,9,Prey,None,4
194,3,4,Prey,None,4
194,4,1,Prey,None,4
194,5,1,Prey,None,4
195,2,9,Prey,None,4
195,3,6,Prey,None,4
195,1,5,Prey,None,4
196,2,7,Prey,None,4
196,3,7,Prey,None,4
196,1,5,Prey,None,4
196,4,1,Prey,None,4
197,3,13,Prey,None,4
197,1,5,Prey,None,4
197,2,2,Prey,None,4
198,3,5,Prey,None,4
198,2,8,Prey,None,4
198,1,7,Prey,None,4
199,3,6,Prey,None,4
199,1,3,Prey,None,4
199,4,6,Prey,None,4
199,2,4,Prey,None,4
199,5,1,Prey,None,4
200,3,3,Prey,None,4
200,4,1,Prey,None,4
200,2,13,Prey,None,4
200,5,1,Prey,None,4
200,1,2,Prey,None,4
1,1,11,Prey,Shared,1
1,2,9,Prey,Shared,1
2,2,4,Prey,Shared,1
2,3,5,Prey,Shared,1
2,4,2,Prey,Shared,1
2,1,5,Prey,Shared,1
2,5,1,Prey,Shared,1
2,6,1,Prey,Shared,1
2,7,1,Prey,Shared,1
2,8,1,Prey,Shared,1
3,4,4,Prey,Shared,1
3,3,8,Prey,Shared,1
3,1,6,Prey,Shared,1
3,2,2,Prey,Shared,1
4,2,6,Prey,Shared,1
4,1,9,Prey,Shared,1
4,3,5,Prey,Shared,1
5,1,12,Prey,Shared,1
5,2,4,Prey,Shared,1
5,3,4,Prey,Shared,1
6,4,6,Prey,Shared,1
6,1,8,Prey,Shared,1
6,2,3,Prey,Shared,1
6,3,3,Prey,Shared,1
7,2,7,Prey,Shared,1
7,3,2,Prey,Shared,1
7,1,5,Prey,Shared,1
7,5,3,Prey,Shared,1
7,4,3,Prey,Shared,1
8,2,18,Prey,Shared,1
8,1,2,Prey,Shared,1
9,1,8,Prey,Shared,1
9,3,7,Prey,Shared,1
9,2,5,Prey,Shared,1
10,1,5,Prey,Shared,1
10,4,1,Prey,Shared,1
10,3,9,Prey,Shared,1
10,2,4,Prey,Shared,1
10,5,1,Prey,Shared,1
11,2,11,Prey,Shared,1
11,1,8,Prey,Shared,1
11,3,1,Prey,Shared,1
12,3,7,Prey,Shared,1
12,2,7,Prey,Shared,1
12,4,4,Prey,Shared,1
12,1,2,Prey,Shared,1
13,2,8,Prey,Shared,1
13,1,4,Prey,Shared,1
13,3,8,Prey,Shared,1
14,1,8,Prey,Shared,1
14,2,10,Prey,Shared,1
14,3,2,Prey,Shared,1
15,2,18,Prey,Shared,1
15,1,2,Prey,Shared,1
16,3,11,Prey,Shared,1
16,4,5,Prey,Shared,1
16,2,2,Prey,Shared,1
16,1,2,Prey,Shared,1
17,1,7,Prey,Shared,1
17,2,4,Prey,Shared,1
17,3,9,Prey,Shared,1
18,3,5,Prey,Shared,1
18,2,6,Prey,Shared,1
18,1,5,Prey,Shared,1
18,4,4,Prey,Shared,1
19,3,5,Prey,Shared,1
19,4,7,Prey,Shared,1
19,2,6,Prey,Shared,1
19,1,2,Prey,Shared,1
20,2,6,Prey,Shared,1
20,1,3,Prey,Shared,1
20,3,11,Prey,Shared,1
21,1,9,Prey,Shared,1
21,2,6,Prey,Shared,1
21,3,5,Prey,Shared,1
22,1,7,Prey,Shared,1
22,2,13,Prey,Shared,1
23,1,9,Prey,Shared,1
23,2,11,Prey,Shared,1
24,3,3,Prey,Shared,1
24,4,6,Prey,Shared,1
24,2,3,Prey,Shared,1
24,1,8,Prey,Shared,1
25,3,5,Prey,Shared,1
25,4,5,Prey,Shared,1
25,5,3,Prey,Shared,1
25,2,5,Prey,Shared,1
25,1,2,Prey,Shared,1
26,2,4,Prey,Shared,1
26,3,5,Prey,Shared,1
26,4,7,Prey,Shared,1
26,1,4,Prey,Shared,1
27,2,7,Prey,Shared,1
27,1,8,Prey,Shared,1
27,3,5,Prey,Shared,1
28,1,10,Prey,Shared,1
28,2,10,Prey,Shared,1
29,1,7,Prey,Shared,1
29,2,13,Prey,Shared,1
30,1,9,Prey,Shared,1
30,3,5,Prey,Shared,1
30,2,6,Prey,Shared,1
31,3,5,Prey,Shared,1
31,1,9,Prey,Shared,1
31,2,5,Prey,Shared,1
31,4,1,Prey,Shared,1
32,2,8,Prey,Shared,1
32,3,6,Prey,Shared,1
32,1,6,Prey,Shared,1
33,1,8,Prey,Shared,1
33,2,11,Prey,Shared,1
33,3,1,Prey,Shared,1
34,2,9,Prey,Shared,1
34,3,5,Prey,Shared,1
34,1,6,Prey,Shared,1
35,2,7,Prey,Shared,1
35,1,13,Prey,Shared,1
36,2,12,Prey,Shared,1
36,3,6,Prey,Shared,1
36,1,2,Prey,Shared,1
37,1,7,Prey,Shared,1
37,2,8,Prey,Shared,1
37,3,5,Prey,Shared,1
38,2,8,Prey,Shared,1
38,1,12,Prey,Shared,1
39,2,13,Prey,Shared,1
39,1,7,Prey,Shared,1
40,3,6,Prey,Shared,1
40,1,6,Prey,Shared,1
40,4,4,Prey,Shared,1
40,2,4,Prey,Shared,1
41,2,5,Prey,Shared,1
41,4,5,Prey,Shared,1
41,1,5,Prey,Shared,1
41,3,5,Prey,Shared,1
42,1,16,Prey,Shared,1
42,2,4,Prey,Shared,1
43,2,15,Prey,Shared,1
43,3,3,Prey,Shared,1
43,1,2,Prey,Shared,1
44,3,6,Prey,Shared,1
44,1,9,Prey,Shared,1
44,2,5,Prey,Shared,1
45,1,6,Prey,Shared,1
45,2,7,Prey,Shared,1
45,3,7,Prey,Shared,1
46,1,10,Prey,Shared,1
46,2,7,Prey,Shared,1
46,3,3,Prey,Shared,1
47,2,5,Prey,Shared,1
47,3,5,Prey,Shared,1
47,1,10,Prey,Shared,1
48,2,11,Prey,Shared,1
48,3,7,Prey,Shared,1
48,1,2,Prey,Shared,1
49,2,7,Prey,Shared,1
49,4,7,Prey,Shared,1
49,1,2,Prey,Shared,1
49,3,4,Prey,Shared,1
50,2,13,Prey,Shared,1
50,1,4,Prey,Shared,1
50,3,3,Prey,Shared,1
51,2,5,Prey,Shared,2
51,1,7,Prey,Shared,2
51,3,5,Prey,Shared,2
51,4,3,Prey,Shared,2
52,3,16,Prey,Shared,2
52,1,2,Prey,Shared,2
52,2,2,Prey,Shared,2
53,2,9,Prey,Shared,2
53,1,11,Prey,Shared,2
54,3,12,Prey,Shared,2
54,2,6,Prey,Shared,2
54,1,2,Prey,Shared,2
55,1,13,Prey,Shared,2
55,2,7,Prey,Shared,2
56,1,5,Prey,Shared,2
56,3,13,Prey,Shared,2
56,2,2,Prey,Shared,2
57,1,6,Prey,Shared,2
57,2,12,Prey,Shared,2
57,3,2,Prey,Shared,2
58,1,10,Prey,Shared,2
58,2,10,Prey,Shared,2
59,1,5,Prey,Shared,2
59,3,6,Prey,Shared,2
59,2,9,Prey,Shared,2
60,1,15,Prey,Shared,2
60,2,5,Prey,Shared,2
61,1,11,Prey,Shared,2
61,2,9,Prey,Shared,2
62,1,10,Prey,Shared,2
62,2,10,Prey,Shared,2
63,3,5,Prey,Shared,2
63,1,8,Prey,Shared,2
63,2,5,Prey,Shared,2
63,4,1,Prey,Shared,2
63,5,1,Prey,Shared,2
64,3,11,Prey,Shared,2
64,1,2,Prey,Shared,2
64,4,5,Prey,Shared,2
64,2,2,Prey,Shared,2
65,1,15,Prey,Shared,2
65,2,5,Prey,Shared,2
66,2,6,Prey,Shared,2
66,1,5,Prey,Shared,2
66,4,5,Prey,Shared,2
66,3,4,Prey,Shared,2
67,1,4,Prey,Shared,2
67,3,9,Prey,Shared,2
67,2,7,Prey,Shared,2
68,3,11,Prey,Shared,2
68,1,2,Prey,Shared,2
68,4,5,Prey,Shared,2
68,2,2,Prey,Shared,2
69,3,8,Prey,Shared,2
69,2,7,Prey,Shared,2
69,1,5,Prey,Shared,2
70,2,14,Prey,Shared,2
70,3,4,Prey,Shared,2
70,1,2,Prey,Shared,2
71,1,6,Prey,Shared,2
71,2,10,Prey,Shared,2
71,3,4,Prey,Shared,2
72,2,7,Prey,Shared,2
72,3,6,Prey,Shared,2
72,1,4,Prey,Shared,2
72,4,3,Prey,Shared,2
73,2,14,Prey,Shared,2
73,3,3,Prey,Shared,2
73,1,3,Prey,Shared,2
74,1,2,Prey,Shared,2
74,3,7,Prey,Shared,2
74,2,6,Prey,Shared,2
74,4,5,Prey,Shared,2
75,3,2,Prey,Shared,2
75,4,6,Prey,Shared,2
75,2,10,Prey,Shared,2
75,1,2,Prey,Shared,2
76,4,1,Prey,Shared,2
76,1,5,Prey,Shared,2
76,3,7,Prey,Shared,2
76,2,5,Prey,Shared,2
76,5,1,Prey,Shared,2
76,6,1,Prey,Shared,2
77,1,10,Prey,Shared,2
77,3,4,Prey,Shared,2
77,2,6,Prey,Shared,2
78,3,11,Prey,Shared,2
78,2,2,Prey,Shared,2
78,1,6,Prey,Shared,2
78,4,1,Prey,Shared,2
79,1,9,Prey,Shared,2
79,2,11,Prey,Shared,2
80,2,8,Prey,Shared,2
80,1,12,Prey,Shared,2
81,2,18,Prey,Shared,2
81,1,2,Prey,Shared,2
82,1,11,Prey,Shared,2
82,3,4,Prey,Shared,2
82,2,5,Prey,Shared,2
83,2,8,Prey,Shared,2
83,1,12,Prey,Shared,2
84,5,1,Prey,Shared,2
84,1,4,Prey,Shared,2
84,3,8,Prey,Shared,2
84,4,4,Prey,Shared,2
84,2,2,Prey,Shared,2
84,6,1,Prey,Shared,2
85,1,5,Prey,Shared,2
85,2,6,Prey,Shared,2
85,3,9,Prey,Shared,2
86,1,8,Prey,Shared,2
86,2,12,Prey,Shared,2
87,1,4,Prey,Shared,2
87,2,8,Prey,Shared,2
87,4,3,Prey,Shared,2
87,3,5,Prey,Shared,2
88,2,8,Prey,Shared,2
88,1,7,Prey,Shared,2
88,3,5,Prey,Shared,2
89,1,6,Prey,Shared,2
89,3,12,Prey,Shared,2
89,2,2,Prey,Shared,2
90,3,16,Prey,Shared,2
90,1,2,Prey,Shared,2
90,2,2,Prey,Shared,2
91,1,15,Prey,Shared,2
91,2,5,Prey,Shared,2
92,1,2,Prey,Shared,2
92,3,8,Prey,Shared,2
92,2,10,Prey,Shared,2
93,2,8,Prey,Shared,2
93,1,11,Prey,Shared,2
93,3,1,Prey,Shared,2
94,1,9,Prey,Shared,2
94,2,6,Prey,Shared,2
94,3,5,Prey,Shared,2
95,3,6,Prey,Shared,2
95,2,9,Prey,Shared,2
95,1,5,Prey,Shared,2
96,1,13,Prey,Shared,2
96,2,7,Prey,Shared,2
97,2,18,Prey,Shared,2
97,1,2,Prey,Shared,2
98,2,4,Prey,Shared,2
98,3,5,Prey,Shared,2
98,1,7,Prey,Shared,2
98,4,1,Prey,Shared,2
98,5,1,Prey,Shared,2
98,6,1,Prey,Shared,2
98,7,1,Prey,Shared,2
99,1,11,Prey,Shared,2
99,3,4,Prey,Shared,2
99,2,5,Prey,Shared,2
100,1,4,Prey,Shared,2
100,4,3,Prey,Shared,2
100,2,8,Prey,Shared,2
100,3,5,Prey,Shared,2
101,1,10,Prey,Shared,3
101,3,7,Prey,Shared,3
101,2,3,Prey,Shared,3
102,3,9,Prey,Shared,3
102,1,2,Prey,Shared,3
102,2,9,Prey,Shared,3
103,1,5,Prey,Shared,3
103,3,10,Prey,Shared,3
103,2,5,Prey,Shared,3
104,1,10,Prey,Shared,3
104,2,10,Prey,Shared,3
105,3,6,Prey,Shared,3
105,2,12,Prey,Shared,3
105,1,2,Prey,Shared,3
106,1,9,Prey,Shared,3
106,4,1,Prey,Shared,3
106,3,2,Prey,Shared,3
106,5,1,Prey,Shared,3
106,2,6,Prey,Shared,3
106,6,1,Prey,Shared,3
107,2,6,Prey,Shared,3
107,1,10,Prey,Shared,3
107,3,4,Prey,Shared,3
108,2,18,Prey,Shared,3
108,1,2,Prey,Shared,3
109,1,8,Prey,Shared,3
109,2,9,Prey,Shared,3
109,3,3,Prey,Shared,3
110,2,5,Prey,Shared,3
110,1,8,Prey,Shared,3
110,3,7,Prey,Shared,3
111,2,5,Prey,Shared,3
111,3,3,Prey,Shared,3
111,4,7,Prey,Shared,3
111,1,5,Prey,Shared,3
112,1,6,Prey,Shared,3
112,2,14,Prey,Shared,3
113,2,18,Prey,Shared,3
113,1,2,Prey,Shared,3
114,1,8,Prey,Shared,3
114,3,6,Prey,Shared,3
114,2,6,Prey,Shared,3
115,3,4,Prey,Shared,3
115,1,9,Prey,Shared,3
115,2,5,Prey,Shared,3
115,4,1,Prey,Shared,3
115,5,1,Prey,Shared,3
116,4,9,Prey,Shared,3
116,3,4,Prey,Shared,3
116,2,4,Prey,Shared,3
116,1,3,Prey,Shared,3
117,1,8,Prey,Shared,3
117,2,4,Prey,Shared,3
117,3,8,Prey,Shared,3
118,3,6,Prey,Shared,3
118,1,9,Prey,Shared,3
118,2,5,Prey,Shared,3
119,3,4,Prey,Shared,3
119,2,10,Prey,Shared,3
119,1,6,Prey,Shared,3
120,2,15,Prey,Shared,3
120,1,2,Prey,Shared,3
120,3,3,Prey,Shared,3
121,3,6,Prey,Shared,3
121,2,12,Prey,Shared,3
121,1,2,Prey,Shared,3
122,1,14,Prey,Shared,3
122,2,6,Prey,Shared,3
123,2,10,Prey,Shared,3
123,1,10,Prey,Shared,3
124,3,3,Prey,Shared,3
124,1,5,Prey,Shared,3
124,2,7,Prey,Shared,3
124,4,2,Prey,Shared,3
124,5,1,Prey,Shared,3
124,6,1,Prey,Shared,3
124,7,1,Prey,Shared,3
125,3,5,Prey,Shared,3
125,2,8,Prey,Shared,3
125,1,7,Prey,Shared,3
126,2,5,Prey,Shared,3
126,3,8,Prey,Shared,3
126,1,7,Prey,Shared,3
127,2,15,Prey,Shared,3
127,1,2,Prey,Shared,3
127,3,3,Prey,Shared,3
128,2,3,Prey,Shared,3
128,1,6,Prey,Shared,3
128,4,7,Prey,Shared,3
128,5,1,Prey,Shared,3
128,3,2,Prey,Shared,3
128,6,1,Prey,Shared,3
129,3,7,Prey,Shared,3
129,2,9,Prey,Shared,3
129,1,4,Prey,Shared,3
130,1,5,Prey,Shared,3
130,3,6,Prey,Shared,3
130,2,6,Prey,Shared,3
130,4,1,Prey,Shared,3
130,5,1,Prey,Shared,3
130,6,1,Prey,Shared,3
131,6,4,Prey,Shared,3
131,3,2,Prey,Shared,3
131,1,5,Prey,Shared,3
131,5,3,Prey,Shared,3
131,2,4,Prey,Shared,3
131,4,2,Prey,Shared,3
132,3,5,Prey,Shared,3
132,2,12,Prey,Shared,3
132,1,3,Prey,Shared,3
133,2,5,Prey,Shared,3
133,3,4,Prey,Shared,3
133,1,9,Prey,Shared,3
133,4,2,Prey,Shared,3
134,1,9,Prey,Shared,3
134,2,8,Prey,Shared,3
134,3,3,Prey,Shared,3
135,1,11,Prey,Shared,3
135,2,9,Prey,Shared,3
136,2,8,Prey,Shared,3
136,1,8,Prey,Shared,3
136,3,4,Prey,Shared,3
137,2,13,Prey,Shared,3
137,1,4,Prey,Shared,3
137,3,3,Prey,Shared,3
138,1,12,Prey,Shared,3
138,2,6,Prey,Shared,3
138,3,1,Prey,Shared,3
138,4,1,Prey,Shared,3
139,3,9,Prey,Shared,3
139,2,9,Prey,Shared,3
139,1,2,Prey,Shared,3
140,2,10,Prey,Shared,3
140,1,10,Prey,Shared,3
141,4,4,Prey,Shared,3
141,1,8,Prey,Shared,3
141,3,5,Prey,Shared,3
141,2,3,Prey,Shared,3
142,4,5,Prey,Shared,3
142,1,7,Prey,Shared,3
142,3,4,Prey,Shared,3
142,2,4,Prey,Shared,3
143,2,7,Prey,Shared,3
143,1,10,Prey,Shared,3
143,3,3,Prey,Shared,3
144,3,8,Prey,Shared,3
144,1,4,Prey,Shared,3
144,2,8,Prey,Shared,3
145,2,18,Prey,Shared,3
145,1,2,Prey,Shared,3
146,2,16,Prey,Shared,3
146,1,4,Prey,Shared,3
147,1,14,Prey,Shared,3
147,2,6,Prey,Shared,3
148,1,8,Prey,Shared,3
148,3,6,Prey,Shared,3
148,2,6,Prey,Shared,3
149,2,8,Prey,Shared,3
149,3,5,Prey,Shared,3
149,1,7,Prey,Shared,3
150,2,13,Prey,Shared,3
150,3,3,Prey,Shared,3
150,1,2,Prey,Shared,3
150,4,1,Prey,Shared,3
150,5,1,Prey,Shared,3
151,1,9,Prey,Shared,4
151,3,4,Prey,Shared,4
151,2,7,Prey,Shared,4
152,2,11,Prey,Shared,4
152,1,9,Prey,Shared,4
153,2,7,Prey,Shared,4
153,1,8,Prey,Shared,4
153,3,5,Prey,Shared,4
154,2,12,Prey,Shared,4
154,1,8,Prey,Shared,4
155,2,8,Prey,Shared,4
155,3,9,Prey,Shared,4
155,1,3,Prey,Shared,4
156,2,7,Prey,Shared,4
156,4,6,Prey,Shared,4
156,5,1,Prey,Shared,4
156,6,1,Prey,Shared,4
156,3,2,Prey,Shared,4
156,1,2,Prey,Shared,4
156,7,1,Prey,Shared,4
157,2,6,Prey,Shared,4
157,3,8,Prey,Shared,4
157,1,4,Prey,Shared,4
157,4,1,Prey,Shared,4
157,5,1,Prey,Shared,4
158,2,8,Prey,Shared,4
158,1,7,Prey,Shared,4
158,3,5,Prey,Shared,4
159,2,3,Prey,Shared,4
159,4,6,Prey,Shared,4
159,5,3,Prey,Shared,4
159,1,4,Prey,Shared,4
159,3,4,Prey,Shared,4
160,2,12,Prey,Shared,4
160,1,3,Prey,Shared,4
160,3,5,Prey,Shared,4
161,2,3,Prey,Shared,4
161,1,5,Prey,Shared,4
161,3,5,Prey,Shared,4
161,4,4,Prey,Shared,4
161,5,3,Prey,Shared,4
162,4,4,Prey,Shared,4
162,1,6,Prey,Shared,4
162,2,5,Prey,Shared,4
162,3,5,Prey,Shared,4
163,1,5,Prey,Shared,4
163,2,13,Prey,Shared,4
163,3,2,Prey,Shared,4
164,3,7,Prey,Shared,4
164,1,7,Prey,Shared,4
164,4,2,Prey,Shared,4
164,2,4,Prey,Shared,4
165,1,7,Prey,Shared,4
165,4,3,Prey,Shared,4
165,2,6,Prey,Shared,4
165,3,4,Prey,Shared,4
166,2,15,Prey,Shared,4
166,3,3,Prey,Shared,4
166,1,2,Prey,Shared,4
167,3,8,Prey,Shared,4
167,1,6,Prey,Shared,4
167,2,6,Prey,Shared,4
168,2,9,Prey,Shared,4
168,1,7,Prey,Shared,4
168,3,4,Prey,Shared,4
169,3,5,Prey,Shared,4
169,4,2,Prey,Shared,4
169,2,4,Prey,Shared,4
169,1,7,Prey,Shared,4
169,5,1,Prey,Shared,4
169,6,1,Prey,Shared,4
170,2,9,Prey,Shared,4
170,1,6,Prey,Shared,4
170,4,1,Prey,Shared,4
170,3,4,Prey,Shared,4
171,1,10,Prey,Shared,4
171,3,3,Prey,Shared,4
171,4,3,Prey,Shared,4
171,2,4,Prey,Shared,4
172,3,3,Prey,Shared,4
172,1,2,Prey,Shared,4
172,2,15,Prey,Shared,4
173,3,6,Prey,Shared,4
173,4,4,Prey,Shared,4
173,2,5,Prey,Shared,4
173,1,5,Prey,Shared,4
174,2,11,Prey,Shared,4
174,1,9,Prey,Shared,4
175,2,8,Prey,Shared,4
175,4,5,Prey,Shared,4
175,1,3,Prey,Shared,4
175,3,4,Prey,Shared,4
176,2,14,Prey,Shared,4
176,1,6,Prey,Shared,4
177,3,7,Prey,Shared,4
177,1,5,Prey,Shared,4
177,2,8,Prey,Shared,4
178,2,13,Prey,Shared,4
178,1,7,Prey,Shared,4
179,3,13,Prey,Shared,4
179,1,3,Prey,Shared,4
179,2,4,Prey,Shared,4
180,1,10,Prey,Shared,4
180,2,10,Prey,Shared,4
181,2,6,Prey,Shared,4
181,3,3,Prey,Shared,4
181,4,5,Prey,Shared,4
181,1,2,Prey,Shared,4
181,5,4,Prey,Shared,4
182,2,15,Prey,Shared,4
182,3,3,Prey,Shared,4
182,1,2,Prey,Shared,4
183,2,13,Prey,Shared,4
183,1,7,Prey,Shared,4
184,1,9,Prey,Shared,4
184,2,6,Prey,Shared,4
184,3,5,Prey,Shared,4
185,2,6,Prey,Shared,4
185,1,5,Prey,Shared,4
185,3,7,Prey,Shared,4
185,4,2,Prey,Shared,4
186,4,5,Prey,Shared,4
186,2,5,Prey,Shared,4
186,3,8,Prey,Shared,4
186,1,2,Prey,Shared,4
187,1,10,Prey,Shared,4
187,3,5,Prey,Shared,4
187,2,5,Prey,Shared,4
188,4,7,Prey,Shared,4
188,1,5,Prey,Shared,4
188,2,4,Prey,Shared,4
188,3,4,Prey,Shared,4
189,2,7,Prey,Shared,4
189,3,3,Prey,Shared,4
189,5,1,Prey,Shared,4
189,1,7,Prey,Shared,4
189,4,2,Prey,Shared,4
190,1,10,Prey,Shared,4
190,3,7,Prey,Shared,4
190,2,3,Prey,Shared,4
191,4,5,Prey,Shared,4
191,3,3,Prey,Shared,4
191,1,8,Prey,Shared,4
191,2,3,Prey,Shared,4
191,5,1,Prey,Shared,4
192,1,9,Prey,Shared,4
192,2,11,Prey,Shared,4
193,5,5,Prey,Shared,4
193,3,2,Prey,Shared,4
193,2,4,Prey,Shared,4
193,4,7,Prey,Shared,4
193,1,2,Prey,Shared,4
194,2,5,Prey,Shared,4
194,1,5,Prey,Shared,4
194,3,5,Prey,Shared,4
194,4,5,Prey,Shared,4
195,1,10,Prey,Shared,4
195,3,5,Prey,Shared,4
195,2,3,Prey,Shared,4
195,4,2,Prey,Shared,4
196,4,7,Prey,Shared,4
196,1,6,Prey,Shared,4
196,3,3,Prey,Shared,4
196,2,4,Prey,Shared,4
197,1,7,Prey,Shared,4
197,2,7,Prey,Shared,4
197,3,3,Prey,Shared,4
197,4,3,Prey,Shared,4
198,2,9,Prey,Shared,4
198,1,2,Prey,Shared,4
198,3,9,Prey,Shared,4
199,2,10,Prey,Shared,4
199,1,3,Prey,Shared,4
199,3,7,Prey,Shared,4
200,2,7,Prey,Shared,4
200,1,9,Prey,Shared,4
200,3,4,Prey,Shared,4
